Komentar_Asli,Komentar_Labeling,Komentar_Bersih
Saya pake samsung M31 udah 6 tahun masih oke 😁,Saya pake samsung M31 udah 6 tahun masih oke 😁,pake samsung m31 tahun masih oke
"setelah bertahun2 pake samsung dari jaman galaxy young, akhirnya memilih move on dr samsung dan beralih ke vivo x300😊","setelah bertahun2 pake samsung dari jaman galaxy young, akhirnya memilih move on dr samsung dan beralih ke vivo x300😊",telah bertahun2 pake samsung jaman galaxy young akhir pilih move on samsung alih vivo x300
Gw yg nonton pake a54😌,Gw yg nonton pake a54😌,gw nonton pake a54
Punya S22 baru pakai 2 tahun udah diserang 2 lightsiber... 😅,Punya S22 baru pakai 2 tahun udah diserang 2 lightsiber... 😅,punya s22 baru pakai tahun serang lightsiber
"samsung a52 aku dr 2020/2021 gt baru tumbang 2026 krn keteledoran ku sih kena air itu juga wkwkwk jadinya lcd kena bisa disentuh tp lari2 kt klik apa keluar apa. body udah gompel2, layar ujung udah retak, backdrop udh lepas, tp kamera masih ttp okee??! 

cmn skrg aku ganti a57 ini krn urgent dan sesuai budget aku beli 12 gb/256 di harga 6,4jt. so far puas sih karena kebutuhan aku cmn hp daily aja bukan main game/konten. kek berasa jauh bgt upgradenya kalau dr a52 kameranya jernih, layar nyaman, dan PALING JUARA TUH FEEL DITANGAN bener kt mas david wkwkwk","samsung a52 aku dr 2020/2021 gt baru tumbang 2026 krn keteledoran ku sih kena air itu juga wkwkwk jadinya lcd kena bisa disentuh tp lari2 kt klik apa keluar apa. body udah gompel2, layar ujung udah retak, backdrop udh lepas, tp kamera masih ttp okee??! cmn skrg aku ganti a57 ini krn urgent dan sesuai budget aku beli 12 gb/256 di harga 6,4jt. so far puas sih karena kebutuhan aku cmn hp daily aja bukan main game/konten. kek berasa jauh bgt upgradenya kalau dr a52 kameranya jernih, layar nyaman, dan PALING JUARA TUH FEEL DITANGAN bener kt mas david wkwkwk",samsung a52 aku 2020 2021 gt baru tumbang 2026 karena teledor ku sih kena air juga wkwkwk jadi lcd kena sentuh lari2 kt klik apa keluar apa body gompel2 layar ujung retak backdrop lepas kamera masih ttp okee cmn skrg aku ganti a57 karena urgent sesuai budget aku beli 12 gb 256 harga 4jt so far puas sih karena butuh aku cmn handphone daily bukan main game konten kek asa jauh banget upgradenya a52 kamera jernih layar nyaman paling juara tuh feel tang bener kt mas david wkwkwk
"Nonton ini pake a57, enak enak aja dipegang lama juga ga bikin pegel, tipis, layar cakep, performa stabil.","Nonton ini pake a57, enak enak aja dipegang lama juga ga bikin pegel, tipis, layar cakep, performa stabil.",nonton pake a57 enak enak pegang lama juga tidak bikin gel tipis layar cakep performa stabil
Pengguna Samsung A56. Beli tahun ini under 7 juta. So far so good dan puas..,Pengguna Samsung A56. Beli tahun ini under 7 juta. So far so good dan puas..,guna samsung a56 beli tahun under juta so far so good puas
"BUAT TEMEN"" PLISSSS JAGA HP KALIAN JANGAN SAMPE RUSAKKKK... KALO KALIAN BELI HP TAHUN INI SANGAT TIDAK WORTH IT 😂😂","BUAT TEMEN"" PLISSSS JAGA HP KALIAN JANGAN SAMPE RUSAKKKK... KALO KALIAN BELI HP TAHUN INI SANGAT TIDAK WORTH IT 😂😂",buat temen plissss jaga handphone kalian jangan sampe rusakkkk kalian beli handphone tahun sangat tidak bagus
Bng samsung a17,Bng samsung a17,bng samsung a17
"kelebihannya : memang bagus soal designnya,hp samsung kaya iphone modelnya.simple bgus.

kekurangannya : cuma pelit ram doang sama internalnya

beda sama poco ,ram sama internalnya gede.cocok buat game .
video 4k jg ok

cuma cpt panas aja itu doang kekurangannya 
semua hp memang ada plus minusnya 😂","kelebihannya : memang bagus soal designnya,hp samsung kaya iphone modelnya.simple bgus. kekurangannya : cuma pelit ram doang sama internalnya beda sama poco ,ram sama internalnya gede.cocok buat game . video 4k jg ok cuma cpt panas aja itu doang kekurangannya semua hp memang ada plus minusnya 😂",lebih memang bagus soal designnya handphone samsung kaya iphone model simple bgus kurang cuma pelit ram doang sama internal beda sama poco ram sama internal gede cocok buat game video 4k juga ok cuma cpt panas doang kurang semua handphone memang plus minus
saya kurang suka prosesornya bang aku lebih suka snapdragon nyaman aja,saya kurang suka prosesornya bang aku lebih suka snapdragon nyaman aja,kurang suka prosesor aku lebih suka snapdragon nyaman
"nonton teruuss beli kagak
rasa  pengen hp ini
pas lihat harga mundur😂",nonton teruuss beli kagak rasa pengen hp ini pas lihat harga mundur😂,nonton teruuss beli kagak rasa ken handphone pas lihat harga mundur
"Jujur aku biasa pake oppo sama vivo series y baterai a57 berasa boros bgt emng, karena ga terlalu sering dipake tp turunnya cepet bgt. Emng beda kapasitas sih, vivoku 6700mah samsung 5000mah","Jujur aku biasa pake oppo sama vivo series y baterai a57 berasa boros bgt emng, karena ga terlalu sering dipake tp turunnya cepet bgt. Emng beda kapasitas sih, vivoku 6700mah samsung 5000mah",jujur aku biasa pake oppo sama vivo series baterai a57 asa boros banget emng karena tidak terlalu sering dipake turun cepet banget emng beda kapasitas sih vivoku 6700mah samsung 5000mah
"Aku nonton ini pake A55, gak minat upgrade karena hape aku masih bagus banget 😂","Aku nonton ini pake A55, gak minat upgrade karena hape aku masih bagus banget 😂",aku nonton pake a55 tidak minat upgrade karena hape aku masih bagus banget
Bang coba compare in  a27 yang launching sekarang sama a37 sama a57 plese @gadegetin,Bang coba compare in a27 yang launching sekarang sama a37 sama a57 plese @gadegetin,coba compare in a27 launching sekarang sama a37 sama a57 plese gadegetin
"A50s ku udh matot stelah 8 tahun bersama 😂
Apakah ganti ke sini😮",A50s ku udh matot stelah 8 tahun bersama 😂 Apakah ganti ke sini😮,a50s ku matot stelah tahun sama apakah ganti sini
bang David samsung m18 5g bang kalo udah keluar,bang David samsung m18 5g bang kalo udah keluar,david samsung m18 5g keluar
nyimak pakai a52......wkkwkwk,nyimak pakai a52......wkkwkwk,nyimak pakai a52 wkkwkwk
Sya pke a31 hpnya awet bgt smpe skg lho,Sya pke a31 hpnya awet bgt smpe skg lho,sya pke a31 hpnya awet banget smpe skg lho
Isu lightsiber bagaimana kak? Apalagi ini super amoled plus😢,Isu lightsiber bagaimana kak? Apalagi ini super amoled plus😢,isu lightsiber bagaimana kak apalagi super amoled plus
"Alhamdulillah saat ini aku masi mengutamakan fungsi, bukan GENGSI..;)","Alhamdulillah saat ini aku masi mengutamakan fungsi, bukan GENGSI..;)",alhamdulillah saat aku mas utama fungsi bukan gengsi
Banyak sekali-sekali review hp ku dong Oppo 57 jangan bahas bahas tentang dia kaya meniru Oppo a57 nggak,Banyak sekali-sekali review hp ku dong Oppo 57 jangan bahas bahas tentang dia kaya meniru Oppo a57 nggak,banyak sekali sekali review handphone ku dong oppo 57 jangan bahas bahas tentang dia kaya tiru oppo a57 tidak
"Sempet liat hape punya pesantren yang A55 5G, aku diamanahin jadi bagian media, pas dipake ngedit enak, video nya smooth, jadi tertarik mau beli.

Pas di cek di store ternyata sudah sampai keluaran terbaru sudah A57 5G.

Menurut kalian aku harus beli yang terbaru atau yang A55 aja ya?","Sempet liat hape punya pesantren yang A55 5G, aku diamanahin jadi bagian media, pas dipake ngedit enak, video nya smooth, jadi tertarik mau beli. Pas di cek di store ternyata sudah sampai keluaran terbaru sudah A57 5G. Menurut kalian aku harus beli yang terbaru atau yang A55 aja ya?",sempet liat hape punya pesantren a55 5g aku diamanahin jadi bagi media pas dipake ngedit enak video smooth jadi tarik mau beli pas cek store nyata sampai keluar baru a57 5g turut kalian aku harus beli baru a55
Aku bangga aja pakai hp tablet SAMSUNG setelah soni ericson nokia motorola dll hilang,Aku bangga aja pakai hp tablet SAMSUNG setelah soni ericson nokia motorola dll hilang,aku bangga pakai handphone tablet samsung telah soni ericson nokia motorola dll hilang
mending beli ini apa second ip 13 buat kamera,mending beli ini apa second ip 13 buat kamera,mending beli apa second ip 13 buat kamera
Alhamdulillah sekarang nonton pakai A57 ❤,Alhamdulillah sekarang nonton pakai A57 ❤,alhamdulillah sekarang nonton pakai a57
nyesel beli samsung seri s. penyakitnya keluar garis pink. udah ganti lcd baru eh 2 tahun nongol lagi padahal hp ga pernah jatuh,nyesel beli samsung seri s. penyakitnya keluar garis pink. udah ganti lcd baru eh 2 tahun nongol lagi padahal hp ga pernah jatuh,nyesel beli samsung seri sakit keluar garis pink ganti lcd baru eh tahun nongol lagi padahal handphone tidak pernah jatuh
Masih pake  J5Pro,Masih pake J5Pro,masih pake j5pro
Aku nonton dari yutub hp Samsung A57 baru ku,Aku nonton dari yutub hp Samsung A57 baru ku,aku nonton yutub handphone samsung a57 baru ku
Bentuknya membosankan,Bentuknya membosankan,bentuk bosan
gw masih a53😊,gw masih a53😊,gw masih a53
Inti nya samsung ini kenyamanan pengguna daripada brand2 lain si,Inti nya samsung ini kenyamanan pengguna daripada brand2 lain si,inti samsung nyaman guna daripada brand2 lain si
Dijual gak bang itu bekas reviewnya? hehe,Dijual gak bang itu bekas reviewnya? hehe,jual tidak bekas reviewnya hehe
nonton pakai A90 5g,nonton pakai A90 5g,nonton pakai a90 5g
Nonton video ini pake A52 yang baru Rusak Lcd setelah 6 tahun pemakaian😂,Nonton video ini pake A52 yang baru Rusak Lcd setelah 6 tahun pemakaian😂,nonton video pake a52 baru rusak lcd telah tahun pakai
Kan a56 bisa sampe 2031 berarti ini bisa smape 2032?,Kan a56 bisa sampe 2031 berarti ini bisa smape 2032?,kan a56 sampe 2031 arti smape 2032
Nunggu second 2 jt,Nunggu second 2 jt,nunggu second jt
"A57 8/128 beli Samsung official store toko orange 5,7 bang😍","A57 8/128 beli Samsung official store toko orange 5,7 bang😍",a57 128 beli samsung official store toko orange
"Males pake hp china, blm 1thn udh harus reset  di servicecenter dan semua data hilang","Males pake hp china, blm 1thn udh harus reset di servicecenter dan semua data hilang",males pake handphone china blm 1thn harus reset servicecenter semua data hilang
Nonton ini dengan A33 😅,Nonton ini dengan A33 😅,nonton a33
"pake A50 sejak 2019, awal 2026 rusak kehujanan, kayanya saatnya ganti ke A57 kali ya","pake A50 sejak 2019, awal 2026 rusak kehujanan, kayanya saatnya ganti ke A57 kali ya",pake a50 sejak 2019 awal 2026 rusak hujan kaya saat ganti a57 kali
"Samsung awet sih.. Masih pake S9+ satu2nya hape, sampe hari ini.. sudah 8 tahun.","Samsung awet sih.. Masih pake S9+ satu2nya hape, sampe hari ini.. sudah 8 tahun.",samsung awet sih masih pake s9 satu2nya hape sampe hari tahun
Nonton ini pake samsung a57. Semoga kalian dimudahkan juga membelinya aamiin,Nonton ini pake samsung a57. Semoga kalian dimudahkan juga membelinya aamiin,nonton pake samsung a57 moga kalian mudah juga bel aamiin
semoga bisa kebeli. amin yra,semoga bisa kebeli. amin yra,moga kebel amin yra
Kesini gara-gara Rizky Riplay yang Cowok Stalker,Kesini gara-gara Rizky Riplay yang Cowok Stalker,kesini gara gara rizky riplay cowok stalker
di hkg $4000,di hkg $4000,hkg 4000
"bang david, saya tau harga samsung a57/6 beda jauh sama xiaomi redmi note 15 pro 5g, hanya ingin menanyakan mending a57/6 atau renot 15 pro 4g?","bang david, saya tau harga samsung a57/6 beda jauh sama xiaomi redmi note 15 pro 5g, hanya ingin menanyakan mending a57/6 atau renot 15 pro 4g?",david tau harga samsung a57 beda jauh sama xiaomi redmi note 15 pro 5g hanya ingin tanya mending a57 renot 15 pro 4g
"samsung paling anomali di baterai yg masih stuck di 5000 mah, padahal mereka duluan yg ngeluarin hp 7000 mah (Samsung M51) dan itu udah 6 tahun lalu. .
sekarang hp² lain udah nyusul, Samsung malah mundur. . --'","samsung paling anomali di baterai yg masih stuck di 5000 mah, padahal mereka duluan yg ngeluarin hp 7000 mah (Samsung M51) dan itu udah 6 tahun lalu. . sekarang hp² lain udah nyusul, Samsung malah mundur. . --'",samsung paling anomali baterai masih stuck 5000 mah padahal duluan ngeluarin handphone 7000 mah samsung m51 tahun lalu sekarang handphone lain nyusul samsung malah mundur
"Gile dlu samsung A5 series 4.5jtaan pernah beli yg A5 2016, skrng udh kek flagship 7-8jt njirrrrrr makin nga ngotak samsung ksh harga","Gile dlu samsung A5 series 4.5jtaan pernah beli yg A5 2016, skrng udh kek flagship 7-8jt njirrrrrr makin nga ngotak samsung ksh harga",gile dlu samsung a5 series 5jtaan pernah beli a5 2016 skrng kek flagship 8jt njirrrrrr makin nga ngotak samsung ksh harga
"Ini hp agak kocak sih aku pake main game PUBG,, di setting perfome malah patah² FPS Drop bisa 40, di setting hemat daya malah lancar FPS stabil di 55-60 kadang malah bisa naik😂😂","Ini hp agak kocak sih aku pake main game PUBG,, di setting perfome malah patah² FPS Drop bisa 40, di setting hemat daya malah lancar FPS stabil di 55-60 kadang malah bisa naik😂😂",handphone agak kocak sih aku pake main game pubg setting perfome malah patah fps drop 40 setting hemat daya malah lancar fps stabil 55 60 kadang malah naik
Tar jg hamil ari ari ❤,Tar jg hamil ari ari ❤,tar juga hamil ari ari
Saya masih menggunakan A22 5G di 2026. 😂,Saya masih menggunakan A22 5G di 2026. 😂,masih guna a22 5g 2026
"Baru beli a57 ditoko oren sehari lalu, gila toko offline ngejual dengan harta nggak ngotak dan gila gilaan mungkin karena isu pasokan ram dan storage yang lagi langka, bokap saya tahun lalu saya beliin a56 sekarang harganya makin naik hehe","Baru beli a57 ditoko oren sehari lalu, gila toko offline ngejual dengan harta nggak ngotak dan gila gilaan mungkin karena isu pasokan ram dan storage yang lagi langka, bokap saya tahun lalu saya beliin a56 sekarang harganya makin naik hehe",baru beli a57 toko oren hari lalu gila toko offline ngejual harta tidak ngotak gila gila mungkin karena isu pasok ram storage lagi langka bokap tahun lalu beliin a56 sekarang harga makin naik hehe
"Sebagus - bagusnya samsung, semahal - mahalnya Samsung, tetap baterai gak pernah nembus lebih dari 5000 mah. Ada paling bisa dihitung dengan jari. Upgrade bisa jadi poin untuk pemakaian jangka panjang. Tapi jika tidak dikasih pendingin, malah sering demam. Jika demamnya terlalu panas, muncul notifikasi.","Sebagus - bagusnya samsung, semahal - mahalnya Samsung, tetap baterai gak pernah nembus lebih dari 5000 mah. Ada paling bisa dihitung dengan jari. Upgrade bisa jadi poin untuk pemakaian jangka panjang. Tapi jika tidak dikasih pendingin, malah sering demam. Jika demamnya terlalu panas, muncul notifikasi.",bagus bagus samsung mahal mahal samsung tetap baterai tidak pernah nembus lebih 5000 mah paling hitung jari upgrade jadi poin pakai jangka panjang jika tidak kasih dingin malah sering demam jika demam terlalu panas muncul notifikasi
kalo dengan oppo 15 pro max mending mana ya ?,kalo dengan oppo 15 pro max mending mana ya ?,oppo 15 pro max mending mana
"nonton doang beli kaga, sedih bangettt","nonton doang beli kaga, sedih bangettt",nonton doang beli kaga sedih bangettt
A57 fitur dex tutornya om,A57 fitur dex tutornya om,a57 fitur dex tutor om
Bg coba anboxing galaxy a16 pow patrol,Bg coba anboxing galaxy a16 pow patrol,bg coba anboxing galaxy a16 pow patrol
Kalo dipake ojol trus dbawa ujanan aman gk sih biar gk usah pake case watterprof lg 😁,Kalo dipake ojol trus dbawa ujanan aman gk sih biar gk usah pake case watterprof lg 😁,dipake ojol trus dbawa ujanan aman tidak sih tidak usah pake case watterprof lg
Sangat Bagus dan mantap,Sangat Bagus dan mantap,sangat bagus mantap
"Bingung,,, samsung a57 atau xiomi 17t..","Bingung,,, samsung a57 atau xiomi 17t..",bingung samsung a57 xiomi 17t
Gitu² aja model nya,Gitu² aja model nya,gitu model
mending tu kamera makro d hapus aja napa wkwkw kaga ada gunanya anj  brand brand lain aja kelas midrange uda ga pake macro haha,mending tu kamera makro d hapus aja napa wkwkw kaga ada gunanya anj brand brand lain aja kelas midrange uda ga pake macro haha,mending tu kamera makro hapus napa wkwkw kaga guna anj brand brand lain kelas midrange uda tidak pake macro haha
"Maaf inimah minta saran dan pandangan jangan di hujat, saya pengguna iPhone 14 bosen di iPhone terus coba bandingin sama hp Samsung a57 5g nah gimana nih rekomendasi ngga","Maaf inimah minta saran dan pandangan jangan di hujat, saya pengguna iPhone 14 bosen di iPhone terus coba bandingin sama hp Samsung a57 5g nah gimana nih rekomendasi ngga",maaf inimah minta saran pandang jangan hujat guna iphone 14 bosen iphone terus coba bandingin sama handphone samsung a57 5g nah gimana nih rekomendasi ngga
"chekout dulu hp nya, baru liat review","chekout dulu hp nya, baru liat review",chekout dulu handphone baru liat review
"bang,mending a57 apa s23 fe?","bang,mending a57 apa s23 fe?",mending a57 apa s23 fe
Salam semua sehat selamat sukses sejahtera selalu❤🙏🇮🇩,Salam semua sehat selamat sukses sejahtera selalu❤🙏🇮🇩,salam semua sehat selamat sukses sejahtera selalu
"Saya nonton ini untuk update informasi aja,
Dan masih bertahan dengan A53 😂","Saya nonton ini untuk update informasi aja, Dan masih bertahan dengan A53 😂",nonton update informasi masih tahan a53
Sangat membantu ....upgrade pengetahuan juga 👍,Sangat membantu ....upgrade pengetahuan juga 👍,sangat bantu upgrade tahu juga
"Daridulu gonta-ganti brand, cuman samsung yang bikin nyaman. Terutama dibagian UI sama systemnya. Stabil banget","Daridulu gonta-ganti brand, cuman samsung yang bikin nyaman. Terutama dibagian UI sama systemnya. Stabil banget",daridulu gonta ganti brand cuman samsung bikin nyaman utama bagi ui sama systemnya stabil banget
samsung sekarang zona nyaman menurut saya sekarang seri midnya kurang ada inovasi yang wah,samsung sekarang zona nyaman menurut saya sekarang seri midnya kurang ada inovasi yang wah,samsung sekarang zona nyaman turut sekarang seri midnya kurang inovasi wah
Bang minta saran dong mending beli yg seri A57 5G ato yg s24 FE.. rencana mau nyari Samsung Ahir bulan😁,Bang minta saran dong mending beli yg seri A57 5G ato yg s24 FE.. rencana mau nyari Samsung Ahir bulan😁,minta saran dong mending beli seri a57 5g ato s24 fe rencana mau nyari samsung ahir bulan
"Samsung A22 4G gue noh masih bagus, dari 2021 masih aman, minus penyimpanan doang 😅","Samsung A22 4G gue noh masih bagus, dari 2021 masih aman, minus penyimpanan doang 😅",samsung a22 4g gue noh masih bagus 2021 masih aman minus simpan doang
Nonton make A54,Nonton make A54,nonton make a54
"Samsung Galaxy A50, A51, A52, A53, A54, A55, A56, A57, A58, A59, A60

Samsung Galaxy A30, A31, A32, A33, A34, A35, A36, A37, A38, A39, A40

Samsung Galaxy A20, A21, A22, A23, A24, A25, A26, A27, A28, A29

Samsung Galaxy A10, A11, A12, A13, A14, A15, A16, A17, A18, A19

Samsung Galaxy A01, A02, A03, A04, A05, A06, A07, A08, A09","Samsung Galaxy A50, A51, A52, A53, A54, A55, A56, A57, A58, A59, A60 Samsung Galaxy A30, A31, A32, A33, A34, A35, A36, A37, A38, A39, A40 Samsung Galaxy A20, A21, A22, A23, A24, A25, A26, A27, A28, A29 Samsung Galaxy A10, A11, A12, A13, A14, A15, A16, A17, A18, A19 Samsung Galaxy A01, A02, A03, A04, A05, A06, A07, A08, A09",samsung galaxy a50 a51 a52 a53 a54 a55 a56 a57 a58 a59 a60 samsung galaxy a30 a31 a32 a33 a34 a35 a36 a37 a38 a39 a40 samsung galaxy a20 a21 a22 a23 a24 a25 a26 a27 a28 a29 samsung galaxy a10 a11 a12 a13 a14 a15 a16 a17 a18 a19 samsung galaxy a01 a02 a03 a04 a05 a06 a07 a08 a09
Sekarang banyak review yang fokus ke spesifikasi dan benchmark. Yang lebih susah dicari justru rangkuman pengalaman pengguna dari berbagai platform. Kadang keluhan yang sama muncul berulang kali tapi tersebar di banyak tempat sehingga tidak kelihatan polanya.,Sekarang banyak review yang fokus ke spesifikasi dan benchmark. Yang lebih susah dicari justru rangkuman pengalaman pengguna dari berbagai platform. Kadang keluhan yang sama muncul berulang kali tapi tersebar di banyak tempat sehingga tidak kelihatan polanya.,sekarang banyak review fokus spesifikasi benchmark lebih susah cari justru rangkum alam guna bagai platform kadang keluh sama muncul ulang kali sebar banyak tempat sehingga tidak lihat pola
"Masih stay di Galaxy A51, nunggu samsung Galaxy A59,9 😅😅😅","Masih stay di Galaxy A51, nunggu samsung Galaxy A59,9 😅😅😅",masih stay galaxy a51 nunggu samsung galaxy a59
Samsung mantap di flagshipnya,Samsung mantap di flagshipnya,samsung mantap flagshipnya
"Baru bgt beli Samsung a57 nyesel bgt, dpt harga 6.7 kemakan rayuan sales. Bagiku overprice bgt mending beli Xiaomi 14t ato nggk Poco x8 pro. 
Berhubung kepepet Hp lama matot dan ragu beli online karna bnyk yg zonk walaupun beli di official store-nya. Akhirnya belilah di offline store dan menyesal 😭","Baru bgt beli Samsung a57 nyesel bgt, dpt harga 6.7 kemakan rayuan sales. Bagiku overprice bgt mending beli Xiaomi 14t ato nggk Poco x8 pro. Berhubung kepepet Hp lama matot dan ragu beli online karna bnyk yg zonk walaupun beli di official store-nya. Akhirnya belilah di offline store dan menyesal 😭",baru banget beli samsung a57 nyesel banget dapat harga makan rayu sales bagi overprice banget mending beli xiaomi 14t ato nggk poco x8 pro hubung pepet handphone lama matot ragu beli online karna bnyk zonk walaupun beli official store akhir bilah offline store sesal
"Hp nya di beli dulu , baru liat reviewnya 😅","Hp nya di beli dulu , baru liat reviewnya 😅",handphone beli dulu baru liat reviewnya
"Knp ya samsung a37 saya instagram dan tiktok atasnya ada garis hitam layarnya nggak full ada solusi teman2
Terima kasih sebelumnya",Knp ya samsung a37 saya instagram dan tiktok atasnya ada garis hitam layarnya nggak full ada solusi teman2 Terima kasih sebelumnya,knp samsung a37 instagram tiktok atas garis hitam layar tidak full solusi teman2 terima kasih belum
"Sayangnya tiap tahun bisa lebih dari 1x keluar varian baru.
Jd karna terlalu cpt keluar yg baru, hp yg baru kita beli jd Keliat lama 😂","Sayangnya tiap tahun bisa lebih dari 1x keluar varian baru. Jd karna terlalu cpt keluar yg baru, hp yg baru kita beli jd Keliat lama 😂",sayang tiap tahun lebih 1x keluar varian baru jd karna terlalu cpt keluar baru handphone baru beli jd liat lama
Online shop yang divideo amanah ndak mas david,Online shop yang divideo amanah ndak mas david,online shop video amanah ndak mas david
Lagi nonton dan Msh setia dg A55,Lagi nonton dan Msh setia dg A55,lagi nonton msh setia dg a55
"Penggemar samsung seri apapun. Dari jaman dulu samsung corby, samsung note, samsung S, samsung A. Aku punya samsung A80 tahun 2018, sampe hari ini masih jalan mulus ga ada cacat. Batre msh aman ga kembung ga drop. Baru 1 mingguan ini aja lcdnya kena bocor liquid jd ungu, tp sentuhannya ga ada masalah msh jalan biasa. Wajar sih karena udah 8th pemakaian. Ga tergiur merk android lain. Punya suami android merk apa lupa tp seri bagus yg harga 12jt buat game. 4 rhn pake udah ga nyala total. Iphone pun bikin kesel krn batrenya cpt bgt drop, panas bgt padahql cuka dipake bntr dan bukan ngegame, kabel charger yg sering harus ganti tiba2 ga nyala. Kapok

Ga melebih2kan, cuma dari pengalaman aja 😂. Tapi skrg kalo beli samsung udah ga dpt kepala charger harus beli terpisah. Variannya juga bingung kaya upgradenya nanggung ga beda jauh. Itu yg bikin mikir skrg","Penggemar samsung seri apapun. Dari jaman dulu samsung corby, samsung note, samsung S, samsung A. Aku punya samsung A80 tahun 2018, sampe hari ini masih jalan mulus ga ada cacat. Batre msh aman ga kembung ga drop. Baru 1 mingguan ini aja lcdnya kena bocor liquid jd ungu, tp sentuhannya ga ada masalah msh jalan biasa. Wajar sih karena udah 8th pemakaian. Ga tergiur merk android lain. Punya suami android merk apa lupa tp seri bagus yg harga 12jt buat game. 4 rhn pake udah ga nyala total. Iphone pun bikin kesel krn batrenya cpt bgt drop, panas bgt padahql cuka dipake bntr dan bukan ngegame, kabel charger yg sering harus ganti tiba2 ga nyala. Kapok Ga melebih2kan, cuma dari pengalaman aja 😂. Tapi skrg kalo beli samsung udah ga dpt kepala charger harus beli terpisah. Variannya juga bingung kaya upgradenya nanggung ga beda jauh. Itu yg bikin mikir skrg",gemar samsung seri apa jaman dulu samsung corby samsung note samsung samsung aku punya samsung a80 tahun 2018 sampe hari masih jalan mulus tidak cacat batre msh aman tidak kembung tidak drop baru minggu lcdnya kena bocor liquid jd ungu sentuh tidak masalah msh jalan biasa wajar sih karena 8th pakai tidak giur merk android lain punya suami android merk apa lupa seri bagus harga 12jt buat game rhn pake tidak nyala total iphone pun bikin kesel karena batrenya cpt banget drop panas banget padahql cuka dipake bntr bukan ngegame kabel charger sering harus ganti tiba2 tidak nyala kapok tidak melebih2kan cuma alam skrg beli samsung tidak dapat kepala charger harus beli pisah varian juga bingung kaya upgradenya nanggung tidak beda jauh bikin mikir skrg
"beli hp samsung yg dpt speaker HK, itu hp yg harga berapa yaak?","beli hp samsung yg dpt speaker HK, itu hp yg harga berapa yaak?",beli handphone samsung dapat speaker hk handphone harga berapa yaak
Apa lah daya punya hp samsung a03😅 download pembaharuan WA memori penuh,Apa lah daya punya hp samsung a03😅 download pembaharuan WA memori penuh,apa lah daya punya handphone samsung a03 download baharu wa memori penuh
Nonton di samsung a56 😅😅😅😅,Nonton di samsung a56 😅😅😅😅,nonton samsung a56
Kalau A57 dan s24fe mending pilih mna ya!,Kalau A57 dan s24fe mending pilih mna ya!,a57 s24fe mending pilih mna
Mending ngambil hp iqqo sih,Mending ngambil hp iqqo sih,mending ngambil handphone iqqo sih
A20s🔥😢,A20s🔥😢,a20s
Aku udh cukup dgn A55 .. walaupun bukan iphone tp bgs kameranya,Aku udh cukup dgn A55 .. walaupun bukan iphone tp bgs kameranya,aku cukup dgn a55 walaupun bukan iphone bagus kamera
"Saya user a57 ram 12/256 kameranya bagus untuk kelas midrange videonya cukup stabil,peforma aman untuk tugas normal harian tp klo di buat multitask yg butuh speed tinggi kadang agak ngelag/ panas.semoga dapat update software buat bug fix.","Saya user a57 ram 12/256 kameranya bagus untuk kelas midrange videonya cukup stabil,peforma aman untuk tugas normal harian tp klo di buat multitask yg butuh speed tinggi kadang agak ngelag/ panas.semoga dapat update software buat bug fix.",user a57 ram 12 256 kamera bagus kelas midrange video cukup stabil forma aman tugas normal hari klo buat multitask butuh speed tinggi kadang agak ngelag panas moga dapat update software buat bug fix
"Nonton video ini pake hp A54, masih sangat bersyukur karna hp yg kupegang saat ini banyak orang yg ingin memegangnya juga...","Nonton video ini pake hp A54, masih sangat bersyukur karna hp yg kupegang saat ini banyak orang yg ingin memegangnya juga...",nonton video pake handphone a54 masih sangat syukur karna handphone pegang saat banyak orang ingin pegang juga
pengguna user samsung a735G sering bermasalah di signal suka ilang padahal pake telkom 😮 + battrey lebih boros + charger lama syekali 😢,pengguna user samsung a735G sering bermasalah di signal suka ilang padahal pake telkom 😮 + battrey lebih boros + charger lama syekali 😢,guna user samsung a735g sering masalah signal suka ilang padahal pake telkom battrey lebih boros charger lama syekali
Klo nyari kenceng jelas mending poco f7 atau iqoo neo 10,Klo nyari kenceng jelas mending poco f7 atau iqoo neo 10,klo nyari kenceng jelas mending poco f7 iqoo neo 10
Gile betul ya... Harganya hampir menyamai S25 FE 😅,Gile betul ya... Harganya hampir menyamai S25 FE 😅,gile betul harga hampir sama s25 fe
Di sayangkan sekali seri A Midrange Samsung blm ada 4 k 60 pfsnya😢,Di sayangkan sekali seri A Midrange Samsung blm ada 4 k 60 pfsnya😢,sayang sekali seri midrange samsung blm 60 pfsnya
sama aj desain ny mkany ga semangat semua gitu2 aj modelnya😂,sama aj desain ny mkany ga semangat semua gitu2 aj modelnya😂,sama aj desain ny mkany tidak semangat semua gitu2 aj model
"Kompakin dikit aj pst mantap, cukup 6,4 gtu","Kompakin dikit aj pst mantap, cukup 6,4 gtu",kompakin dikit aj pst mantap cukup gtu
"Pakai samsung itu rasa puas dan bangga ada. Klo pke hp china, rasa bangga memiliki itu minim.","Pakai samsung itu rasa puas dan bangga ada. Klo pke hp china, rasa bangga memiliki itu minim.",pakai samsung rasa puas bangga klo pke handphone china rasa bangga milik minim
"Bang mening Samsung a26 atau Vivo v50 litte 5G , bingung kamera depannya mening mana","Bang mening Samsung a26 atau Vivo v50 litte 5G , bingung kamera depannya mening mana",ning samsung a26 vivo v50 litte 5g bingung kamera depan ning mana
"Yang lubang 2 kecil bawah itu mic bang kayaknya , coba aja tutup solatip terus coba VN bang bisa atau ngga","Yang lubang 2 kecil bawah itu mic bang kayaknya , coba aja tutup solatip terus coba VN bang bisa atau ngga",lubang kecil bawah mic kayak coba tutup solatip terus coba vn ngga
"tapi aku pinjem punya temenku yg pake a57 mantep bener sampe awalnya aku kira seri S, mulus bgt refresh rate nya","tapi aku pinjem punya temenku yg pake a57 mantep bener sampe awalnya aku kira seri S, mulus bgt refresh rate nya",aku pinjem punya temenku pake a57 mantep bener sampe awal aku kira seri mulus banget refresh rate
Nonton ini pake hp samsung a50s wkwkwk,Nonton ini pake hp samsung a50s wkwkwk,nonton pake handphone samsung a50s wkwkwk
coba bikin Samsung A57 VS oppo reno 15 5g bang🙏,coba bikin Samsung A57 VS oppo reno 15 5g bang🙏,coba bikin samsung a57 vs oppo reno 15 5g
"Bayangin A55, A56, A57 😂","Bayangin A55, A56, A57 😂",bayangin a55 a56 a57
Lebih baik beli a57 atau s25fe,Lebih baik beli a57 atau s25fe,lebih baik beli a57 s25fe
samsung produk gak jelas...,samsung produk gak jelas...,samsung produk tidak jelas
"Masih makai galaxy a8 star sampai sekarang😢. Tiap type a5 baru yang lewat, selalu berharap ""kalau udah turun harga nanti mudah2an duitnya ada"", tapi belum kebeli juga sampai sekarang😅

Ini tipis banget, juga lebih ringan dikit dari a8 star ❤","Masih makai galaxy a8 star sampai sekarang😢. Tiap type a5 baru yang lewat, selalu berharap ""kalau udah turun harga nanti mudah2an duitnya ada"", tapi belum kebeli juga sampai sekarang😅 Ini tipis banget, juga lebih ringan dikit dari a8 star ❤",masih maka galaxy a8 star sampai sekarang tiap type a5 baru lewat selalu harap turun harga nanti mudah2an duit belum kebel juga sampai sekarang tipis banget juga lebih ringan dikit a8 star
Itu monster biru gambar apa si? Mau donlot buat wallpaper. Lucu,Itu monster biru gambar apa si? Mau donlot buat wallpaper. Lucu,monster biru gambar apa si mau donlot buat wallpaper lucu
Apa aku aj yg sampai sekarang pakek samsung a21,Apa aku aj yg sampai sekarang pakek samsung a21,apa aku aj sampai sekarang pakek samsung a21
11:59 la piro😂,11:59 la piro😂,11 59 la piro
"Mau beli SAMSUNG A57 
TAPI MIKIR2 BATRE NYA CUMA 5000 mAh
Mending SAMSUNG apa MOTOROLA g67 POWER ya
Motorola batre nya 7000 mah",Mau beli SAMSUNG A57 TAPI MIKIR2 BATRE NYA CUMA 5000 mAh Mending SAMSUNG apa MOTOROLA g67 POWER ya Motorola batre nya 7000 mah,mau beli samsung a57 mikir2 batre cuma 5000 mah mending samsung apa motorola g67 power motorola batre 7000 mah
Kalo updatenya tipis² mending A55 lah Ada microSDnya,Kalo updatenya tipis² mending A55 lah Ada microSDnya,updatenya tipis mending a55 lah microsdnya
Bang recomendasi hp lama yg masih worth it dong,Bang recomendasi hp lama yg masih worth it dong,recomendasi handphone lama masih bagus dong
"Skrng pake samsung a71, mau upgrade samsung lagi trauma krna greenline mana dulu ganti lcd mahal😢","Skrng pake samsung a71, mau upgrade samsung lagi trauma krna greenline mana dulu ganti lcd mahal😢",skrng pake samsung a71 mau upgrade samsung lagi trauma krna greenline mana dulu ganti lcd mahal
Nonton ini pakai a57 menurut ku oke aja sih ya walau ga ada peningkatan signifikan dari seri sebelum nya .,Nonton ini pakai a57 menurut ku oke aja sih ya walau ga ada peningkatan signifikan dari seri sebelum nya .,nonton pakai a57 turut ku oke sih walau tidak tingkat signifikan seri belum
baru seminggu beli a57 udah dapet kendala baterai tiba2 drop 0% dan tidak bs di charge. ketika di charge hanya keluar logo petir saja 😢,baru seminggu beli a57 udah dapet kendala baterai tiba2 drop 0% dan tidak bs di charge. ketika di charge hanya keluar logo petir saja 😢,baru minggu beli a57 dapet kendala baterai tiba2 drop tidak bs charge ketika charge hanya keluar logo petir
Awal nya henat battery tapi UI update terus kok makin boros cepet abis padahal hp ga ada game,Awal nya henat battery tapi UI update terus kok makin boros cepet abis padahal hp ga ada game,awal henat battery ui update terus kok makin boros cepet abis padahal handphone tidak game
Bang samsung yang murah apa,Bang samsung yang murah apa,samsung murah apa
Kalo resolusi hp ini 1.5k lgsg tak beli😊,Kalo resolusi hp ini 1.5k lgsg tak beli😊,resolusi handphone 5k lgsg tak beli
"saya udah pakai Samsung A24 hampir 4 tahun ,itu hp serius bagus banget tahan banting juga ,Samsung emang the bets🎉","saya udah pakai Samsung A24 hampir 4 tahun ,itu hp serius bagus banget tahan banting juga ,Samsung emang the bets🎉",pakai samsung a24 hampir tahun handphone serius bagus banget tahan banting juga samsung emang the bets
Baru beli A57 12/256 dapet harga 5.8 🥳🥳,Baru beli A57 12/256 dapet harga 5.8 🥳🥳,baru beli a57 12 256 dapet harga
Bang David bilang samsung yg dulu. Dulu yg bagus seri a5 brp bang ?,Bang David bilang samsung yg dulu. Dulu yg bagus seri a5 brp bang ?,david bilang samsung dulu dulu bagus seri a5 brp
"apakah A77  sudah keluar di pasaran,,  bisakah rivew dan bandingkan dengan A57","apakah A77 sudah keluar di pasaran,, bisakah rivew dan bandingkan dengan A57",apakah a77 keluar pasar bisa rivew banding a57
"masih setia di samsung A34 5g yang keluar di tahun 2023, dan updatenya akan habis tahun depan yaitu di 2027, enak bet pake samsung update nya panjaaang","masih setia di samsung A34 5g yang keluar di tahun 2023, dan updatenya akan habis tahun depan yaitu di 2027, enak bet pake samsung update nya panjaaang",masih setia samsung a34 5g keluar tahun 2023 updatenya akan habis tahun depan yaitu 2027 enak bet pake samsung update panjaaang
Ini tp samsung s25 fe itu harganya gak 8jutaan lg yak,Ini tp samsung s25 fe itu harganya gak 8jutaan lg yak,samsung s25 fe harga tidak 8jutaan lg yak
"Motorola, iqoo bgmn ko ?","Motorola, iqoo bgmn ko ?",motorola iqoo bgmn ko
apalah dayaku masii make yang a54😢,apalah dayaku masii make yang a54😢,apa daya masii make a54
"Masih bingung beli yang mana antara 
Edge 60 fusion
A57
Camon 50 pro 
Buat konten mancing",Masih bingung beli yang mana antara Edge 60 fusion A57 Camon 50 pro Buat konten mancing,masih bingung beli mana antara edge 60 fusion a57 camon 50 pro buat konten mancing
"padah teknologi layar punya, pabrik senidri malah batre apalagi, tapi pas ngeluarin produk kgk di pake semua itu keunggulan harga murah karna punya pabrik sendiri, kayak terlalu ngandelin merk sama aftersales kaya honda di motor jatohnya 
spek tenggelem harga tinggi","padah teknologi layar punya, pabrik senidri malah batre apalagi, tapi pas ngeluarin produk kgk di pake semua itu keunggulan harga murah karna punya pabrik sendiri, kayak terlalu ngandelin merk sama aftersales kaya honda di motor jatohnya spek tenggelem harga tinggi",padah teknologi layar punya pabrik senidri malah batre apalagi pas ngeluarin produk kgk pake semua unggul harga murah karna punya pabrik sendiri kayak terlalu ngandelin merk sama aftersales kaya honda motor jatohnya spesifikasi tenggelem harga tinggi
"Kebanyakan yang komen ga lihat review nya bang david, tapi muja muja hp nya wkwkwkwwk, padahal udah dibilang ga ada inovasi","Kebanyakan yang komen ga lihat review nya bang david, tapi muja muja hp nya wkwkwkwwk, padahal udah dibilang ga ada inovasi",banyak komen tidak lihat review david muja muja handphone wkwkwkwwk padahal bilang tidak inovasi
samsung yang ada lubang headset kabel samsung apa ya?,samsung yang ada lubang headset kabel samsung apa ya?,samsung lubang headset kabel samsung apa
Brpa hrga nya kk,Brpa hrga nya kk,brpa hrga kk
Samsung itu Green siber di lcd nya selalu menghantui😢,Samsung itu Green siber di lcd nya selalu menghantui😢,samsung green siber lcd selalu hantu
"Mau beli nih ada vocer jdi 6.5jt 8/256 rekomendasi kan ,?","Mau beli nih ada vocer jdi 6.5jt 8/256 rekomendasi kan ,?",mau beli nih vocer jdi 5jt 256 rekomendasi kan
Bg poco m8 pro🙏,Bg poco m8 pro🙏,bg poco m8 pro
"Hoky banget sih di awal rilis sya dapat A56 di Ram 8/256 dgn harga 5,3jt ❤ udah 1th masih joss gak ada kendala 😊","Hoky banget sih di awal rilis sya dapat A56 di Ram 8/256 dgn harga 5,3jt ❤ udah 1th masih joss gak ada kendala 😊",hoky banget sih awal rilis sya dapat a56 ram 256 dgn harga 3jt 1th masih joss tidak kendala
Berarti saingannya A57 itu samsung flagship FE tahun lalu 😂,Berarti saingannya A57 itu samsung flagship FE tahun lalu 😂,arti saing a57 samsung flagship fe tahun lalu
A51 nyimak,A51 nyimak,a51 nyimak
"Saya pengguna samsung dari jaman J2 sampe sekarang pake samsung A56 buat penggunaan pribadi  sama pake A15 buat kerja, samsung hp yang serba aman sih menurut saya bukan yang paling bagus tapi cukup aman buat di pake apa aja.","Saya pengguna samsung dari jaman J2 sampe sekarang pake samsung A56 buat penggunaan pribadi sama pake A15 buat kerja, samsung hp yang serba aman sih menurut saya bukan yang paling bagus tapi cukup aman buat di pake apa aja.",guna samsung jaman j2 sampe sekarang pake samsung a56 buat guna pribadi sama pake a15 buat kerja samsung handphone serba aman sih turut bukan paling bagus cukup aman buat pake apa
Aku yg masih nonton pake a52...cuma bisa elus dada dulu,Aku yg masih nonton pake a52...cuma bisa elus dada dulu,aku masih nonton pake a52 cuma elus dada dulu
"Ka KLO habis review hp,hpnya dikemanain??😂bt aku aja ka😂","Ka KLO habis review hp,hpnya dikemanain??😂bt aku aja ka😂",ka klo habis review handphone hpnya dikemanain bt aku ka
samsung a77 lebih bafus,samsung a77 lebih bafus,samsung a77 lebih bafus
"Brand Samsung itu PEMBOHONG ULUNG dan suka NUTUP-NUTUPIN sesuatu dari produknya.
.
Bohong tentang harga, dulu saya dapet A52s harganya 5.6 jt tuh. Padahal harga resminya waktu itu 6.1 jt. Ini saya baru check out Galaxy A57 8/256 diharga 6.086
.
Nutup2in fitur, gak pernah gembar-gembor bisa ini bisa itu, punya ini-punya itu. Pas dipake, lho kok bisa dipake gini, lho ternyata punya fitur ini, eh punya fitur itu juga.","Brand Samsung itu PEMBOHONG ULUNG dan suka NUTUP-NUTUPIN sesuatu dari produknya. . Bohong tentang harga, dulu saya dapet A52s harganya 5.6 jt tuh. Padahal harga resminya waktu itu 6.1 jt. Ini saya baru check out Galaxy A57 8/256 diharga 6.086 . Nutup2in fitur, gak pernah gembar-gembor bisa ini bisa itu, punya ini-punya itu. Pas dipake, lho kok bisa dipake gini, lho ternyata punya fitur ini, eh punya fitur itu juga.",brand samsung bohong ulung suka nutup nutupin sesuatu produk bohong tentang harga dulu dapet a52s harga jt tuh padahal harga resmi waktu jt baru check out galaxy a57 256 harga 086 nutup2in fitur tidak pernah gembar gembor punya punya pas dipake lho kok dipake gin lho nyata punya fitur eh punya fitur juga
"rekomendasi dong hp 2-3jtaan, dari brand samsung/Infinix/xiaomi, brand lain gapernah pakai jadi kaya kurang tertarik gitu","rekomendasi dong hp 2-3jtaan, dari brand samsung/Infinix/xiaomi, brand lain gapernah pakai jadi kaya kurang tertarik gitu",rekomendasi dong handphone 3jtaan brand samsung infinix xiaomi brand lain gapernah pakai jadi kaya kurang tarik gitu
Semoga samsung seri A  kedepan nya buat yg compek ya minimal 6.5 inc,Semoga samsung seri A kedepan nya buat yg compek ya minimal 6.5 inc,moga samsung seri depan buat compek minimal inc
A5 2017 terbaik,A5 2017 terbaik,a5 2017 baik
Nunggu A27,Nunggu A27,nunggu a27
Masih nntn video ini pake A51 🥹,Masih nntn video ini pake A51 🥹,masih nntn video pake a51
Pecandu samsung,Pecandu samsung,candu samsung
Bang wallpaper nya pake apa bagus,Bang wallpaper nya pake apa bagus,wallpaper pake apa bagus
A57 512gb nanti sampe indonesia gak?,A57 512gb nanti sampe indonesia gak?,a57 512gb nanti sampe indonesia tidak
Nonton sambil pake sepuh s10+ tahun 2019,Nonton sambil pake sepuh s10+ tahun 2019,nonton sambil pake sepuh s10 tahun 2019
masih pake A51 nontonnya 😂,masih pake A51 nontonnya 😂,masih pake a51 nontonnya
Nih HP ga berani di compare sama Motorola Edge 60 pro 😅😅,Nih HP ga berani di compare sama Motorola Edge 60 pro 😅😅,nih handphone tidak berani compare sama motorola edge 60 pro
"Bg..
Mana Lebih Baik Samsung Galaxy A57 5G Sama Redmi Note 14 5G..
Mohon Penjelasannya Ya Bg..
Soalnya Samsung Galaxy A57 Mahal Kali..",Bg.. Mana Lebih Baik Samsung Galaxy A57 5G Sama Redmi Note 14 5G.. Mohon Penjelasannya Ya Bg.. Soalnya Samsung Galaxy A57 Mahal Kali..,bg mana lebih baik samsung galaxy a57 5g sama redmi note 14 5g mohon jelas bg soal samsung galaxy a57 mahal kali
Dari A50 sampe A57...paling  ok A55..berbobot spt tankmode elegan modul kamera nya..A57 ringan jadi spt hp kurang solid..apalagi kamera nya jd spt mode hp mainan..,Dari A50 sampe A57...paling ok A55..berbobot spt tankmode elegan modul kamera nya..A57 ringan jadi spt hp kurang solid..apalagi kamera nya jd spt mode hp mainan..,a50 sampe a57 paling ok a55 bobot spt tankmode elegan modul kamera a57 ringan jadi spt handphone kurang solid apalagi kamera jd spt mode handphone main
"nyaman tapi gak di apa apain layar garis tiba😂 masih oke jaman samsung note 5 ke bawah,","nyaman tapi gak di apa apain layar garis tiba😂 masih oke jaman samsung note 5 ke bawah,",nyaman tidak apa apain layar garis tiba masih oke jaman samsung note bawah
Bang kalo beli hp aman gaksi kalo online?,Bang kalo beli hp aman gaksi kalo online?,beli handphone aman gaksi online
A54 mana hayooo,A54 mana hayooo,a54 mana hayooo
nonton ini pake A57 😍,nonton ini pake A57 😍,nonton pake a57
"Perasaan buka kamera nyari resolusi video 4K nya gak ada samsek, info dong yang tau","Perasaan buka kamera nyari resolusi video 4K nya gak ada samsek, info dong yang tau",asa buka kamera nyari resolusi video 4k tidak samsek info dong tau
Agak overprice sih pdhl upgrade dr a56 ga bnyk.,Agak overprice sih pdhl upgrade dr a56 ga bnyk.,agak overprice sih pdhl upgrade a56 tidak bnyk
"Bang tapi FE ram nya sama-sama 8GB, sedangkan A57 12GB, jadi poin plus ga?","Bang tapi FE ram nya sama-sama 8GB, sedangkan A57 12GB, jadi poin plus ga?",fe ram sama sama 8gb sedang a57 12gb jadi poin plus tidak
Nunggu jaringan 6G saja lah 😂,Nunggu jaringan 6G saja lah 😂,nunggu jaring 6g lah
Gila emng persaigan perHPan gak ada habisnya😂😂,Gila emng persaigan perHPan gak ada habisnya😂😂,gila emng persaigan perhpan tidak habis
"11:59 la piroo lek, aku ra ruhh","11:59 la piroo lek, aku ra ruhh",11 59 la piroo lek aku ra ruhh
"Bentuk kamera 
Lebih suka yang  varian a55",Bentuk kamera Lebih suka yang varian a55,bentuk kamera lebih suka varian a55
gk jelas menye2,gk jelas menye2,tidak jelas menye2
Yang nonton pakai samsung A52☝️,Yang nonton pakai samsung A52☝️,nonton pakai samsung a52
Samsung s25 fe vs Samsung a57,Samsung s25 fe vs Samsung a57,samsung s25 fe vs samsung a57
Mending mana sama iphone 13 ?,Mending mana sama iphone 13 ?,mending mana sama iphone 13
Nunggu a58 siapa tau ada tambahan Slot Mikro SD,Nunggu a58 siapa tau ada tambahan Slot Mikro SD,nunggu a58 siapa tau tambah slot mikro sd
Ku baru ganti dr a54 naik ke A57 awet emang weii ini,Ku baru ganti dr a54 naik ke A57 awet emang weii ini,ku baru ganti a54 naik a57 awet emang weii
Kamera nya ko malah bagusan A56 ya ?,Kamera nya ko malah bagusan A56 ya ?,kamera ko malah bagus a56
Aaaaa gak ada habisnya,Aaaaa gak ada habisnya,aaaaa tidak habis
Kalo baku hantam sama Poco x8 pro menang mana bg...,Kalo baku hantam sama Poco x8 pro menang mana bg...,baku hantam sama poco x8 pro menang mana bg
"barusan lewat konten A58, bakal rilis di Indonesia ga yakk","barusan lewat konten A58, bakal rilis di Indonesia ga yakk",barusan lewat konten a58 bakal rilis indonesia tidak yakk
Siapa yang setuju bang David ambo Xing Tecno 50 pro 5G 🎉,Siapa yang setuju bang David ambo Xing Tecno 50 pro 5G 🎉,siapa tuju david ambo xing tecno 50 pro 5g
Lagi nonton pake samsung A57,Lagi nonton pake samsung A57,lagi nonton pake samsung a57
Masih setia sama samsung A71 WLAU GANTI LCD 3X😭,Masih setia sama samsung A71 WLAU GANTI LCD 3X😭,masih setia sama samsung a71 wlau ganti lcd 3x
"Nonton sambil pake A52s, masih oke aja ini hp 😅","Nonton sambil pake A52s, masih oke aja ini hp 😅",nonton sambil pake a52s masih oke handphone
"Di banding x8pro max, samsung unggul bagian apa ya?","Di banding x8pro max, samsung unggul bagian apa ya?",banding x8pro max samsung unggul bagi apa
"Bang, saya suka bgt nonton review2 nya detail dan informatif bgt, tapi tolong dong next ratio video nya dibikin panjang bisa ga.. jadi kalo saya nonton mode full screen ga kepotong tuh view atas dan bawhnya kayak contohnya channel sebelah tuh, infonesia, ferry channel, dll thx 🙏","Bang, saya suka bgt nonton review2 nya detail dan informatif bgt, tapi tolong dong next ratio video nya dibikin panjang bisa ga.. jadi kalo saya nonton mode full screen ga kepotong tuh view atas dan bawhnya kayak contohnya channel sebelah tuh, infonesia, ferry channel, dll thx 🙏",suka banget nonton review2 detail informatif banget tolong dong next ratio video bikin panjang tidak jadi nonton mode full screen tidak potong tuh view atas bawhnya kayak contoh channel belah tuh infonesia ferry channel dll thx
HP cepat error... jatuh dikit lgsg pecah... batere nya juga gk awet... Kamera oke... Semua oke.. Cuma kekurangan nya tdk tangguh... Coba spesifikasi militer kayak vivo pasti banyak yg beli,HP cepat error... jatuh dikit lgsg pecah... batere nya juga gk awet... Kamera oke... Semua oke.. Cuma kekurangan nya tdk tangguh... Coba spesifikasi militer kayak vivo pasti banyak yg beli,handphone cepat error jatuh dikit lgsg pecah batere juga tidak awet kamera oke semua oke cuma kurang tdk tangguh coba spesifikasi militer kayak vivo pasti banyak beli
pengen samsung juga tapi khawatir green screen 😂 mana gabisa di klaim garansi pula.,pengen samsung juga tapi khawatir green screen 😂 mana gabisa di klaim garansi pula.,ken samsung juga khawatir green screen mana gabisa klaim garansi pula
Upgradenya nangung msh berthn a55,Upgradenya nangung msh berthn a55,upgradenya nangung msh berthn a55
Baru aja 5 bulan Beli series A56 udah keluar lagi A57,Baru aja 5 bulan Beli series A56 udah keluar lagi A57,baru bulan beli series a56 keluar lagi a57
Bismillah tahun depan kebeli Samsung A56 😊,Bismillah tahun depan kebeli Samsung A56 😊,bismillah tahun depan kebel samsung a56
"Coba buka di video,pakai vitur ""Pembingkaian Otomatis"" Kalian akan tahu 👍","Coba buka di video,pakai vitur ""Pembingkaian Otomatis"" Kalian akan tahu 👍",coba buka video pakai vitur bingkai otomatis kalian akan tahu
hampir 6 juta 😱😱😱,hampir 6 juta 😱😱😱,hampir juta
Bagusan mana sama Xiaomi 15t?,Bagusan mana sama Xiaomi 15t?,bagus mana sama xiaomi 15t
Ku makai samsung A52 4G dari awal rilis 2021 sampai sekarang suka banget kualitasnya.  Bahkan aku beli Samsung Tab A11+ sdh jalan 3 bulan. Seri A Samsung emang bagus,Ku makai samsung A52 4G dari awal rilis 2021 sampai sekarang suka banget kualitasnya. Bahkan aku beli Samsung Tab A11+ sdh jalan 3 bulan. Seri A Samsung emang bagus,ku maka samsung a52 4g awal rilis 2021 sampai sekarang suka banget kualitas bahkan aku beli samsung tab a11 sdh jalan bulan seri samsung emang bagus
"Pake Z Flip3 Selama 5 Tahun, dan sekarang muncul garis di layar, apakah ganti ke Samsung A57 recomended?","Pake Z Flip3 Selama 5 Tahun, dan sekarang muncul garis di layar, apakah ganti ke Samsung A57 recomended?",pake flip3 lama tahun sekarang muncul garis layar apakah ganti samsung a57 recomended
rindu masa masa dimana samsung keren banget dengan seri A52S nya. sampe sekarang saya belum ganti ganti sih karna belum nemuin hal yang sama seperti dlu. btw masih ada yang stay pake a52s sampe sekaang ?,rindu masa masa dimana samsung keren banget dengan seri A52S nya. sampe sekarang saya belum ganti ganti sih karna belum nemuin hal yang sama seperti dlu. btw masih ada yang stay pake a52s sampe sekaang ?,rindu masa masa mana samsung bagus banget seri a52s sampe sekarang belum ganti ganti sih karna belum nemuin hal sama seperti dlu btw masih stay pake a52s sampe sekaang
"Aku 2026 msh pake samsung A51 dr 2020
Pgn ganti tp ni hp cuma minus ga dpt update os terbaru lagi 😭😭😭
Ak yg bukan gamer ini pake A51 gbs moveon krn A51 bodyny msh tipiss",Aku 2026 msh pake samsung A51 dr 2020 Pgn ganti tp ni hp cuma minus ga dpt update os terbaru lagi 😭😭😭 Ak yg bukan gamer ini pake A51 gbs moveon krn A51 bodyny msh tipiss,aku 2026 msh pake samsung a51 2020 pgn ganti ni handphone cuma minus tidak dapat update os baru lagi ak bukan gamer pake a51 gbs moveon karena a51 bodyny msh tipiss
Mending Poco x8 pro apa Samsung A57,Mending Poco x8 pro apa Samsung A57,mending poco x8 pro apa samsung a57
"Terakhir pakai A55, skrg udah ganti poco f7 😂😂","Terakhir pakai A55, skrg udah ganti poco f7 😂😂",akhir pakai a55 skrg ganti poco f7
CK ck CK ck tidak ramah,CK ck CK ck tidak ramah,ck ck ck ck tidak ramah
"Karena gw pakenya a07 jdi beli a57 berasa upgradnya😂😂😂 gdinya maymu ambik a56 dgn harga sama a57 8/256 atau a56 dpt ram 12/256,tp krna dmbezelnya enakn a57 jdilah a57   ambilnya😂😂😂","Karena gw pakenya a07 jdi beli a57 berasa upgradnya😂😂😂 gdinya maymu ambik a56 dgn harga sama a57 8/256 atau a56 dpt ram 12/256,tp krna dmbezelnya enakn a57 jdilah a57 ambilnya😂😂😂",karena gw pakenya a07 jdi beli a57 asa upgradnya gdinya maymu ambik a56 dgn harga sama a57 256 a56 dapat ram 12 256 krna dmbezelnya enakn a57 jdilah a57 ambil
Aku tunggu sampe harga 5 an😀,Aku tunggu sampe harga 5 an😀,aku tunggu sampe harga an
"aku pake samsung A32 udah hampir 5 tahun dan pengen ganti hp, kalau ganti ke A57 ini worth it gak yaa? 🤔","aku pake samsung A32 udah hampir 5 tahun dan pengen ganti hp, kalau ganti ke A57 ini worth it gak yaa? 🤔",aku pake samsung a32 hampir tahun ken ganti handphone ganti a57 bagus tidak yaa
kl beli second di toko shope apa,kl beli second di toko shope apa,kl beli second toko shope apa
Nonton Pake Vivo V60,Nonton Pake Vivo V60,nonton pake vivo v60
aku masih pake samsung a50s. beli pas jaman covid gara2 anak kelas online 😅,aku masih pake samsung a50s. beli pas jaman covid gara2 anak kelas online 😅,aku masih pake samsung a50s beli pas jaman covid gara2 anak kelas online
Di Malaysia tersedia varian 512GB,Di Malaysia tersedia varian 512GB,malaysia sedia varian 512gb
2026 pake samsung a35 masih oke gak?,2026 pake samsung a35 masih oke gak?,2026 pake samsung a35 masih oke tidak
Masih enak a54 n a55 kayaknya ya 😂,Masih enak a54 n a55 kayaknya ya 😂,masih enak a54 a55 kayak
"kemarin pilihannya sblm beli ini ada Infinix GT 30 Pro, Realme 16 pro, IQOO 15R (cm kosong)

karena urgent, dilihat dari kebutuhan harus ada eSim, dan yg ada eSim jg UI dan upgrade softwarenya lama cm Samsung A57 ini, Kameranya jg masih oke sih d banding yg lain kl diatas kertas ya pas d bandingin kemarin","kemarin pilihannya sblm beli ini ada Infinix GT 30 Pro, Realme 16 pro, IQOO 15R (cm kosong) karena urgent, dilihat dari kebutuhan harus ada eSim, dan yg ada eSim jg UI dan upgrade softwarenya lama cm Samsung A57 ini, Kameranya jg masih oke sih d banding yg lain kl diatas kertas ya pas d bandingin kemarin",kemarin pilih sblm beli infinix gt 30 pro realme 16 pro iqoo 15r cm kosong karena urgent lihat butuh harus esim esim juga ui upgrade softwarenya lama cm samsung a57 kamera juga masih oke sih banding lain kl atas kertas pas bandingin kemarin
A 55 paling nyaman sih,A 55 paling nyaman sih,55 paling nyaman sih
Samsung galaxy A57 5G ini saya rasa pakai layar dari samsung galaxy A73 5G yakni Super Amoled Plus,Samsung galaxy A57 5G ini saya rasa pakai layar dari samsung galaxy A73 5G yakni Super Amoled Plus,samsung galaxy a57 5g rasa pakai layar samsung galaxy a73 5g yakni super amoled plus
Hmmm... samsung,Hmmm... samsung,hmmm samsung
Kamera selfienya masih pucat & kekuningan kaya A55 nggak bang?,Kamera selfienya masih pucat & kekuningan kaya A55 nggak bang?,kamera selfienya masih pucat kuning kaya a55 tidak
Gw masih pake A55😅😅,Gw masih pake A55😅😅,gw masih pake a55
Review kan HP huawei pura 80 bang,Review kan HP huawei pura 80 bang,review kan handphone huawei pura 80
Ga ada chargernya ga ada charger ga ada chargernya....,Ga ada chargernya ga ada charger ga ada chargernya....,tidak chargernya tidak charger tidak chargernya
"Bang,review cara chargernya dong,soalnya mau nge charge gmb klo ga dikasih charger,cuma kabel doang,kocak nih Samsung","Bang,review cara chargernya dong,soalnya mau nge charge gmb klo ga dikasih charger,cuma kabel doang,kocak nih Samsung",review cara chargernya dong soal mau nge charge gmb klo tidak kasih charger cuma kabel doang kocak nih samsung
"Untuk editing foto cocok ga ya, warnanya pas ga yah? Hmm","Untuk editing foto cocok ga ya, warnanya pas ga yah? Hmm",editing foto cocok tidak warna pas tidak yah hmm
Masih bagus a55 untuk segi kamera dibanding 56 57,Masih bagus a55 untuk segi kamera dibanding 56 57,masih bagus a55 segi kamera banding 56 57
ini sim nya gimana ya .bisa dua kartu ga ka,ini sim nya gimana ya .bisa dua kartu ga ka,sim gimana dua kartu tidak ka
"Halo bang, mau nanya serius, Abang beli Samsung a56 katanya di studio ponsel kan ya bang, kalau boleh tau kenapa ya bang padahal itu hpnya repack!?🙏🏻

Apakah hp repack itu tidak masalah bagi Abang atau gimana ya?🙏🏻","Halo bang, mau nanya serius, Abang beli Samsung a56 katanya di studio ponsel kan ya bang, kalau boleh tau kenapa ya bang padahal itu hpnya repack!?🙏🏻 Apakah hp repack itu tidak masalah bagi Abang atau gimana ya?🙏🏻",halo mau nanya serius abang beli samsung a56 kata studio ponsel kan boleh tau kenapa padahal hpnya repack apakah handphone repack tidak masalah bagi abang gimana
Saya punya samsung a56 keujann mati,Saya punya samsung a56 keujann mati,punya samsung a56 keujann mati
A54 🤚,A54 🤚,a54
Nonton pakai samsung A51. Yg udah ganti layar ori 3x 😂,Nonton pakai samsung A51. Yg udah ganti layar ori 3x 😂,nonton pakai samsung a51 ganti layar ori 3x
"Hp ku dari dulu samsung, mulai samsung note 3, samsung note 5, samsung S7 edge, samsung note 9, samsung note 20, samsung S22 ultra, samsung S24 ultra, samsung S24FE serta S26 Ultra . semua hp itu masih ada semua. Yg dipake 4 hp terakhir.","Hp ku dari dulu samsung, mulai samsung note 3, samsung note 5, samsung S7 edge, samsung note 9, samsung note 20, samsung S22 ultra, samsung S24 ultra, samsung S24FE serta S26 Ultra . semua hp itu masih ada semua. Yg dipake 4 hp terakhir.",handphone ku dulu samsung mulai samsung note samsung note samsung s7 edge samsung note samsung note 20 samsung s22 ultra samsung s24 ultra samsung s24fe serta s26 ultra semua handphone masih semua dipake handphone akhir
Masih dengan a54,Masih dengan a54,masih a54
masih bertahan di A52,masih bertahan di A52,masih tahan a52
"Yang dua lobang bagian bawah itu microfone, a56 pake satu mic, a57 pake dua mic, jadi sensifitas rekaman suara lebih jelas","Yang dua lobang bagian bawah itu microfone, a56 pake satu mic, a57 pake dua mic, jadi sensifitas rekaman suara lebih jelas",dua lobang bagi bawah microfone a56 pake satu mic a57 pake dua mic jadi sensifitas rekam suara lebih jelas
"Nonton pakai a53, niatan mau pindah ke s25 fe atau ke a57","Nonton pakai a53, niatan mau pindah ke s25 fe atau ke a57",nonton pakai a53 niat mau pindah s25 fe a57
"Dah tugas kita cuman dengerin aja ko ,masalah mau bli apa ga itu urusan masing2 dan isi kantong masing2 ok,,dah tonton aja lah mau bli apa ga urusan kalian😂😂","Dah tugas kita cuman dengerin aja ko ,masalah mau bli apa ga itu urusan masing2 dan isi kantong masing2 ok,,dah tonton aja lah mau bli apa ga urusan kalian😂😂",dah tugas cuman dengerin ko masalah mau bli apa tidak urus masing2 isi kantong masing2 ok dah tonton lah mau bli apa tidak urus kalian
Camon 50 pro bang,Camon 50 pro bang,camon 50 pro
Dengan harga segitu internal tidak ada pilihan 512GB adaptor gak dapat ram 12 upgrade 6 tahun itu cukup banyak makan memoriy,Dengan harga segitu internal tidak ada pilihan 512GB adaptor gak dapat ram 12 upgrade 6 tahun itu cukup banyak makan memoriy,harga segitu internal tidak pilih 512gb adaptor tidak dapat ram 12 upgrade tahun cukup banyak makan memoriy
"bang buat test game tolong tambahin test game emulator PS2.. AetherSX2..
soalnya emulator ini lagi rame buat test performa HP gaming 🔥",bang buat test game tolong tambahin test game emulator PS2.. AetherSX2.. soalnya emulator ini lagi rame buat test performa HP gaming 🔥,buat test game tolong tambahin test game emulator ps2 aethersx2 soal emulator lagi rame buat test performa handphone gaming
oppo reno 15 vs samsung a57 bg balas pake video🙏,oppo reno 15 vs samsung a57 bg balas pake video🙏,oppo reno 15 vs samsung a57 bg balas pake video
"Ya samsung senyaman itu... dulu gw pake samsung a05 menang di kamera & ui. Trus nyobain merk lain karena ga mau dianggap  pake kacamata kuda... nyobain deh yang rilis lebih baru eh gw pikir kameranya akan lebih bagus karena teknologi terbaru dan pake embel² AI, ternyata kameranya ampas... ui juga ga cocok sama gw, akhirnya balik lagi ke samsung","Ya samsung senyaman itu... dulu gw pake samsung a05 menang di kamera & ui. Trus nyobain merk lain karena ga mau dianggap pake kacamata kuda... nyobain deh yang rilis lebih baru eh gw pikir kameranya akan lebih bagus karena teknologi terbaru dan pake embel² AI, ternyata kameranya ampas... ui juga ga cocok sama gw, akhirnya balik lagi ke samsung",samsung nyaman dulu gw pake samsung a05 menang kamera ui trus nyobain merk lain karena tidak mau anggap pake kacamata kuda nyobain deh rilis lebih baru eh gw pikir kamera akan lebih bagus karena teknologi baru pake embel ai nyata kamera ampas ui juga tidak cocok sama gw akhir balik lagi samsung
"SAYA BERSYUKUR 2017 SAMPAI 2026 10 MEI 2026 9TAHUN OPPO F9 MENEMANI SAYA DAN AKHIRNYA MATI TIII DAN SAYA MENGGANTIKANNYA SAMSUNG A 57 DI TANGGAL 13 MEI 2026 SEHARGA 7,555 SEMOGA MENEMANI SAYA SELAMAAA OPPO F9 2017 HARGA DULU 4,5JT😊❤ WELCOME SAMSUNG ❤","SAYA BERSYUKUR 2017 SAMPAI 2026 10 MEI 2026 9TAHUN OPPO F9 MENEMANI SAYA DAN AKHIRNYA MATI TIII DAN SAYA MENGGANTIKANNYA SAMSUNG A 57 DI TANGGAL 13 MEI 2026 SEHARGA 7,555 SEMOGA MENEMANI SAYA SELAMAAA OPPO F9 2017 HARGA DULU 4,5JT😊❤ WELCOME SAMSUNG ❤",syukur 2017 sampai 2026 10 mei 2026 9tahun oppo f9 tani akhir mati tiii ganti samsung 57 tanggal 13 mei 2026 harga 555 moga tani selamaaa oppo f9 2017 harga dulu 5jt welcome samsung
Masih pakai A52 absen,Masih pakai A52 absen,masih pakai a52 absen
"bang coba bahas tentang light saber dan green line, karena cinderung samsung selalu fokus sama HP barunya, tp tidak peduli dengan penggunanya, jujur saya kecewa, dan mungkin banyak sekali yang kecewa di luar sana karena masalah light saber dan green line ini, trimakasih","bang coba bahas tentang light saber dan green line, karena cinderung samsung selalu fokus sama HP barunya, tp tidak peduli dengan penggunanya, jujur saya kecewa, dan mungkin banyak sekali yang kecewa di luar sana karena masalah light saber dan green line ini, trimakasih",coba bahas tentang light saber green line karena cinderung samsung selalu fokus sama handphone baru tidak peduli guna jujur kecewa mungkin banyak sekali kecewa luar sana karena masalah light saber green line trimakasih
"Series A5 nya samsung itu smartphone saat pertama kali orang mulai punya uang..
Misalnya :
Tadinya belum kerja, pakai dari brand china dan sudah jadul.
Lalu mulai kerja dan dapat gaji pertama, ya ini smartphonenya.
Biar ditongkrongan terlihat keren pakai samsung, biar terlihat sudah sukses.
Padahal kalau ngegame dirange harganya ketinggalan.😅","Series A5 nya samsung itu smartphone saat pertama kali orang mulai punya uang.. Misalnya : Tadinya belum kerja, pakai dari brand china dan sudah jadul. Lalu mulai kerja dan dapat gaji pertama, ya ini smartphonenya. Biar ditongkrongan terlihat keren pakai samsung, biar terlihat sudah sukses. Padahal kalau ngegame dirange harganya ketinggalan.😅",series a5 samsung smartphone saat pertama kali orang mulai punya uang misal tadi belum kerja pakai brand china jadul lalu mulai kerja dapat gaji pertama smartphonenya tongkrong lihat bagus pakai samsung lihat sukses padahal ngegame dirange harga tinggal
"Mending sabar ,langsung s26 basic saja , dishoppe 16jt ,499k 12/512 
Klo gk ya s25 basic
Dijaman sekarang ini paling males pake yg gede2 ,mending compact powerfull","Mending sabar ,langsung s26 basic saja , dishoppe 16jt ,499k 12/512 Klo gk ya s25 basic Dijaman sekarang ini paling males pake yg gede2 ,mending compact powerfull",mending sabar langsung s26 basic dishoppe 16jt 499k 12 512 klo tidak s25 basic jam sekarang paling males pake gede2 mending compact powerfull
"Sukuri ap yg qt punya aj bg,g kuat😂😂
Besuk keluar ribuan mrk n spek
Foto2 kagak,buat ngonten kagak,main game mlbb/ppg samsung j7pro2017pun jg msh bsa..ngiler bole asal gak ngeces aj😅","Sukuri ap yg qt punya aj bg,g kuat😂😂 Besuk keluar ribuan mrk n spek Foto2 kagak,buat ngonten kagak,main game mlbb/ppg samsung j7pro2017pun jg msh bsa..ngiler bole asal gak ngeces aj😅",sukuri ap qt punya aj bg kuat besuk keluar ribu mrk spesifikasi foto2 kagak buat ngonten kagak main game mlbb ppg samsung j7pro2017pun juga msh bsa ngiler bole asal tidak ngeces aj
Saya pnguna samsung A57... ❤❤❤❤❤,Saya pnguna samsung A57... ❤❤❤❤❤,pnguna samsung a57
"Model y Aja yg bosenin, anak muda kurang best!","Model y Aja yg bosenin, anak muda kurang best!",model bosenin anak muda kurang best
"Udah 1 Bulan beli a57, yg mau Tanya* silahkan","Udah 1 Bulan beli a57, yg mau Tanya* silahkan",bulan beli a57 mau tanya silah
Hahahaha gajadi upgrade ah mending ke FE aja. Untuk saat ini Tetap 54 5G,Hahahaha gajadi upgrade ah mending ke FE aja. Untuk saat ini Tetap 54 5G,hahahaha gajadi upgrade ah mending fe saat tetap 54 5g
"A,da yang lebih nyaman lagi
     Rp. 1.580.000
A,daan  2 se ri,e diIndonesiamu
Tahan banting & air 9,8....
B,uat i
Tentaramu,BUMN,ASN,Swasta lapangamu
       Kaailo
Mau","A,da yang lebih nyaman lagi Rp. 1.580.000 A,daan 2 se ri,e diIndonesiamu Tahan banting & air 9,8.... B,uat i Tentaramu,BUMN,ASN,Swasta lapangamu Kaailo Mau",da lebih nyaman lagi rp 580 000 daan se ri indonesia tahan banting air uat tentara bumn asn swasta lapangamu kaailo mau
Masih pakai A52s mskipun backdoor dan tombol2nya udah copot solusi tempel lakban aja wkkwk😂,Masih pakai A52s mskipun backdoor dan tombol2nya udah copot solusi tempel lakban aja wkkwk😂,masih pakai a52s mskipun backdoor tombol2nya copot solusi tempel lakban wkkwk
"maap di luar topic video....
lu masih simpan a5 2017 ga bang?",maap di luar topic video.... lu masih simpan a5 2017 ga bang?,maap luar topic video lu masih simpan a5 2017 tidak
hp 7 jt masih 256 gb wkwkw,hp 7 jt masih 256 gb wkwkw,handphone jt masih 256 gb wkwkw
tahan air gak a57,tahan air gak a57,tahan air tidak a57
samsung A57 bukanya dr metal bukan dr alumunium,samsung A57 bukanya dr metal bukan dr alumunium,samsung a57 buka metal bukan alumunium
Tetep lebih wow king A52s,Tetep lebih wow king A52s,tetep lebih wow king a52s
"Soal chipset okelah masih bisa di terima, tapi masalah utamanya gada upgrade di segi camera, coba aja kasih camera tele, kalo kek gini liatnya kayak gada upgrade🗿","Soal chipset okelah masih bisa di terima, tapi masalah utamanya gada upgrade di segi camera, coba aja kasih camera tele, kalo kek gini liatnya kayak gada upgrade🗿",soal chipset oke masih terima masalah utama gada upgrade segi camera coba kasih camera tele kek gin liat kayak gada upgrade
Masih nyaman pakek samsung A55 5G,Masih nyaman pakek samsung A55 5G,masih nyaman pakek samsung a55 5g
"Dari A55 kalau ganti ke A57 berasa upgrade nya gak bang? 
Atau mending nabung dlu, ambil seri S yg FE? 

Utk daily driver. Wa, kamera, sosmed, nonton. Game tipis2 aja.","Dari A55 kalau ganti ke A57 berasa upgrade nya gak bang? Atau mending nabung dlu, ambil seri S yg FE? Utk daily driver. Wa, kamera, sosmed, nonton. Game tipis2 aja.",a55 ganti a57 asa upgrade tidak mending nabung dlu ambil seri fe utk daily driver wa kamera sosmed nonton game tipis2
Samsung A33 5G ku masih enak nih wkwkwkkw,Samsung A33 5G ku masih enak nih wkwkwkkw,samsung a33 5g ku masih enak nih wkwkwkkw
masih setia sama A55😂,masih setia sama A55😂,masih setia sama a55
Review honor win dong,Review honor win dong,review honor win dong
Samsung a13 nyimak 😂,Samsung a13 nyimak 😂,samsung a13 nyimak
Nonton pakai A54,Nonton pakai A54,nonton pakai a54
Brand lain harga dibawah sdah ada certificate military ip69/ip69k,Brand lain harga dibawah sdah ada certificate military ip69/ip69k,brand lain harga bawah sdah certificate military ip69 ip69k
Bang David review Sony terbaru dong kalo ada,Bang David review Sony terbaru dong kalo ada,david review sony baru dong
A57 wifinya harus cek klo beli.. kadang bisa tiba² disconect & harus restart baru bisa lagi..reminder aja..😊,A57 wifinya harus cek klo beli.. kadang bisa tiba² disconect & harus restart baru bisa lagi..reminder aja..😊,a57 wifinya harus cek klo beli kadang tiba disconect harus restart baru lagi reminder
Sejak 2012 udah pakai Samsung. Sekarang pakai A56. Yang paling terasa kalau pakai Samsung adalah penurunan kualitas kamera. Mungkin di mid range doang kali ya. Belum setahun tapi kelihatan banget kualitas foto dan video di A56 jadi jelek banget.,Sejak 2012 udah pakai Samsung. Sekarang pakai A56. Yang paling terasa kalau pakai Samsung adalah penurunan kualitas kamera. Mungkin di mid range doang kali ya. Belum setahun tapi kelihatan banget kualitas foto dan video di A56 jadi jelek banget.,sejak 2012 pakai samsung sekarang pakai a56 paling asa pakai samsung turun kualitas kamera mungkin mid range doang kali belum tahun lihat banget kualitas foto video a56 jadi jelek banget
Biasa aja,Biasa aja,biasa
Nonton ini pake a54,Nonton ini pake a54,nonton pake a54
"Saya pengguna samsung a50, sampai sekarang juga masih pakai a50. Masih oke dipakai, cuma di bagian ram aja sekarang makin butuh upgrade 😂","Saya pengguna samsung a50, sampai sekarang juga masih pakai a50. Masih oke dipakai, cuma di bagian ram aja sekarang makin butuh upgrade 😂",guna samsung a50 sampai sekarang juga masih pakai a50 masih oke pakai cuma bagi ram sekarang makin butuh upgrade
Nonton ini sambil pake galaxy A50 😂,Nonton ini sambil pake galaxy A50 😂,nonton sambil pake galaxy a50
menurut saya pribadi menu² samsung itu simple dimata saya jadi I ❤ SAMSUNG,menurut saya pribadi menu² samsung itu simple dimata saya jadi I ❤ SAMSUNG,turut pribadi menu samsung simple mata jadi samsung
Komplit lah kenpa milih samsung daripada merk china lainnya...😅😅,Komplit lah kenpa milih samsung daripada merk china lainnya...😅😅,komplit lah kenpa milih samsung daripada merk china lain
Bang kenapa mau daftar acount samsung nomor hp saya tidak valid... kenapa ya...,Bang kenapa mau daftar acount samsung nomor hp saya tidak valid... kenapa ya...,kenapa mau daftar acount samsung nomor handphone tidak valid kenapa
bang review s24fe di tahun sekarang,bang review s24fe di tahun sekarang,review s24fe tahun sekarang
"Nanton ini pakai samsung A57 jujur tau gitu mending gk usah beli samsung deh aku pun nyesel dikit soalnya karena ini samsung susah kali mau masuk kan akun email ke samsung Account sampai sekarang gak bisa masuk dah gitu mau konek bluetooth payah kali , aku mau pakai earbuds aja kagak bisa ke konek agak bingung gua nya 😅 dan untuk kamera nya gak ada istimewah nya mending kamera oppo reno 8 4g lebih cantik lebih smooth","Nanton ini pakai samsung A57 jujur tau gitu mending gk usah beli samsung deh aku pun nyesel dikit soalnya karena ini samsung susah kali mau masuk kan akun email ke samsung Account sampai sekarang gak bisa masuk dah gitu mau konek bluetooth payah kali , aku mau pakai earbuds aja kagak bisa ke konek agak bingung gua nya 😅 dan untuk kamera nya gak ada istimewah nya mending kamera oppo reno 8 4g lebih cantik lebih smooth",nanton pakai samsung a57 jujur tau gitu mending tidak usah beli samsung deh aku pun nyesel dikit soal karena samsung susah kali mau masuk kan akun email samsung account sampai sekarang tidak masuk dah gitu mau konek bluetooth payah kali aku mau pakai earbuds kagak konek agak bingung gua kamera tidak istimewah mending kamera oppo reno 4g lebih cantik lebih smooth
Sudah lama gk pakai samsung,Sudah lama gk pakai samsung,lama tidak pakai samsung
Kira” klo dri Neo 10 512 trs pindah ke A57 8/256 bkl lebih adem & tahan lama kek Neo 10 gk yaa batrenya?,Kira” klo dri Neo 10 512 trs pindah ke A57 8/256 bkl lebih adem & tahan lama kek Neo 10 gk yaa batrenya?,kira klo dri neo 10 512 trs pindah a57 256 bkl lebih adem tahan lama kek neo 10 tidak yaa batrenya
Hampir 50 derajat 😂,Hampir 50 derajat 😂,hampir 50 derajat
Itu cara walpaper gimana yg warna biru,Itu cara walpaper gimana yg warna biru,cara walpaper gimana warna biru
"12:31 saya hari Sabtu lalu beli di plaza millenium Medan di toko resmi Samsung segini kaget bgt kirain di marketplace sama toko langsung resmi lebih murah toko langsung toko yg di lt 1 juga ga beda jauh trus jadinya beli di shopee harganya 6.400an jadi kami ke toko2 di Lt 1 beli pake shopee wkwkwk dapat harga murah tapi ya ga ada bonus apa2 alhasil beli lgi sendiri kepalanya ugreen 45 watt, screen protector sama softcase","12:31 saya hari Sabtu lalu beli di plaza millenium Medan di toko resmi Samsung segini kaget bgt kirain di marketplace sama toko langsung resmi lebih murah toko langsung toko yg di lt 1 juga ga beda jauh trus jadinya beli di shopee harganya 6.400an jadi kami ke toko2 di Lt 1 beli pake shopee wkwkwk dapat harga murah tapi ya ga ada bonus apa2 alhasil beli lgi sendiri kepalanya ugreen 45 watt, screen protector sama softcase",12 31 hari sabtu lalu beli plaza millenium medan toko resmi samsung gin kaget banget kirain marketplace sama toko langsung resmi lebih murah toko langsung toko lt juga tidak beda jauh trus jadi beli shopee harga 400an jadi kami toko2 lt beli pake shopee wkwkwk dapat harga murah tidak bonus apa2 alhasil beli lgi sendiri kepala ugreen 45 watt screen protector sama softcase
"samsung emang badaks sih.. we pake A50 sejak 2019 sampe sekarang 2026 masih lancar2 aja, walopun udah jatuh berkali2 masih tetep hidup aja dia.. pengen ganti tp masih bingung pilih series A lagi apa FE","samsung emang badaks sih.. we pake A50 sejak 2019 sampe sekarang 2026 masih lancar2 aja, walopun udah jatuh berkali2 masih tetep hidup aja dia.. pengen ganti tp masih bingung pilih series A lagi apa FE",samsung emang badaks sih we pake a50 sejak 2019 sampe sekarang 2026 masih lancar2 walopun jatuh berkali2 masih tetep hidup dia ken ganti masih bingung pilih series lagi apa fe
"Dari seri j2 pro layar super amolednya hehee, J7pro,A7, terus a51sampai 6th pemakaian no problem dan kebelilah a56 sampai sekarang ga pernah ngeluh apa apa. Nyaman di samsung one uinya hehe, ga ada iklan dll. Beda sama hp lainya kebanyakan apklikasi","Dari seri j2 pro layar super amolednya hehee, J7pro,A7, terus a51sampai 6th pemakaian no problem dan kebelilah a56 sampai sekarang ga pernah ngeluh apa apa. Nyaman di samsung one uinya hehe, ga ada iklan dll. Beda sama hp lainya kebanyakan apklikasi",seri j2 pro layar super amolednya hehee j7pro a7 terus a51sampai 6th pakai no problem kebel a56 sampai sekarang tidak pernah ngeluh apa apa nyaman samsung one uinya hehe tidak iklan dll beda sama handphone lai banyak apklikasi
Masih enakan a55,Masih enakan a55,masih enak a55
Q mlas sm produk smsung terllu besar klo mau mskkn ditas kecil gk muat.,Q mlas sm produk smsung terllu besar klo mau mskkn ditas kecil gk muat.,mlas sama produk smsung terllu besar klo mau mskkn tas kecil tidak muat
Udh lama pke samsung malah pgn nyobain oppo reno,Udh lama pke samsung malah pgn nyobain oppo reno,lama pke samsung malah pgn nyobain oppo reno
"Nanti lama2 a70 keluar lagi, pdhal hp itu udah dari dulu keluar nya😂😂😂","Nanti lama2 a70 keluar lagi, pdhal hp itu udah dari dulu keluar nya😂😂😂",nanti lama2 a70 keluar lagi pdhal handphone dulu keluar
Coba Samsung a56,Coba Samsung a56,coba samsung a56
Tetap setia dulu sama Samsung A51 karena belum ada uang untuk beli Samsung A57 😅,Tetap setia dulu sama Samsung A51 karena belum ada uang untuk beli Samsung A57 😅,tetap setia dulu sama samsung a51 karena belum uang beli samsung a57
Koko penguasa bisinis indonesia,Koko penguasa bisinis indonesia,koko kuasa bisinis indonesia
Saya baru beli  a57 mas memang kren habis kalau samsung seri A ❤,Saya baru beli a57 mas memang kren habis kalau samsung seri A ❤,baru beli a57 mas memang kren habis samsung seri
tahun depan mungkin kebeli,tahun depan mungkin kebeli,tahun depan mungkin kebel
"ada temen nyuruh beli seri A aja kenceng, dari dulu saya skip brand samsung, spek biasa aja harga mahal, karean branded juga si, akhirnya saya milih iqoo neo 10, gacor wkwk","ada temen nyuruh beli seri A aja kenceng, dari dulu saya skip brand samsung, spek biasa aja harga mahal, karean branded juga si, akhirnya saya milih iqoo neo 10, gacor wkwk",temen nyuruh beli seri kenceng dulu skip brand samsung spesifikasi biasa harga mahal karean branded juga si akhir milih iqoo neo 10 gacor wkwk
Besok beli,Besok beli,besok beli
"samsung, oppo, vivo entah kenapa ini brand kok gitu2 aja tapi banyak yang beli jir. apa mungkin karna dulu ini hp dicap paling bagus, dan di taun taun berikutnya karna pemikirannya udah tertancap diotak jadi susah 😂","samsung, oppo, vivo entah kenapa ini brand kok gitu2 aja tapi banyak yang beli jir. apa mungkin karna dulu ini hp dicap paling bagus, dan di taun taun berikutnya karna pemikirannya udah tertancap diotak jadi susah 😂",samsung oppo vivo entah kenapa brand kok gitu2 banyak beli jir apa mungkin karna dulu handphone cap paling bagus taun taun ikut karna pikir tancap otak jadi susah
Baru ajj niat beli A56 eh muncul A57😂.. Tpi kaya nya A56 dlu ajj cukup ah.. Yg penting punya 1 hp midrange dlu😅,Baru ajj niat beli A56 eh muncul A57😂.. Tpi kaya nya A56 dlu ajj cukup ah.. Yg penting punya 1 hp midrange dlu😅,baru ajj niat beli a56 eh muncul a57 tpi kaya a56 dlu ajj cukup ah penting punya handphone midrange dlu
bener sih samsung best banget emang minusnya kemakan waktu aja selama ini gw juga pake samsung a54 5g awet pool dari 2023 cuma ya dari lem body sama camera nya wajar aja kemakan waktu jadi pada luntur emang best sih 😍,bener sih samsung best banget emang minusnya kemakan waktu aja selama ini gw juga pake samsung a54 5g awet pool dari 2023 cuma ya dari lem body sama camera nya wajar aja kemakan waktu jadi pada luntur emang best sih 😍,bener sih samsung best banget emang minus makan waktu lama gw juga pake samsung a54 5g awet pool 2023 cuma lem body sama camera wajar makan waktu jadi pada luntur emang best sih
Bikin Sakit pinggang harganyaaa😂,Bikin Sakit pinggang harganyaaa😂,bikin sakit pinggang harganyaaa
Mau nanya beli Samsung A57 atau Oppo Reno 15 F,Mau nanya beli Samsung A57 atau Oppo Reno 15 F,mau nanya beli samsung a57 oppo reno 15
mahal aahhh videonya cuma bisa rekam 4k 30fps,mahal aahhh videonya cuma bisa rekam 4k 30fps,mahal aahhh video cuma rekam 4k 30fps
mantap Bang .... riview nya.,mantap Bang .... riview nya.,mantap riview
A17 dan A37 udah direview kah? Mau tonton reviewnya bang.,A17 dan A37 udah direview kah? Mau tonton reviewnya bang.,a17 a37 direview kah mau tonton reviewnya
Lebih ke update harga sih dari pada fitur wkwkw,Lebih ke update harga sih dari pada fitur wkwkw,lebih update harga sih pada fitur wkwkw
Nonton sambil pakai A57,Nonton sambil pakai A57,nonton sambil pakai a57
"Tumben gak unboxing sony, katanya fanboy sony🦈🦈🤣","Tumben gak unboxing sony, katanya fanboy sony🦈🦈🤣",tumben tidak unboxing sony kata fanboy sony
"Yaa kan, upgarenya dikit bgt HUH, pdhl nunggu2 mau ganti dr A52","Yaa kan, upgarenya dikit bgt HUH, pdhl nunggu2 mau ganti dr A52",yaa kan upgarenya dikit banget huh pdhl nunggu2 mau ganti a52
Infinix GT 50 Pro 5G nya kapan bang?,Infinix GT 50 Pro 5G nya kapan bang?,infinix gt 50 pro 5g kapan
Hp idaman para Gen Z,Hp idaman para Gen Z,handphone idam para gen
"Pelit bgt samsung ngasi update, mending ke midrage xiaomi deh  xiaomi 15T atau pro, ui xiaomi jg udh kece gak kalah dgn one ui","Pelit bgt samsung ngasi update, mending ke midrage xiaomi deh xiaomi 15T atau pro, ui xiaomi jg udh kece gak kalah dgn one ui",pelit banget samsung ngasi update mending midrage xiaomi deh xiaomi 15t pro ui xiaomi juga kece tidak kalah dgn one ui
Nonton ini pake samsung A54😍,Nonton ini pake samsung A54😍,nonton pake samsung a54
JD mending beli A56 aja yaa,JD mending beli A56 aja yaa,jd mending beli a56 yaa
Kalo udah Samsung garis keras susah sih yaa... 😂,Kalo udah Samsung garis keras susah sih yaa... 😂,samsung garis keras susah sih yaa
Gua nyesel beli samsung,Gua nyesel beli samsung,gua nyesel beli samsung
BANg kok ngk ngonten misteri boxxs lg bang,BANg kok ngk ngonten misteri boxxs lg bang,kok ngk ngonten misteri boxxs lg
Khasusnya sma aja kayak a53 atau a54 yg kemaren. Tapi kalo a58 muncul kayaknya samsung bikin gebrakan baru🤣🔥,Khasusnya sma aja kayak a53 atau a54 yg kemaren. Tapi kalo a58 muncul kayaknya samsung bikin gebrakan baru🤣🔥,khasusnya sma kayak a53 a54 kemaren a58 muncul kayak samsung bikin gebrak baru
Gw aja masih pake samsung a50s sampai sekarang,Gw aja masih pake samsung a50s sampai sekarang,gw masih pake samsung a50s sampai sekarang
Gasss aja kali ya 😁,Gasss aja kali ya 😁,gasss kali
Review samsung galaxy A26 5g dong bang,Review samsung galaxy A26 5g dong bang,review samsung galaxy a26 5g dong
"info menarik tentang Merek Samsung. Samsung jenis A05 yang sering nge-Freeze layarnya; masalahnya itu pada Layar HPnya. bukan salah sistemnya tapi salah layarnya yang ngak kompatibel dengan sistemnya. Jadi utk mengatasi layar suka freeze ketika digunakan adalah mengganti layar. itu aja dari saya, terima kasih","info menarik tentang Merek Samsung. Samsung jenis A05 yang sering nge-Freeze layarnya; masalahnya itu pada Layar HPnya. bukan salah sistemnya tapi salah layarnya yang ngak kompatibel dengan sistemnya. Jadi utk mengatasi layar suka freeze ketika digunakan adalah mengganti layar. itu aja dari saya, terima kasih",info tarik tentang merek samsung samsung jenis a05 sering nge freeze layar masalah pada layar hpnya bukan salah sistem salah layar ngak kompatibel sistem jadi utk atas layar suka freeze ketika guna ganti layar terima kasih
Mending beli Samsung apa Xiaomi sih kalo budget nya 6jt an?,Mending beli Samsung apa Xiaomi sih kalo budget nya 6jt an?,mending beli samsung apa xiaomi sih budget 6jt an
Samsung a56 versi 2006 ya a57,Samsung a56 versi 2006 ya a57,samsung a56 versi 2006 a57
Sayangnya gk ada slot micro sd nya,Sayangnya gk ada slot micro sd nya,sayang tidak slot micro sd
Siapa yang setuju bang david review Huawei Pura 90 Pro Max😊,Siapa yang setuju bang david review Huawei Pura 90 Pro Max😊,siapa tuju david review huawei pura 90 pro max
"gue masih pake samsung a52 keluaran pertama, kalo upgrade ke a57, worth it gak ya?","gue masih pake samsung a52 keluaran pertama, kalo upgrade ke a57, worth it gak ya?",gue masih pake samsung a52 keluar pertama upgrade a57 bagus tidak
"Jadi,, intinya yg bagus itu yg mana.. Samsung A56 atau A57??","Jadi,, intinya yg bagus itu yg mana.. Samsung A56 atau A57??",jadi inti bagus mana samsung a56 a57
BANGGGG RIPIU YANG SAMSUNG A17 5G BANGGGG,BANGGGG RIPIU YANG SAMSUNG A17 5G BANGGGG,bangggg ripiu samsung a17 5g bangggg
Liat sambil pegang samsung a50😂,Liat sambil pegang samsung a50😂,liat sambil pegang samsung a50
"Menonton ini dari samsung M30 dari pertama kali debut 2019 hingga kini ,walaupun ngk ada lagi update apapun tapi masih lancar jaya.Ngk ada ngangguan dan rencananya 2 tahun lagi mau langsung loncat ke samsung seri FE.❤","Menonton ini dari samsung M30 dari pertama kali debut 2019 hingga kini ,walaupun ngk ada lagi update apapun tapi masih lancar jaya.Ngk ada ngangguan dan rencananya 2 tahun lagi mau langsung loncat ke samsung seri FE.❤",tonton samsung m30 pertama kali debut 2019 hingga kini walaupun ngk lagi update apa masih lancar jaya ngk ngangguan rencana tahun lagi mau langsung loncat samsung seri fe
"Hmm.. Gw dri a55 blum upgrade.. 😅
Gw ad liat review² org jg sih.. 
Jjur aj, bner kta bang david, gak bkin pengen upgrade.. 
Tpi, gw pengen punya 2 hp lah.. 
Pengen ngonten, pake 1 hp susah.. 
Kmrn kepikiran mo bli kamera khusus buat ngonten aj, tpi.. 
Galao.. 🫠
Ntah bgusny kek gmn.. 
Dah lah.. 
Gw mo bli laptop aj bulan dpan.. 
Prlu laptop jg.. 
Punya komp, tpi.. 😅
Susah bgts.. 
Gw krja yg pideo², trus kdang mo edit tiba².. 
Bukan edit pideo pkokny.. 

Punya ipad, tpi aplikasi yg mo kupake, gak bsa donlod ato buka lwat ipad ato hp, hrus laptop deh pkokny.. 
Lgi galao merk apple ato lenovo.. 
Mau dell, tpi tmpatku gak gtu populer.. 
Gak ad yg baru, seken smua.. 😒
Apaan sih, msa hrus ke us ato mana gtu buat bli laptop dell aj.. 🫠 
Lgi cape kluar² ngeri.. 
Pkerjaanku asik, jdi lebi pngen krja aj ktimbang jlan².. 🤣
Soalny, gw krjany sntai, pas mau dan ad niat aj bru krja tpi bkin kecanduan krjany.. 
Ampe kdang mles kluar² rumah, mnding krja aj..","Hmm.. Gw dri a55 blum upgrade.. 😅 Gw ad liat review² org jg sih.. Jjur aj, bner kta bang david, gak bkin pengen upgrade.. Tpi, gw pengen punya 2 hp lah.. Pengen ngonten, pake 1 hp susah.. Kmrn kepikiran mo bli kamera khusus buat ngonten aj, tpi.. Galao.. 🫠 Ntah bgusny kek gmn.. Dah lah.. Gw mo bli laptop aj bulan dpan.. Prlu laptop jg.. Punya komp, tpi.. 😅 Susah bgts.. Gw krja yg pideo², trus kdang mo edit tiba².. Bukan edit pideo pkokny.. Punya ipad, tpi aplikasi yg mo kupake, gak bsa donlod ato buka lwat ipad ato hp, hrus laptop deh pkokny.. Lgi galao merk apple ato lenovo.. Mau dell, tpi tmpatku gak gtu populer.. Gak ad yg baru, seken smua.. 😒 Apaan sih, msa hrus ke us ato mana gtu buat bli laptop dell aj.. 🫠 Lgi cape kluar² ngeri.. Pkerjaanku asik, jdi lebi pngen krja aj ktimbang jlan².. 🤣 Soalny, gw krjany sntai, pas mau dan ad niat aj bru krja tpi bkin kecanduan krjany.. Ampe kdang mles kluar² rumah, mnding krja aj..",hmm gw dri a55 blum upgrade gw ad liat review org juga sih jjur aj bner kta david tidak bkin ken upgrade tpi gw ken punya handphone lah ken ngonten pake handphone susah kmrn pikir mo bli kamera khusus buat ngonten aj tpi galao ntah bgusny kek gmn dah lah gw mo bli laptop aj bulan dpan prlu laptop juga punya komp tpi susah bgts gw krja pideo trus kdang mo edit tiba bukan edit pideo pkokny punya ipad tpi aplikasi mo kupake tidak bsa donlod ato buka lwat ipad ato handphone hrus laptop deh pkokny lgi galao merk apple ato lenovo mau dell tpi tmpatku tidak gtu populer tidak ad baru ken smua apa sih msa hrus us ato mana gtu buat bli laptop dell aj lgi cape kluar ngeri pkerjaanku asik jdi lebi pngen krja aj ktimbang jlan soalny gw krjany sntai pas mau ad niat aj bru krja tpi bkin candu krjany ampe kdang mles kluar rumah mnding krja aj
Bang review hp Infinix GT 50 bang,Bang review hp Infinix GT 50 bang,review handphone infinix gt 50
masih pake A51 sampe sekarang tapi bari aja layar pecah karna jatuh apakah waktunya ganti 🤔,masih pake A51 sampe sekarang tapi bari aja layar pecah karna jatuh apakah waktunya ganti 🤔,masih pake a51 sampe sekarang bari layar pecah karna jatuh apakah waktu ganti
Coba bang compare camera hp yg sekarang sama hp jadul Nokia n8😊,Coba bang compare camera hp yg sekarang sama hp jadul Nokia n8😊,coba compare camera handphone sekarang sama handphone jadul nokia n8
"Nyesel pernah beli a56, sebulan pake layar bleng😂 , auto buang","Nyesel pernah beli a56, sebulan pake layar bleng😂 , auto buang",nyesel pernah beli a56 bulan pake layar bleng auto buang
"Nonton ini pakai A33 yg dibeli dari anakku TK, skrg dia udah kls 4 😂","Nonton ini pakai A33 yg dibeli dari anakku TK, skrg dia udah kls 4 😂",nonton pakai a33 beli anak tk skrg dia kls
Msh pake a73 tp layar sdh bergaris😂 mana di samsung sdh kosong lcdx sapatau ada yg jual ori copotan,Msh pake a73 tp layar sdh bergaris😂 mana di samsung sdh kosong lcdx sapatau ada yg jual ori copotan,msh pake a73 layar sdh gar mana samsung sdh kosong lcdx sapatau jual ori copot
Sama realme gt 7 soal gaming/daily sosmed mending mana ya?,Sama realme gt 7 soal gaming/daily sosmed mending mana ya?,sama realme gt soal gaming daily sosmed mending mana
Nama toko di Tokopedia apa sih,Nama toko di Tokopedia apa sih,nama toko tokopedia apa sih
"12:40 gua jujur mmg tunggu hape ini, tapi setelah dia launching di luar negeri dengan spek nya menurut gua hape ini tidak lbh baik dr kompetitor nya. Akhirnya gua ambil Redmi Note 15 Pro Plus.","12:40 gua jujur mmg tunggu hape ini, tapi setelah dia launching di luar negeri dengan spek nya menurut gua hape ini tidak lbh baik dr kompetitor nya. Akhirnya gua ambil Redmi Note 15 Pro Plus.",12 40 gua jujur mmg tunggu hape telah dia launching luar negeri spesifikasi turut gua hape tidak lbh baik kompetitor akhir gua ambil redmi note 15 pro plus
"Nanggung s25 fe sih ya, nanggung harganya. Blum wireles charging pula harga segitu. Jadi nanggung","Nanggung s25 fe sih ya, nanggung harganya. Blum wireles charging pula harga segitu. Jadi nanggung",nanggung s25 fe sih nanggung harga blum wireles charging pula harga segitu jadi nanggung
"Beli A52 di februari 2021 snapdragon 720G. ram 8 internal 256 GB. Sampai sekarang masih sangat cukup buat kerjaan saya ,alhamdulillah","Beli A52 di februari 2021 snapdragon 720G. ram 8 internal 256 GB. Sampai sekarang masih sangat cukup buat kerjaan saya ,alhamdulillah",beli a52 februari 2021 snapdragon 720g ram internal 256 gb sampai sekarang masih sangat cukup buat kerja alhamdulillah
Andai itu compact 😮,Andai itu compact 😮,andai compact
Romnya itu loh yg nanggung😅😅,Romnya itu loh yg nanggung😅😅,romnya loh nanggung
Masih nonton Video ini Pake A54 udh 3 Tahun yang Lalu...,Masih nonton Video ini Pake A54 udh 3 Tahun yang Lalu...,masih nonton video pake a54 tahun lalu
"Berharap Samsung Keluarin lagi Seri M 😄,kangen sih,gak ada Penerusnya","Berharap Samsung Keluarin lagi Seri M 😄,kangen sih,gak ada Penerusnya",harap samsung keluarin lagi seri kangen sih tidak terus
kapan itel city 200 kak untuk di review,kapan itel city 200 kak untuk di review,kapan itel city 200 kak review
Ini gua nonton pake samsung A57,Ini gua nonton pake samsung A57,gua nonton pake samsung a57
"Bang, wallpaper nya dapet darimana?","Bang, wallpaper nya dapet darimana?",wallpaper dapet darimana
Gw sebagai kaum miskin yg pakai hp 3 jutaan kebawah akhirnya ninggalin Samsung cuma karna 1 alasan utama yaitu poni wahahaha iya karna poni. Udah habis bener stok sabarku😂,Gw sebagai kaum miskin yg pakai hp 3 jutaan kebawah akhirnya ninggalin Samsung cuma karna 1 alasan utama yaitu poni wahahaha iya karna poni. Udah habis bener stok sabarku😂,gw bagai kaum miskin pakai handphone juta bawah akhir ninggalin samsung cuma karna alas utama yaitu poni wahahaha iya karna poni habis bener stok sabar
"Aku baru beli a57 5G, B aja hpnya😢,...","Aku baru beli a57 5G, B aja hpnya😢,...",aku baru beli a57 5g hpnya
Mau beli yg seri S lg tp takut kena greenline udah 2x beli samsung kena greenline mulu yg pertama seri S yg ke dua seri ZFlip 🤦‍♀️ pny hp samsung yg seri A jadul ampe skrng malah lebih awet,Mau beli yg seri S lg tp takut kena greenline udah 2x beli samsung kena greenline mulu yg pertama seri S yg ke dua seri ZFlip 🤦‍♀️ pny hp samsung yg seri A jadul ampe skrng malah lebih awet,mau beli seri lg takut kena greenline 2x beli samsung kena greenline mulu pertama seri dua seri zflip pny handphone samsung seri jadul ampe skrng malah lebih awet
Setelah Samsung melihat video ini pasti varian A58 bakalan banyak di kasih fitur/update.,Setelah Samsung melihat video ini pasti varian A58 bakalan banyak di kasih fitur/update.,telah samsung lihat video pasti varian a58 bakal banyak kasih fitur update
pointless dong kalo sama series a56 lalu..,pointless dong kalo sama series a56 lalu..,pointless dong sama series a56 lalu
Kirain seri a5 akan tetap compact kaya a54😢.,Kirain seri a5 akan tetap compact kaya a54😢.,kirain seri a5 akan tetap compact kaya a54
"awalnya pengen beli samsung a57, tapi gatau kenapa malah jatuh cinta sm desain poco x8 pro. jadinya beli poco deh hahaah","awalnya pengen beli samsung a57, tapi gatau kenapa malah jatuh cinta sm desain poco x8 pro. jadinya beli poco deh hahaah",awal ken beli samsung a57 gatau kenapa malah jatuh cinta sama desain poco x8 pro jadi beli poco deh hahaah
"Hp ane A52 , msh bagus , dlu2 sering maen pubg,, msh mulus smua , ga ngelag dll haha,, ganti klo udah wajib kbnykan sinyal 5g aja, skrg msh bnykan 4g sinyalnya","Hp ane A52 , msh bagus , dlu2 sering maen pubg,, msh mulus smua , ga ngelag dll haha,, ganti klo udah wajib kbnykan sinyal 5g aja, skrg msh bnykan 4g sinyalnya",handphone ane a52 msh bagus dlu2 sering maen pubg msh mulus smua tidak ngelag dll haha ganti klo wajib kbnykan sinyal 5g skrg msh bnykan 4g sinyal
"Terakhir saya pakai samsung ya tipe champ setelah itu nggak pernah mau karena terlalu pelit teknologi , tertinggal secara teknologi overprice 
Mending kalau yang premium langsung i phone huawei","Terakhir saya pakai samsung ya tipe champ setelah itu nggak pernah mau karena terlalu pelit teknologi , tertinggal secara teknologi overprice Mending kalau yang premium langsung i phone huawei",akhir pakai samsung tipe champ telah tidak pernah mau karena terlalu pelit teknologi tinggal cara teknologi overprice mending premium langsung phone huawei
Hp A1 plus bang,Hp A1 plus bang,handphone a1 plus
Masih pake Vivo v20 beli dari awal launching sampe sekarang belum lemot ❤,Masih pake Vivo v20 beli dari awal launching sampe sekarang belum lemot ❤,masih pake vivo v20 beli awal launching sampe sekarang belum lot
Saya masih pake a33 nih wkwk,Saya masih pake a33 nih wkwk,masih pake a33 nih wkwk
"Hpku ip11 64gb skrg udah gabisa buka WA pdhl apk cuma WA doang sama apk bawaan ip nya rekomendasi Hp yg oke dong untuk ngonten,edit,kamera oke dong🙏","Hpku ip11 64gb skrg udah gabisa buka WA pdhl apk cuma WA doang sama apk bawaan ip nya rekomendasi Hp yg oke dong untuk ngonten,edit,kamera oke dong🙏",hpku ip11 64gb skrg gabisa buka wa pdhl apk cuma wa doang sama apk bawa ip rekomendasi handphone oke dong ngonten edit kamera oke dong
Dah nyaman pake A55 5G ini saya.,Dah nyaman pake A55 5G ini saya.,dah nyaman pake a55 5g
Bg.. Coba riview nokia x7.. Kata orang kamera nya mirip sony,Bg.. Coba riview nokia x7.. Kata orang kamera nya mirip sony,bg coba riview nokia x7 kata orang kamera mirip sony
"No sony,, no party.","No sony,, no party.",no sony no party
"mending jangan beli samsung, baru beli samsung a56 blm baru 4 bulan layarnya kena dibawa ke service center ga bisa di klaim garansi alesannya kelalaian pengguna...","mending jangan beli samsung, baru beli samsung a56 blm baru 4 bulan layarnya kena dibawa ke service center ga bisa di klaim garansi alesannya kelalaian pengguna...",mending jangan beli samsung baru beli samsung a56 blm baru bulan layar kena bawa service center tidak klaim garansi alesannya lalai guna
Bang review Oppo Reno 15 5G dong,Bang review Oppo Reno 15 5G dong,review oppo reno 15 5g dong
Ah andai ada series A60an,Ah andai ada series A60an,ah andai series a60an
Masih setia dengan samsung j2 prime warna gold 😅,Masih setia dengan samsung j2 prime warna gold 😅,masih setia samsung j2 prime warna gold
Masih sabar dengan a55 meskipun agak berat dibawa 😂,Masih sabar dengan a55 meskipun agak berat dibawa 😂,masih sabar a55 meski agak berat bawa
"Bang David,kali² bikin video rekomendasi hp buat ojol,dgn spek standar 
Minimal bisa pake nfc
Batre gede 
Kuat thn dari air
Kamera standar tapi bagus 
Sama harga nya terjangkau 
Semoga di respon","Bang David,kali² bikin video rekomendasi hp buat ojol,dgn spek standar Minimal bisa pake nfc Batre gede Kuat thn dari air Kamera standar tapi bagus Sama harga nya terjangkau Semoga di respon",david kali bikin video rekomendasi handphone buat ojol dgn spesifikasi standar minimal pake nfc batre gede kuat thn air kamera standar bagus sama harga jangkau moga respon
Bang udah ada yg bahas iphone lipat pake dummy tuh...,Bang udah ada yg bahas iphone lipat pake dummy tuh...,bahas iphone lipat pake dummy tuh
Masih betah di a55 😂,Masih betah di a55 😂,masih betah a55
Aku udah pake samsung a8 2018 smpe sekarang yg saya suka samsung  itu daya tahanya bisa di pakesampe sekarang,Aku udah pake samsung a8 2018 smpe sekarang yg saya suka samsung itu daya tahanya bisa di pakesampe sekarang,aku pake samsung a8 2018 smpe sekarang suka samsung daya tahanya pakesampe sekarang
Apa cuma gue ngerasa A57 ini produk decoy samsung agar penjualan S25 Fe semakin laris  🤔,Apa cuma gue ngerasa A57 ini produk decoy samsung agar penjualan S25 Fe semakin laris 🤔,apa cuma gue ngerasa a57 produk decoy samsung agar jual s25 fe makin laris
"Klo mengikuti perkembangan teknologi yg ada dgn harga segitu harusnya dapat kapasitas baterai 6000mah, spek kamera naik mega pixelnya dan tambahin telezoom, processor naik kelas, sm wireless charging baru TOP 👍🏽

Disitu pasti pangsa pasar samsung naik melambung tinggi...dan bertahan sesuai pangsanya dgn jangka tertentu memunculkan seri selanjutnya...mungkin jeda 4-5th baru muncul seri diatasnya dgn spek naik signifikan lg pasti pangsanya stabil & bisa diatas.
Jadi,..dlm pengamatan sy samsung berambisi untuk menaikan pangsa pasar tp berimbas ke seri² sebelumnya jadinya kacau 😁

Tapi,..setidaknya sy masih nonton pke A51 8/128 it's oke Alhamdulillah,..masih normal semua dan gak lemot sama sekali asal cara pakai & perawatan baik 😊","Klo mengikuti perkembangan teknologi yg ada dgn harga segitu harusnya dapat kapasitas baterai 6000mah, spek kamera naik mega pixelnya dan tambahin telezoom, processor naik kelas, sm wireless charging baru TOP 👍🏽 Disitu pasti pangsa pasar samsung naik melambung tinggi...dan bertahan sesuai pangsanya dgn jangka tertentu memunculkan seri selanjutnya...mungkin jeda 4-5th baru muncul seri diatasnya dgn spek naik signifikan lg pasti pangsanya stabil & bisa diatas. Jadi,..dlm pengamatan sy samsung berambisi untuk menaikan pangsa pasar tp berimbas ke seri² sebelumnya jadinya kacau 😁 Tapi,..setidaknya sy masih nonton pke A51 8/128 it's oke Alhamdulillah,..masih normal semua dan gak lemot sama sekali asal cara pakai & perawatan baik 😊",klo ikut kembang teknologi dgn harga segitu harus dapat kapasitas baterai 6000mah spesifikasi kamera naik mega pixelnya tambahin telezoom processor naik kelas sama wireless charging baru top situ pasti pangsa pasar samsung naik lambung tinggi tahan sesuai pangsa dgn jangka tentu muncul seri lanjut mungkin jeda 5th baru muncul seri atas dgn spesifikasi naik signifikan lg pasti pangsa stabil atas jadi dlm amat sy samsung ambisi naik pangsa pasar imbas seri belum jadi kacau tidak sy masih nonton pke a51 128 it oke alhamdulillah masih normal semua tidak lot sama sekali asal cara pakai awat baik
"yang jual a52s 5g atau a54 5g, sung dm saja","yang jual a52s 5g atau a54 5g, sung dm saja",jual a52s 5g a54 5g sung dm
Sedih banget A51 ke pake cuman 2th . Abis itu rusak dri casannya . 3th lanjut service ke samsungnya jd banyak keluhan . Alhasil gk di bolehin sm masnya buat benerin karna lumayan,Sedih banget A51 ke pake cuman 2th . Abis itu rusak dri casannya . 3th lanjut service ke samsungnya jd banyak keluhan . Alhasil gk di bolehin sm masnya buat benerin karna lumayan,sedih banget a51 pake cuman 2th abis rusak dri cas 3th lanjut service samsungnya jd banyak keluh alhasil tidak bolehin sama mas buat benerin karna lumayan
Bang unboxing honor 600 pro dong.!!! 🙏🙏😅,Bang unboxing honor 600 pro dong.!!! 🙏🙏😅,unboxing honor 600 pro dong
"trauma ama samsung. 3 taun pakek tiba tiba blett mati, bener bener gabisa diidupin. punya temen juga sama kayak gt. Ada jug huawei ku dah 7 tahun mash nyala gada trouble apapun 😅 kemaren sempet pakek vivo juga sampek 5 tahun dan gaada eror apapun","trauma ama samsung. 3 taun pakek tiba tiba blett mati, bener bener gabisa diidupin. punya temen juga sama kayak gt. Ada jug huawei ku dah 7 tahun mash nyala gada trouble apapun 😅 kemaren sempet pakek vivo juga sampek 5 tahun dan gaada eror apapun",trauma ama samsung taun pakek tiba tiba blett mati bener bener gabisa diidupin punya temen juga sama kayak gt jug huawei ku dah tahun mash nyala gada trouble apa kemaren sempet pakek vivo juga sampek tahun gaada eror apa
Giveaway dong😂😂,Giveaway dong😂😂,giveaway dong
Aku masih pake hp samsung A50s 😅,Aku masih pake hp samsung A50s 😅,aku masih pake handphone samsung a50s
Oppo renk 15 bng,Oppo renk 15 bng,oppo renk 15 bng
256 auto skip,256 auto skip,256 auto skip
kk versi samsung a17 ny dong,kk versi samsung a17 ny dong,kk versi samsung a17 ny dong
bang rivwew samsung a17 dong,bang rivwew samsung a17 dong,rivwew samsung a17 dong
Ada isu sinyal lemah juga kayak a56 gak ya?,Ada isu sinyal lemah juga kayak a56 gak ya?,isu sinyal lemah juga kayak a56 tidak
Banggg tecno camon 50/50 5G review nya manaaaaaaa,Banggg tecno camon 50/50 5G review nya manaaaaaaa,banggg tecno camon 50 50 5g review manaaaaaaa
Aku dah beli loh.. dan aku paling nyaman ama samsung ajja... 😊😊😊,Aku dah beli loh.. dan aku paling nyaman ama samsung ajja... 😊😊😊,aku dah beli loh aku paling nyaman ama samsung ajja
"MAU TANYA DISINI ADA YANG BELI HP SAMSUNG A57 DI LINK YANG UDAH DI SEMATKAN DI VIDEO INI GAK? KALAU ADA BENERAN BARANGNYA ORIGINAL ATAU GAK? MASALAH NYA SAYA UDAH BELI LINK YG UDAH DI SEMATKAN, BENER BENER TAKUT NANTI GAK 100% ORIGINAL DAN AMANAH
 BARANGNYA 😢😢","MAU TANYA DISINI ADA YANG BELI HP SAMSUNG A57 DI LINK YANG UDAH DI SEMATKAN DI VIDEO INI GAK? KALAU ADA BENERAN BARANGNYA ORIGINAL ATAU GAK? MASALAH NYA SAYA UDAH BELI LINK YG UDAH DI SEMATKAN, BENER BENER TAKUT NANTI GAK 100% ORIGINAL DAN AMANAH BARANGNYA 😢😢",mau tanya sini beli handphone samsung a57 link semat video tidak beneran barang original tidak masalah beli link semat bener bener takut nanti tidak 100 original amanah barang
Sumpah dah pakai Samsung A56 aja udh nikmat banget,Sumpah dah pakai Samsung A56 aja udh nikmat banget,sumpah dah pakai samsung a56 nikmat banget
"Beli dimana bang, mau beli online takut kena tipu","Beli dimana bang, mau beli online takut kena tipu",beli mana mau beli online takut kena tipu
"Aku maaih pake a50s 6GB, 128GB. Beli Oktober 2019 masih oke2 aja nih, udah kecemplung ke selokan kebanting beberapa kali, masih kenceng nih. Mantep emang SAMSUNG","Aku maaih pake a50s 6GB, 128GB. Beli Oktober 2019 masih oke2 aja nih, udah kecemplung ke selokan kebanting beberapa kali, masih kenceng nih. Mantep emang SAMSUNG",aku maaih pake a50s 6gb 128gb beli oktober 2019 masih oke2 nih cemplung selokan banting beberapa kali masih kenceng nih mantep emang samsung
"Alhamdulillah, akhir thn lalu dapat a56 12/256 sudah harga 5,6. 😊","Alhamdulillah, akhir thn lalu dapat a56 12/256 sudah harga 5,6. 😊",alhamdulillah akhir thn lalu dapat a56 12 256 harga
Msh LBH ok harganya galaxy A56 walaupun segi desain TDK beda jauh dan gampang jatuh kl hp terlalu tipis,Msh LBH ok harganya galaxy A56 walaupun segi desain TDK beda jauh dan gampang jatuh kl hp terlalu tipis,msh lbh ok harga galaxy a56 walaupun segi desain tdk beda jauh gampang jatuh kl handphone terlalu tipis
Harga nya buat kita utk TDK upgrade ke galaxy a57,Harga nya buat kita utk TDK upgrade ke galaxy a57,harga buat utk tdk upgrade galaxy a57
"Nonton sambil pake A55, so far buat daily driver masih ok, dan yg blm bisa move on dr A55 itu krn bisa colok SD Cardnya","Nonton sambil pake A55, so far buat daily driver masih ok, dan yg blm bisa move on dr A55 itu krn bisa colok SD Cardnya",nonton sambil pake a55 so far buat daily driver masih ok blm move on a55 karena colok sd cardnya
Syukuri aja udah punya samsung a56 12/256GB,Syukuri aja udah punya samsung a56 12/256GB,syukur punya samsung a56 12 256gb
mau tau pengguna A56 komen,mau tau pengguna A56 komen,mau tau guna a56 komen
"Mau secanggih apapun smartphone, semua konten para gadget review tdk pernah mengulas soal kecepatan jaringan 5G nya. Karena di indo jaringan 5G nya blom ada. Smartphone jaringan 5G sudah berserak dari tahun ke tahun tapi provider dri Telkomsel, XL, dll, tetap blom mumpuni untuk jaringan 5G sekalipun smartphone sudah support. Review jaringan 5G nya tdk satu pun di review oleh mereka karena untuk jaringan 5G itu bermacam macam signal yang di tangkap oleh smartphone nya seperti jaringan WiFI.

Jadi kita beli smartphone support 5G, tapi kecepatan jaringan yang bisa terima smartphone anda blom anda ketahui sama sekali.","Mau secanggih apapun smartphone, semua konten para gadget review tdk pernah mengulas soal kecepatan jaringan 5G nya. Karena di indo jaringan 5G nya blom ada. Smartphone jaringan 5G sudah berserak dari tahun ke tahun tapi provider dri Telkomsel, XL, dll, tetap blom mumpuni untuk jaringan 5G sekalipun smartphone sudah support. Review jaringan 5G nya tdk satu pun di review oleh mereka karena untuk jaringan 5G itu bermacam macam signal yang di tangkap oleh smartphone nya seperti jaringan WiFI. Jadi kita beli smartphone support 5G, tapi kecepatan jaringan yang bisa terima smartphone anda blom anda ketahui sama sekali.",mau canggih apa smartphone semua konten para gadget review tdk pernah ulas soal cepat jaring 5g karena indo jaring 5g blom smartphone jaring 5g serak tahun tahun provider dri telkomsel xl dll tetap blom mumpuni jaring 5g sekalipun smartphone support review jaring 5g tdk satu pun review oleh karena jaring 5g macam macam signal tangkap oleh smartphone seperti jaring wifi jadi beli smartphone support 5g cepat jaring terima smartphone anda blom anda tahu sama sekali
Kenapa samsung tipe M gk muncul lagi ya?,Kenapa samsung tipe M gk muncul lagi ya?,kenapa samsung tipe tidak muncul lagi
"Sebenarnya bezzel bisa jadi alasan hp ini bagus, tapi kalau di katain gak jauh beda dari series kemarin, pertimbangkan lagi 😅😅😅","Sebenarnya bezzel bisa jadi alasan hp ini bagus, tapi kalau di katain gak jauh beda dari series kemarin, pertimbangkan lagi 😅😅😅",benar bezzel jadi alas handphone bagus katain tidak jauh beda series kemarin timbang lagi
Gw yg punya A55 cuman bisa nahan ngiler,Gw yg punya A55 cuman bisa nahan ngiler,gw punya a55 cuman nahan ngiler
wah naik nih harga hp ku,wah naik nih harga hp ku,wah naik nih harga handphone ku
Mending samsung a56 atau huawei pura 80 bang?,Mending samsung a56 atau huawei pura 80 bang?,mending samsung a56 huawei pura 80
j10,j10,j10
"Suka banget sama chanel ini, memberi penjelasan sangat detail sampai ke inti inti nya, dan yang lebih gua suka, pemahamannya dengan penjelasannya sangat mudah dimengerti 👍","Suka banget sama chanel ini, memberi penjelasan sangat detail sampai ke inti inti nya, dan yang lebih gua suka, pemahamannya dengan penjelasannya sangat mudah dimengerti 👍",suka banget sama chanel beri jelas sangat detail sampai inti inti lebih gua suka paham jelas sangat mudah erti
samsung awet rasaku bang makanya cocok untuk harag mid,samsung awet rasaku bang makanya cocok untuk harag mid,samsung awet rasa makanya cocok harag mid
Pake a55 dri 2024 dah ngelaaggggg😭😭,Pake a55 dri 2024 dah ngelaaggggg😭😭,pake a55 dri 2024 dah ngelaaggggg
Aku bertahan di a56 saja,Aku bertahan di a56 saja,aku tahan a56
Samsung a57 apa ip 13?,Samsung a57 apa ip 13?,samsung a57 apa ip 13
Samsung benar bagus di UI tpi tidak bagus di SC aja,Samsung benar bagus di UI tpi tidak bagus di SC aja,samsung benar bagus ui tpi tidak bagus sc
Pakai A55 masih ok sampai sekarang,Pakai A55 masih ok sampai sekarang,pakai a55 masih ok sampai sekarang
"harusnya ada yang varian s nya ya kayak A52s dulu..
itu dulu game changer banget untuk varian A ini",harusnya ada yang varian s nya ya kayak A52s dulu.. itu dulu game changer banget untuk varian A ini,harus varian kayak a52s dulu dulu game changer banget varian
Lagi nunggu samsung s26fe aja lah😴,Lagi nunggu samsung s26fe aja lah😴,lagi nunggu samsung s26fe lah
Alhamdulillah dah ganti dari A56 ke A57,Alhamdulillah dah ganti dari A56 ke A57,alhamdulillah dah ganti a56 a57
"yg udh pake samsung , gakusah coba coba deh make merk lain , saya seminggu ini make x8 pm,pindah dari samsung s21 , secara spek emang jauh menang x8 , tapi kenyamanan pake nya tetep nyaman samsung yang paling kerasa di layar sama os nya .","yg udh pake samsung , gakusah coba coba deh make merk lain , saya seminggu ini make x8 pm,pindah dari samsung s21 , secara spek emang jauh menang x8 , tapi kenyamanan pake nya tetep nyaman samsung yang paling kerasa di layar sama os nya .",pake samsung gakusah coba coba deh make merk lain minggu make x8 pm pindah samsung s21 cara spesifikasi emang jauh menang x8 nyaman pake tetep nyaman samsung paling rasa layar sama os
gw yang nonton pake A53,gw yang nonton pake A53,gw nonton pake a53
"Q udah beli gaes..q ada di hongkong nitip temen pas cuti.dpr hrga 7.599.000 frew kepala hp

Smga awet y",Q udah beli gaes..q ada di hongkong nitip temen pas cuti.dpr hrga 7.599.000 frew kepala hp Smga awet y,beli gaes hongkong nitip temen pas cuti dpr hrga 599 000 frew kepala handphone smga awet
"bang mau nanya, aku ada samsung s23 basic kena lcd ijo andalan samsung wkwkwk baiknya ganti lcd atau hp aja yaah","bang mau nanya, aku ada samsung s23 basic kena lcd ijo andalan samsung wkwkwk baiknya ganti lcd atau hp aja yaah",mau nanya aku samsung s23 basic kena lcd ijo andal samsung wkwkwk baik ganti lcd handphone yaah
Entah kenapa dri dlu tiap nonton review gadgetin mau review produk apapun selalu ngantuk dan ketiduran,Entah kenapa dri dlu tiap nonton review gadgetin mau review produk apapun selalu ngantuk dan ketiduran,entah kenapa dri dlu tiap nonton review gadgetin mau review produk apa selalu ngantuk tidur
Nnton pke a54 😅,Nnton pke a54 😅,nnton pke a54
masih aman di A50S,masih aman di A50S,masih aman a50s
Gw nunggu A59 smpe ada wireless charging😂,Gw nunggu A59 smpe ada wireless charging😂,gw nunggu a59 smpe wireless charging
"pakai A56 aja lah, ga jadi upgrade 😂","pakai A56 aja lah, ga jadi upgrade 😂",pakai a56 lah tidak jadi upgrade
"samsung ya begitu, kelebihan? awet bagi devices yg gw pake ya","samsung ya begitu, kelebihan? awet bagi devices yg gw pake ya",samsung begitu lebih awet bagi devices gw pake
emang ada ya orang ganti hp cuma karena ada versi barunya? maksudku diluar kebutuhan. kalo hp lama masih fungsi dan memadai?,emang ada ya orang ganti hp cuma karena ada versi barunya? maksudku diluar kebutuhan. kalo hp lama masih fungsi dan memadai?,emang orang ganti handphone cuma karena versi baru maksud luar butuh handphone lama masih fungsi pada
"Aku sebagai user A73 dan A25 (sekarang hp nya dijual untuk yang a25 nya) mau ganti hp,aku bingung mau A26,A57,S26+,atau S26 Ultra ya?????","Aku sebagai user A73 dan A25 (sekarang hp nya dijual untuk yang a25 nya) mau ganti hp,aku bingung mau A26,A57,S26+,atau S26 Ultra ya?????",aku bagai user a73 a25 sekarang handphone jual a25 mau ganti handphone aku bingung mau a26 a57 s26 s26 ultra
"sdh A-57 aja, awak msh pk yg A-50 ni🤣","sdh A-57 aja, awak msh pk yg A-50 ni🤣",sdh 57 awak msh pk 50 ni
Menunggu Samsung rilis hp spek A57 tapi dengan ukuran compact (seukuran S2X basic) pakai ram 12 gb memori minimal 256. 😀,Menunggu Samsung rilis hp spek A57 tapi dengan ukuran compact (seukuran S2X basic) pakai ram 12 gb memori minimal 256. 😀,tunggu samsung rilis handphone spesifikasi a57 ukur compact ukur s2x basic pakai ram 12 gb memori minimal 256
Nyesel jir beli ni hp mending samsung s25 fe jir kamera gak bisa 4k 60fps jir,Nyesel jir beli ni hp mending samsung s25 fe jir kamera gak bisa 4k 60fps jir,nyesel jir beli ni handphone mending samsung s25 fe jir kamera tidak 4k 60fps jir
Keluar ingusku dengan harganya..,Keluar ingusku dengan harganya..,keluar ingus harga
Lumyn,Lumyn,lumyn
"Hp gw A55 nyemplung kekolam langsunf eror, ganti A56 kehujanan eror juga. Jdi fungsi ip67 nya apa? Giliran klaim garansi ke samsung (maaf garansinya tidak mengcover kemasukan air) 🤣🤣","Hp gw A55 nyemplung kekolam langsunf eror, ganti A56 kehujanan eror juga. Jdi fungsi ip67 nya apa? Giliran klaim garansi ke samsung (maaf garansinya tidak mengcover kemasukan air) 🤣🤣",handphone gw a55 nyemplung kolam langsunf eror ganti a56 hujan eror juga jdi fungsi ip67 apa gilir klaim garansi samsung maaf garansi tidak mengcover masuk air
wah thank u infonya,wah thank u infonya,wah thank info
Masih work it a56 sedikit lebh dingin dr pada a57 . Mungkin dr bezelnya lebih bagus yg a56,Masih work it a56 sedikit lebh dingin dr pada a57 . Mungkin dr bezelnya lebih bagus yg a56,masih work it a56 sedikit lebh dingin pada a57 mungkin bezelnya lebih bagus a56
Masih setia pake a54 😄,Masih setia pake a54 😄,masih setia pake a54
"Halo bang David apa kabar? Bang maaf sekedar saran klo gk salah dulu pernah bahas redmi not 11 series itu bagus bgt tpi blm lengkap smua, tolong bahas yg seri redmi not 11 pro plus yg gk di jual di pasar indonesia, itu hp top bgt banyak peminatnya tpi susah belinya... Terima kasih🙏","Halo bang David apa kabar? Bang maaf sekedar saran klo gk salah dulu pernah bahas redmi not 11 series itu bagus bgt tpi blm lengkap smua, tolong bahas yg seri redmi not 11 pro plus yg gk di jual di pasar indonesia, itu hp top bgt banyak peminatnya tpi susah belinya... Terima kasih🙏",halo david apa kabar maaf dar saran klo tidak salah dulu pernah bahas redmi not 11 series bagus banget tpi blm lengkap smua tolong bahas seri redmi not 11 pro plus tidak jual pasar indonesia handphone top banget banyak minat tpi susah beli terima kasih
Gw nonton ini pake samsung a55 dan masih ngerasa a55 jadi hp yang worth it buat dibeli walau udh rilis sampe a57,Gw nonton ini pake samsung a55 dan masih ngerasa a55 jadi hp yang worth it buat dibeli walau udh rilis sampe a57,gw nonton pake samsung a55 masih ngerasa a55 jadi handphone bagus buat beli walau rilis sampe a57
"Saya move on dari samsay ke xiaoni, asli nikmat bener... Wkwk","Saya move on dari samsay ke xiaoni, asli nikmat bener... Wkwk",move on samsay xiaoni asli nikmat bener wkwk
Dapat di harga 6.5,Dapat di harga 6.5,dapat harga
Review samsung a17 bg,Review samsung a17 bg,review samsung a17 bg
unboxsing infinix GT 50 pro pliss,unboxsing infinix GT 50 pro pliss,unboxsing infinix gt 50 pro pliss
"A07 tetap josss # 
Angkat jempolnya yg nonton pake A07",A07 tetap josss # Angkat jempolnya yg nonton pake A07,a07 tetap josss angkat jempol nonton pake a07
tau gitu nunggu a57 keluar 😂,tau gitu nunggu a57 keluar 😂,tau gitu nunggu a57 keluar
Bang 😢serius harga s25 fe =8.848.000 juta rupiah itu link pembelian ditoko online mana tolong di share,Bang 😢serius harga s25 fe =8.848.000 juta rupiah itu link pembelian ditoko online mana tolong di share,serius harga s25 fe 848 000 juta rupiah link beli toko online mana tolong share
"Gua team yg cuma pengen nonton dan dengar upgrade hp dari tahun ke tahun aja, kalo beli mah 4 tahun sekali 😂, kalo masih bagus knpa harus ganti kan wkwk","Gua team yg cuma pengen nonton dan dengar upgrade hp dari tahun ke tahun aja, kalo beli mah 4 tahun sekali 😂, kalo masih bagus knpa harus ganti kan wkwk",gua team cuma ken nonton dengar upgrade handphone tahun tahun beli mah tahun sekali masih bagus knpa harus ganti kan wkwk
mending balik ke A54 deh kata gua,mending balik ke A54 deh kata gua,mending balik a54 deh kata gua
"Tunggu a58 saja,, biasanya samsung bedanya kerasa di seri genap,, kalau yg beda 1 tingkat perubahannya gak banyak","Tunggu a58 saja,, biasanya samsung bedanya kerasa di seri genap,, kalau yg beda 1 tingkat perubahannya gak banyak",tunggu a58 biasa samsung beda rasa seri genap beda tingkat ubah tidak banyak
Samsung denga kamera bagus badget 3jt ada ngk?,Samsung denga kamera bagus badget 3jt ada ngk?,samsung denga kamera bagus badget 3jt ngk
itu hp cepat panas,itu hp cepat panas,handphone cepat panas
Kalau mau Speed jangan Samsung. Kalau mau bahan Gorilla Glass Victus depan belakang + update keamanan software 6 tahun nah baru tuh beli Samsung. Yang bikin Samsung nyaman tuh bagus buat dipakai jangka panjang. Smartphone lain update keamanannya hanya 3 tahun. Artinya setelah lewat 3 tahun maka keamanannya sudah tertinggal.,Kalau mau Speed jangan Samsung. Kalau mau bahan Gorilla Glass Victus depan belakang + update keamanan software 6 tahun nah baru tuh beli Samsung. Yang bikin Samsung nyaman tuh bagus buat dipakai jangka panjang. Smartphone lain update keamanannya hanya 3 tahun. Artinya setelah lewat 3 tahun maka keamanannya sudah tertinggal.,mau speed jangan samsung mau bahan gorilla glass victus depan belakang update aman software tahun nah baru tuh beli samsung bikin samsung nyaman tuh bagus buat pakai jangka panjang smartphone lain update aman hanya tahun arti telah lewat tahun maka aman tinggal
Lebih worth it a57 apa iqoo 15r bang?,Lebih worth it a57 apa iqoo 15r bang?,lebih bagus a57 apa iqoo 15r
"Kapan ak bisa updrage hp ini ya, maaih bertahan di samsung a32 😊","Kapan ak bisa updrage hp ini ya, maaih bertahan di samsung a32 😊",kapan ak updrage handphone maaih tahan samsung a32
*Saya pake Samsung A55 masih sangat awet*,*Saya pake Samsung A55 masih sangat awet*,pake samsung a55 masih sangat awet
"Nonton di a56 hehe, emng enak si ini hp pas aja ga kurang ga lebih, tapi cukup segi kamera oke gaming oke ui nya paling penting oke bingittt cocok buat mobilitas harian 9/10 mantap🔥🔥🔥","Nonton di a56 hehe, emng enak si ini hp pas aja ga kurang ga lebih, tapi cukup segi kamera oke gaming oke ui nya paling penting oke bingittt cocok buat mobilitas harian 9/10 mantap🔥🔥🔥",nonton a56 hehe emng enak si handphone pas tidak kurang tidak lebih cukup segi kamera oke gaming oke ui paling penting oke bingittt cocok buat mobilitas hari 10 mantap
"Masih setia sama a52s 5G. Dan masih aman smpi skrg tuk game dan krja, pemakian 6 tahunan","Masih setia sama a52s 5G. Dan masih aman smpi skrg tuk game dan krja, pemakian 6 tahunan",masih setia sama a52s 5g masih aman smpi skrg tuk game krja maki tahun
Pake A52s udah 5 thn lebih,Pake A52s udah 5 thn lebih,pake a52s thn lebih
"Bang, review Infinix GT 50 dong plsss","Bang, review Infinix GT 50 dong plsss",review infinix gt 50 dong plsss
Seri a kek tai kebanyakan kasus stuck logo,Seri a kek tai kebanyakan kasus stuck logo,seri kek tai banyak kasus stuck logo
"""enak ya jadi yang paling atas""
si bro sedang merendah🗿🗿","""enak ya jadi yang paling atas"" si bro sedang merendah🗿🗿",enak jadi paling atas si bro sedang rendah
baterainya krang sih,baterainya krang sih,baterai krang sih
Saya masih betah pake A54😂..  intinya sih belum ada duit nya wkkwkw .ini masih bisa kepake 2 tahunan lagi,Saya masih betah pake A54😂.. intinya sih belum ada duit nya wkkwkw .ini masih bisa kepake 2 tahunan lagi,masih betah pake a54 inti sih belum duit wkkwkw masih kepake tahun lagi
"Ask, mending ini apa xiaomi 14T ya?","Ask, mending ini apa xiaomi 14T ya?",ask mending apa xiaomi 14t
harganya woy woyy...😂😂,harganya woy woyy...😂😂,harga woy woyy
Bang bagus mana samsung S 25 FE ram 8 : 256 atau samsung A57 ram 12 : 256?,Bang bagus mana samsung S 25 FE ram 8 : 256 atau samsung A57 ram 12 : 256?,bagus mana samsung 25 fe ram 256 samsung a57 ram 12 256
"Ex user J2 Prime, J7Pro, A14 and the last berpaling ke Motorola Edge 60 Pro🙏🏼😁","Ex user J2 Prime, J7Pro, A14 and the last berpaling ke Motorola Edge 60 Pro🙏🏼😁",ex user j2 prime j7pro a14 and the last paling motorola edge 60 pro
bang kapan coba Infinix note 50x 5G😅,bang kapan coba Infinix note 50x 5G😅,kapan coba infinix note 50x 5g
Upgrade nya pasti dikit dr adiknya,Upgrade nya pasti dikit dr adiknya,upgrade pasti dikit adik
"Gw pengguna A72
Bener² bagus kok A72 buat Gaming, Batrei Gede, Layar Gede❤","Gw pengguna A72 Bener² bagus kok A72 buat Gaming, Batrei Gede, Layar Gede❤",gw guna a72 bener bagus kok a72 buat gaming batrei gede layar gede
Saya putuskan membeli a56 mudahan harganya tambah turun heheh,Saya putuskan membeli a56 mudahan harganya tambah turun heheh,putus beli a56 mudah harga tambah turun heheh
Itu hpnya ada fitur Samsung dex apa gak bang?,Itu hpnya ada fitur Samsung dex apa gak bang?,hpnya fitur samsung dex apa tidak
Mau up hp dari a54 ke a57 dengar upgradenya dikit doang jadi ga semangat jirlah,Mau up hp dari a54 ke a57 dengar upgradenya dikit doang jadi ga semangat jirlah,mau up handphone a54 a57 dengar upgradenya dikit doang jadi tidak semangat jir
Pengguna S26 Ultra nih😢,Pengguna S26 Ultra nih😢,guna s26 ultra nih
Pengguna Note 20 udah mau jalan 6 tahun.. pengen upgrade hp tapi bingung samsung apa.. ego pengennya S26 tapi lagi ada keperluan lain 😢 ada saran kah..? Apa S25 FE kaya yg disebut bang David...,Pengguna Note 20 udah mau jalan 6 tahun.. pengen upgrade hp tapi bingung samsung apa.. ego pengennya S26 tapi lagi ada keperluan lain 😢 ada saran kah..? Apa S25 FE kaya yg disebut bang David...,guna note 20 mau jalan tahun ken upgrade handphone bingung samsung apa ego ken s26 lagi perlu lain saran kah apa s25 fe kaya sebut david
Rahib,Rahib,rahib
Aku masih pake Samsung A50 huhuhu,Aku masih pake Samsung A50 huhuhu,aku masih pake samsung a50 huhuhu
Bener better samsung s25fe kemarin dapet new harga flash sale 7.8,Bener better samsung s25fe kemarin dapet new harga flash sale 7.8,bener better samsung s25fe kemarin dapet new harga flash sale
"Saya pake Galaxi A54 5g,masih bagus...mau ganti sayang uang nya...gak ada habisnya kalau ngikutin kemauan mah hehe","Saya pake Galaxi A54 5g,masih bagus...mau ganti sayang uang nya...gak ada habisnya kalau ngikutin kemauan mah hehe",pake galaxi a54 5g masih bagus mau ganti sayang uang tidak habis ngikutin mau mah hehe
WKWK kertas kecil itu 🗿😭,WKWK kertas kecil itu 🗿😭,wkwk kertas kecil
Hpya gubernur jabar kdm a56,Hpya gubernur jabar kdm a56,hpya gubernur jabar kdm a56
nggak akan beli samsung seri A lagi sampe mereka ngeluarin hp yang value-nya sebagus A52s 😂,nggak akan beli samsung seri A lagi sampe mereka ngeluarin hp yang value-nya sebagus A52s 😂,tidak akan beli samsung seri lagi sampe ngeluarin handphone value bagus a52s
Aku pake Iphone 11 udah 7 tahun bang.,Aku pake Iphone 11 udah 7 tahun bang.,aku pake iphone 11 tahun
"Bang gadgetin mau tanya hp yang habis di review itu apakah dijual atau tidak, kalau semisal dijual biasanya sama babang di taruh toko mana atau jual via toko online lewat social media lain seperti Instagram","Bang gadgetin mau tanya hp yang habis di review itu apakah dijual atau tidak, kalau semisal dijual biasanya sama babang di taruh toko mana atau jual via toko online lewat social media lain seperti Instagram",gadgetin mau tanya handphone habis review apakah jual tidak misal jual biasa sama babang taruh toko mana jual via toko online lewat social media lain seperti instagram
"bagus sekali sharingnya
jadi yang ngicer a57 bisa sesuai selera masing2",bagus sekali sharingnya jadi yang ngicer a57 bisa sesuai selera masing2,bagus sekali sharingnya jadi ngicer a57 sesuai selera masing2
"Bang, minta rekomendasi hp 5 jutaan kamera terbaik.","Bang, minta rekomendasi hp 5 jutaan kamera terbaik.",minta rekomendasi handphone juta kamera baik
Saya pake samsung A56 Padahal rencana nya mau tuker tambah dgn A57 tp beda nya cuman sedikit aja 😢 makasih ya koko david sdh memberikan pencerahan jd keputusan saya enggk jd ber alih di A57. 😢,Saya pake samsung A56 Padahal rencana nya mau tuker tambah dgn A57 tp beda nya cuman sedikit aja 😢 makasih ya koko david sdh memberikan pencerahan jd keputusan saya enggk jd ber alih di A57. 😢,pake samsung a56 padahal rencana mau tuker tambah dgn a57 beda cuman sedikit makasih koko david sdh beri cerah jd putus enggk jd ber alih a57
mending mana ya 2026 s22 ultra apa  sama a57  tolong bantu rekom,mending mana ya 2026 s22 ultra apa sama a57 tolong bantu rekom,mending mana 2026 s22 ultra apa sama a57 tolong bantu rekom
"Pakek A55 sudah 2 tahun itu saja dulu beli karena sebelumnya pakek J7 tahun 2016 sudah sering full memorinya dan kalau buat zoom panasnya minta ampun.
Moga awet 🎉",Pakek A55 sudah 2 tahun itu saja dulu beli karena sebelumnya pakek J7 tahun 2016 sudah sering full memorinya dan kalau buat zoom panasnya minta ampun. Moga awet 🎉,pakek a55 tahun dulu beli karena belum pakek j7 tahun 2016 sering full memori buat zoom panas minta ampun moga awet
"Wktu itu niatnya pgn bgt A56 tp budgetnya blm ad, alhasil belinya A26","Wktu itu niatnya pgn bgt A56 tp budgetnya blm ad, alhasil belinya A26",wktu niat pgn banget a56 budgetnya blm ad alhasil beli a26
"bang, kenapa Samsung seri A7 gak ada lanjutannya
mentok di A73","bang, kenapa Samsung seri A7 gak ada lanjutannya mentok di A73",kenapa samsung seri a7 tidak lanjut mentok a73
"Salam dari user samsung A51. mau upgrade hp, intinya better A57 atau A56?","Salam dari user samsung A51. mau upgrade hp, intinya better A57 atau A56?",salam user samsung a51 mau upgrade handphone inti better a57 a56
Wkwkwk dripada Samsung Mendimg brnd sblah ramnya juga kecil wkwkwk,Wkwkwk dripada Samsung Mendimg brnd sblah ramnya juga kecil wkwkwk,wkwkwk dripada samsung mendimg brnd sblah ram juga kecil wkwkwk
2026 masih stay a73 😂,2026 masih stay a73 😂,2026 masih stay a73
Bang link nya terpercaya gk bang mau ambil s25 fe soalnya,Bang link nya terpercaya gk bang mau ambil s25 fe soalnya,link percaya tidak mau ambil s25 fe soal
Hati2 celup air..layarnya jadi Ungu😅😅😅,Hati2 celup air..layarnya jadi Ungu😅😅😅,hati2 celup air layar jadi ungu
Menit ke 4 udah bikin males. Lagi2 dan lagi gak bisa nambah micro SD. Kureng banget. Big No buat hp mid tapi sok2an gada micro SD.,Menit ke 4 udah bikin males. Lagi2 dan lagi gak bisa nambah micro SD. Kureng banget. Big No buat hp mid tapi sok2an gada micro SD.,menit bikin males lagi2 lagi tidak nambah micro sd reng banget big no buat handphone mid sok2an gada micro sd
"Aku apakai A52S gara"" dengerin review abang, dan beneran Bagus","Aku apakai A52S gara"" dengerin review abang, dan beneran Bagus",aku apakai a52s gara dengerin review abang beneran bagus
"Saya user samsung M20 bang,wkwkwk 
Sudah ganti beberapa kali LCD aja karena pecah.
Dan masih badak buat di pake kerja","Saya user samsung M20 bang,wkwkwk Sudah ganti beberapa kali LCD aja karena pecah. Dan masih badak buat di pake kerja",user samsung m20 wkwkwk ganti beberapa kali lcd karena pecah masih badak buat pake kerja
De awal beli hp sampe skrg pake a56 tetap samsung,De awal beli hp sampe skrg pake a56 tetap samsung,de awal beli handphone sampe skrg pake a56 tetap samsung
bg review infinix note 60 ultra,bg review infinix note 60 ultra,bg review infinix note 60 ultra
Liat youtube ini pake samsung A50s😂,Liat youtube ini pake samsung A50s😂,liat youtube pake samsung a50s
Infinix note 60 ultranya kapan bangggg😢,Infinix note 60 ultranya kapan bangggg😢,infinix note 60 ultra kapan bangggg
Beli samsung j4+ dari 2018 sampai sekarang belum diganti😊,Beli samsung j4+ dari 2018 sampai sekarang belum diganti😊,beli samsung j4 2018 sampai sekarang belum ganti
Saking minim upgradenya sampe di tulis di kertas kecill 😅,Saking minim upgradenya sampe di tulis di kertas kecill 😅,saking minim upgradenya sampe tulis kertas kecill
"Jadi trauma beli Samsung versi A ... Hbis beli A55 asli burik kameranya, harganya juga mahal dgn spek yg minim, gak bisa bagus dipake ngonten, lebih wort it beli Poco versi X... Harga terjangkau tp kualitas gacor... Di pake ngonten pun sangat baguuss","Jadi trauma beli Samsung versi A ... Hbis beli A55 asli burik kameranya, harganya juga mahal dgn spek yg minim, gak bisa bagus dipake ngonten, lebih wort it beli Poco versi X... Harga terjangkau tp kualitas gacor... Di pake ngonten pun sangat baguuss",jadi trauma beli samsung versi hbis beli a55 asli burik kamera harga juga mahal dgn spesifikasi minim tidak bagus dipake ngonten lebih wort it beli poco versi harga jangkau kualitas gacor pake ngonten pun sangat baguuss
Gak worthit. Mending a55 sama s24fe,Gak worthit. Mending a55 sama s24fe,tidak worthit mending a55 sama s24fe
"Udah paling bener ambil IQOO 15R menang dari aspek manapun, Maaf berbicara fakta","Udah paling bener ambil IQOO 15R menang dari aspek manapun, Maaf berbicara fakta",paling bener ambil iqoo 15r menang aspek mana maaf bicara fakta
Gua yang masih pake A50 Ram 4/64 nyimak aja dah🙂,Gua yang masih pake A50 Ram 4/64 nyimak aja dah🙂,gua masih pake a50 ram 64 nyimak dah
"Bang, bikin perbandingan A57 dengan S25 FE donk bang","Bang, bikin perbandingan A57 dengan S25 FE donk bang",bikin banding a57 s25 fe donk
sedang penghematan kali mau bangkrut...wkwk . astaghfirullah,sedang penghematan kali mau bangkrut...wkwk . astaghfirullah,sedang hemat kali mau bangkrut wkwk astaghfirullah
"Sekarang masih paka A52 ... insya allah abis gajian bulan ini udah waktunya upgrade setelah udah 5thn. Jujur a52 masih worth it bgt buat di pake ringan2. Tp udah waktunyaa ganti aja hehe. Kira kira, ini rekomen atau pindah brand yaaa.. penasaran juga sama poco X8 pro atau F7","Sekarang masih paka A52 ... insya allah abis gajian bulan ini udah waktunya upgrade setelah udah 5thn. Jujur a52 masih worth it bgt buat di pake ringan2. Tp udah waktunyaa ganti aja hehe. Kira kira, ini rekomen atau pindah brand yaaa.. penasaran juga sama poco X8 pro atau F7",sekarang masih paka a52 insya allah abis gaji bulan waktu upgrade telah 5thn jujur a52 masih bagus banget buat pake ringan2 waktunyaa ganti hehe kira kira rekomen pindah brand yaaa penasaran juga sama poco x8 pro f7
A52 hadir 😂,A52 hadir 😂,a52 hadir
"nonton ini pake samsung A52s, ga kerasa uda sampe A57 haha","nonton ini pake samsung A52s, ga kerasa uda sampe A57 haha",nonton pake samsung a52s tidak rasa uda sampe a57 haha
abang bikin part 2!!!!,abang bikin part 2!!!!,abang bikin part
"Masih pakai samsung A71 😢😊
Blm bisa upgrade.",Masih pakai samsung A71 😢😊 Blm bisa upgrade.,masih pakai samsung a71 blm upgrade
"menurut gw update A58 nanti harusnya batre min 6000mAh. dan kamera udh perlu telefoto, karena harga udh mahal dan rivalnya harga setara udh jadi hal wajar, klo prosesor ya secukupnya asal update tiap generasi dah cukup spy ga terlalu mahal ke seri Fe","menurut gw update A58 nanti harusnya batre min 6000mAh. dan kamera udh perlu telefoto, karena harga udh mahal dan rivalnya harga setara udh jadi hal wajar, klo prosesor ya secukupnya asal update tiap generasi dah cukup spy ga terlalu mahal ke seri Fe",turut gw update a58 nanti harus batre min 6000mah kamera perlu telefoto karena harga mahal rival harga tara jadi hal wajar klo prosesor cukup asal update tiap generasi dah cukup spy tidak terlalu mahal seri fe
Masih 4k 30fps😂😂😂,Masih 4k 30fps😂😂😂,masih 4k 30fps
A57 atau poco x8 pro gays saran nya dong,A57 atau poco x8 pro gays saran nya dong,a57 poco x8 pro gays saran dong
"Dahla, bertahan di a52s aja dulu😂😂","Dahla, bertahan di a52s aja dulu😂😂",dahla tahan a52s dulu
"Menurut alanisis gw ya, A5x itu update benerannya 3 tahun sekali.
Misalnya A50 dan A51 biasa aja tp pas A52 itu paling bagus, bahkan ada A52s yg 5G. Ke A53 malah kaya downgrade jd ga ada jack audio, ke A54 upgrade tp ya lumayan doang.
Nah pas A55 jan lumayan jd midrange terbaik, ke A56 biasa aja dan kaya downgrade karena ilang slot SD walau ngecas jadi 45w, ke A57 jadi penyempurnaan doang. Harusnya ntr A58 baru ada gebrakan yg lumayan kerasa.","Menurut alanisis gw ya, A5x itu update benerannya 3 tahun sekali. Misalnya A50 dan A51 biasa aja tp pas A52 itu paling bagus, bahkan ada A52s yg 5G. Ke A53 malah kaya downgrade jd ga ada jack audio, ke A54 upgrade tp ya lumayan doang. Nah pas A55 jan lumayan jd midrange terbaik, ke A56 biasa aja dan kaya downgrade karena ilang slot SD walau ngecas jadi 45w, ke A57 jadi penyempurnaan doang. Harusnya ntr A58 baru ada gebrakan yg lumayan kerasa.",turut alanisis gw a5x update benerannya tahun sekali misal a50 a51 biasa pas a52 paling bagus bahkan a52s 5g a53 malah kaya downgrade jd tidak jack audio a54 upgrade lumayan doang nah pas a55 jan lumayan jd midrange baik a56 biasa kaya downgrade karena ilang slot sd walau ngecas jadi 45w a57 jadi sempurna doang harus ntr a58 baru gebrak lumayan rasa
"silicone battery, OLED tipe LTPO, dex mode, lensa tele, vapor chamber mana sunggg. teknologi gak ada yang revolusioner tapi minta harga tinggi. jangan kelamaan tidur ntar didepak sama group laen. salam dari mantan user samsung seri M yang sudah lama punah","silicone battery, OLED tipe LTPO, dex mode, lensa tele, vapor chamber mana sunggg. teknologi gak ada yang revolusioner tapi minta harga tinggi. jangan kelamaan tidur ntar didepak sama group laen. salam dari mantan user samsung seri M yang sudah lama punah",silicone battery oled tipe ltpo dex mode lensa tele vapor chamber mana sunggg teknologi tidak revolusioner minta harga tinggi jangan lama tidur ntar depak sama group laen salam mantan user samsung seri lama punah
Masih pake J7 prime di tahun 2026 😂,Masih pake J7 prime di tahun 2026 😂,masih pake j7 prime tahun 2026
Kredit A56 5G  harga 5 juta 10 bayar murah apa mahal ya ?,Kredit A56 5G harga 5 juta 10 bayar murah apa mahal ya ?,kredit a56 5g harga juta 10 bayar murah apa mahal
Prefer ke s25fe sumpah nyaman,Prefer ke s25fe sumpah nyaman,prefer s25fe sumpah nyaman
Gw masi makek samsung a05s pasti kerasa banget bedanya kalo ganti😌,Gw masi makek samsung a05s pasti kerasa banget bedanya kalo ganti😌,gw mas makek samsung a05s pasti rasa banget beda ganti
Dari 2018 aku masih pake A50 😊,Dari 2018 aku masih pake A50 😊,2018 aku masih pake a50
A100 malah sudah mulai hilang dengan kemajuan teknologi....,A100 malah sudah mulai hilang dengan kemajuan teknologi....,a100 malah mulai hilang maju teknologi
Pengen setia dg samsung a52 ku tapi apaalah hp itu sudah hilang skrg😢,Pengen setia dg samsung a52 ku tapi apaalah hp itu sudah hilang skrg😢,ken setia dg samsung a52 ku apaalah handphone hilang skrg
"Ga worth it, gua aja pas mau beli pas cek harganya langsung mutusin ke S25 FE ajee...
Jauh bro ama S25 FE untuk rentang harga mirip2","Ga worth it, gua aja pas mau beli pas cek harganya langsung mutusin ke S25 FE ajee... Jauh bro ama S25 FE untuk rentang harga mirip2",tidak bagus gua pas mau beli pas cek harga langsung mutusin s25 fe ajee jauh bro ama s25 fe rentang harga mirip2
Sebenarnya harga samsung itu masih relatif wajar. Cuma mereka patokan transaksinya USD sedangkan brand china pakai Yuan. Saat ini tahu sendiri kan exchange rate nya berapa?,Sebenarnya harga samsung itu masih relatif wajar. Cuma mereka patokan transaksinya USD sedangkan brand china pakai Yuan. Saat ini tahu sendiri kan exchange rate nya berapa?,benar harga samsung masih relatif wajar cuma patok transaksi usd sedang brand china pakai yuan saat tahu sendiri kan exchange rate berapa
Masih pake A54,Masih pake A54,masih pake a54
Kenapa sih hp hp jaman sekarang pada gede²,Kenapa sih hp hp jaman sekarang pada gede²,kenapa sih handphone handphone jaman sekarang pada gede
"Exynoss😂😂 download bankung,sekurotas auto matot","Exynoss😂😂 download bankung,sekurotas auto matot",exynoss download bankung sekurotas auto matot
"Masih nyaman sama A25 5G, samsung emang nyaman dipakai","Masih nyaman sama A25 5G, samsung emang nyaman dipakai",masih nyaman sama a25 5g samsung emang nyaman pakai
"gw udah ngangguk² sih liat ni HP, tapi pas liat harga😅 HELLNAAHH","gw udah ngangguk² sih liat ni HP, tapi pas liat harga😅 HELLNAAHH",gw ngangguk sih liat ni handphone pas liat harga hellnaahh
Kalo kamu bukan tipe orang yg suka bikin stori video dan foto2 mending beli hp dari merk lain yg jauh lebih bagus performanya,Kalo kamu bukan tipe orang yg suka bikin stori video dan foto2 mending beli hp dari merk lain yg jauh lebih bagus performanya,bukan tipe orang suka bikin stori video foto2 mending beli handphone merk lain jauh lebih bagus performa
"Selama ini saya salah paham, saya kira dengan adanya fitur IP67 di A56 pas kemasukan air akan terkover garansi ternyata tidak masuk, akhirnya saya bayar","Selama ini saya salah paham, saya kira dengan adanya fitur IP67 di A56 pas kemasukan air akan terkover garansi ternyata tidak masuk, akhirnya saya bayar",lama salah paham kira ada fitur ip67 a56 pas masuk air akan kover garansi nyata tidak masuk akhir bayar
"Bang David, review infinix gt 50 pro dong, sekalian bedain gt50 pro sama gt 30 pro","Bang David, review infinix gt 50 pro dong, sekalian bedain gt50 pro sama gt 30 pro",david review infinix gt 50 pro dong sekali bedain gt50 pro sama gt 30 pro
"Kenapa mahal bet untuk spek se kentang itu anjay🗿
Itu iqoo dan poco atau hp² lain yg lu rekomen in di kelas midrange bukan mending lagi jatuh nya,, HARUS😂 standar baru nya udh spek² kek mereka kelas mid,, krn software aja standar nya udh beda... 
Misal nya genshin. Dlu game plg berat bukan? Skrg ada yg jauh lebih berat yaitu WWM,, grafik nya semi Triple A, gameplay kompleks, NPC, dunia dll real time berasa hidup bgt, bisa komunikasi sm NPC kek kita chattan ama org. Ada juga HOK world (april ini 2026) itu map nya udh kek Benua saking luas nya,, gameplay kompleks, grafis detail

Pokonya udh beda bgt,, udh kek ""Next Gen"" Itu software jmn skrg. Dan gw rasa juga udh ga relevan klo lu ngetes performa hp² skrg pke software yg lawas macam ML, genshin dll udh beda standar nya...","Kenapa mahal bet untuk spek se kentang itu anjay🗿 Itu iqoo dan poco atau hp² lain yg lu rekomen in di kelas midrange bukan mending lagi jatuh nya,, HARUS😂 standar baru nya udh spek² kek mereka kelas mid,, krn software aja standar nya udh beda... Misal nya genshin. Dlu game plg berat bukan? Skrg ada yg jauh lebih berat yaitu WWM,, grafik nya semi Triple A, gameplay kompleks, NPC, dunia dll real time berasa hidup bgt, bisa komunikasi sm NPC kek kita chattan ama org. Ada juga HOK world (april ini 2026) itu map nya udh kek Benua saking luas nya,, gameplay kompleks, grafis detail Pokonya udh beda bgt,, udh kek ""Next Gen"" Itu software jmn skrg. Dan gw rasa juga udh ga relevan klo lu ngetes performa hp² skrg pke software yg lawas macam ML, genshin dll udh beda standar nya...",kenapa mahal bet spesifikasi se kentang anjay iqoo poco handphone lain lu rekomen in kelas midrange bukan mending lagi jatuh harus standar baru spesifikasi kek kelas mid karena software standar beda misal genshin dlu game plg berat bukan skrg jauh lebih berat yaitu wwm grafik semi triple gameplay kompleks npc dunia dll real time asa hidup banget komunikasi sama npc kek chattan ama org juga hok world april 2026 map kek benua saking luas gameplay kompleks grafis detail poko beda banget kek next gen software jmn skrg gw rasa juga tidak relevan klo lu ngetes performa handphone skrg pke software lawas macam ml genshin dll beda standar
"masak kalah sama infinix note 60,pro ada wires charges, chipset snap dragon.","masak kalah sama infinix note 60,pro ada wires charges, chipset snap dragon.",masak kalah sama infinix note 60 pro wires charges chipset snap dragon
komen ini pakai samsung a57,komen ini pakai samsung a57,komen pakai samsung a57
"ini karna salesnya samsung itu mirip sales oppo/vivo tahun 2017 hahahaha yg suka ngelebihin apa apa, padahal upgradenya itu itu aja","ini karna salesnya samsung itu mirip sales oppo/vivo tahun 2017 hahahaha yg suka ngelebihin apa apa, padahal upgradenya itu itu aja",karna salesnya samsung mirip sales oppo vivo tahun 2017 hahahaha suka ngelebihin apa apa padahal upgradenya
di tunggu A77 5G bang David 😊,di tunggu A77 5G bang David 😊,tunggu a77 5g david
"Di A56 kelemahannya masih sama, di sinyal tidak stabil","Di A56 kelemahannya masih sama, di sinyal tidak stabil",a56 lemah masih sama sinyal tidak stabil
"Boleh juga nih A58, enak di pegang, bezel lumayan tipis, mantab","Boleh juga nih A58, enak di pegang, bezel lumayan tipis, mantab",boleh juga nih a58 enak pegang bezel lumayan tipis mantab
Mls klau bukan naga,Mls klau bukan naga,mls klau bukan naga
"Sayangnya seri a di bagian port chargingnya pas di cas kadang masuk kadang kagak pemakaian 2,5 tahun baru terasa penyakitnya samsung seri a, pengalaman pake a71 smpe a55 sekarang penyakitnya sama PORT CHARGINGNYA PAS DI CAS KADANG MASUK KADANG KAGAK 😅","Sayangnya seri a di bagian port chargingnya pas di cas kadang masuk kadang kagak pemakaian 2,5 tahun baru terasa penyakitnya samsung seri a, pengalaman pake a71 smpe a55 sekarang penyakitnya sama PORT CHARGINGNYA PAS DI CAS KADANG MASUK KADANG KAGAK 😅",sayang seri bagi port chargingnya pas cas kadang masuk kadang kagak pakai tahun baru asa sakit samsung seri alam pake a71 smpe a55 sekarang sakit sama port chargingnya pas cas kadang masuk kadang kagak
"Nonton pake a52s, awet si cma kek setrikaan","Nonton pake a52s, awet si cma kek setrikaan",nonton pake a52s awet si cma kek setrika
yang bikin mahal ya karena samsung,yang bikin mahal ya karena samsung,bikin mahal karena samsung
"Samsung samsung gw pertama kali nya kena genzutsu samsung pas S22 Ultra , demi tuhan gw nyesel Masa hp gw beli 13 jt an , Main ml se game aja Nge frame saking panas nya","Samsung samsung gw pertama kali nya kena genzutsu samsung pas S22 Ultra , demi tuhan gw nyesel Masa hp gw beli 13 jt an , Main ml se game aja Nge frame saking panas nya",samsung samsung gw pertama kali kena genzutsu samsung pas s22 ultra demi tuhan gw nyesel masa handphone gw beli 13 jt an main ml se game nge frame saking panas
Samsung hp awet. Kalau ga kebanting 8 taun itu nyaman aja. Cuma ketinggalan speak aja😁😁😁,Samsung hp awet. Kalau ga kebanting 8 taun itu nyaman aja. Cuma ketinggalan speak aja😁😁😁,samsung handphone awet tidak banting taun nyaman cuma tinggal speak
HP Midrange yang harganya gak Midrange lagi,HP Midrange yang harganya gak Midrange lagi,handphone midrange harga tidak midrange lagi
"aku pakai a56 dri bulan september 2025, eh skrg udh ada a57, ga kerasa ya, ga bakalan ada abisnya, pakai aja dlu yg ada guys kalau emg butuh dan ada rezeki baru belii","aku pakai a56 dri bulan september 2025, eh skrg udh ada a57, ga kerasa ya, ga bakalan ada abisnya, pakai aja dlu yg ada guys kalau emg butuh dan ada rezeki baru belii",aku pakai a56 dri bulan september 2025 eh skrg a57 tidak rasa tidak bakal abis pakai dlu guys emg butuh rezeki baru beli
"Kenapa Sekarang Susah Banget Nyari Samsung seri A72 4g,kebanyakan di outlet2 seri 5G,soalnya saya tidak bisa move on dari Hp itu,dulu kepaksa kejual buat ekonomi,sekarang masih nyaman dan seneng saja pakai samsung A52 4g dengan main camera belakang 60MP dan camera depan 32Mp..kita syukuri sja","Kenapa Sekarang Susah Banget Nyari Samsung seri A72 4g,kebanyakan di outlet2 seri 5G,soalnya saya tidak bisa move on dari Hp itu,dulu kepaksa kejual buat ekonomi,sekarang masih nyaman dan seneng saja pakai samsung A52 4g dengan main camera belakang 60MP dan camera depan 32Mp..kita syukuri sja",kenapa sekarang susah banget nyari samsung seri a72 4g banyak outlet2 seri 5g soal tidak move on handphone dulu paksa jual buat ekonomi sekarang masih nyaman neng pakai samsung a52 4g main camera belakang 60mp camera depan 32mp syukur sja
"Beneran santai sih upgrade nya buat hp mid range class kalau dibandingin dengan kompetitornya seperti vivo, infinix, realme yang layarnya udah makai curved, si Sam ini masih nyantai make layar flat untuk hpnya di class mid range dan masih pertahankan layar curved di seri S nya","Beneran santai sih upgrade nya buat hp mid range class kalau dibandingin dengan kompetitornya seperti vivo, infinix, realme yang layarnya udah makai curved, si Sam ini masih nyantai make layar flat untuk hpnya di class mid range dan masih pertahankan layar curved di seri S nya",beneran santai sih upgrade buat handphone mid range class dibandingin kompetitor seperti vivo infinix realme layar maka curved si sam masih nyantai make layar flat hpnya class mid range masih tahan layar curved seri
Infinix 60 ultra dong,Infinix 60 ultra dong,infinix 60 ultra dong
"Akhirnya a56s di ulas juga..😬😬

gak layak disebut a57🤧🤧",Akhirnya a56s di ulas juga..😬😬 gak layak disebut a57🤧🤧,akhir a56s ulas juga tidak layak sebut a57
"samsung tuh variannya terlalu banyak dan perbedaan masing2 gk terlalu mencolok,kadang jadi bingung milihnya","samsung tuh variannya terlalu banyak dan perbedaan masing2 gk terlalu mencolok,kadang jadi bingung milihnya",samsung tuh varian terlalu banyak beda masing2 tidak terlalu colok kadang jadi bingung milihnya
Barusan beli varian 12/256 cuman 7.14 doang di Shopee :'),Barusan beli varian 12/256 cuman 7.14 doang di Shopee :'),barusan beli varian 12 256 cuman 14 doang shopee
"Overprice A57, spek beda tipis dgn A56. Lebih masuk akal ambil A56 walaupun hp tahun lalu.","Overprice A57, spek beda tipis dgn A56. Lebih masuk akal ambil A56 walaupun hp tahun lalu.",overprice a57 spesifikasi beda tipis dgn a56 lebih masuk akal ambil a56 walaupun handphone tahun lalu
Masih stay di j5 pro 😂,Masih stay di j5 pro 😂,masih stay j5 pro
Msh di A35. Blm ada niatan ganti selagi msh bagus😊,Msh di A35. Blm ada niatan ganti selagi msh bagus😊,msh a35 blm niat ganti selagi msh bagus
Waduh baru juga ganti samsung a07 ini ada lagi,Waduh baru juga ganti samsung a07 ini ada lagi,waduh baru juga ganti samsung a07 lagi
"samsung gua a35 bnyk kendala nya wifi gabisa suka mati idup sendiri,menggiurkan si samsung tapiii","samsung gua a35 bnyk kendala nya wifi gabisa suka mati idup sendiri,menggiurkan si samsung tapiii",samsung gua a35 bnyk kendala wifi gabisa suka mati idup sendiri giur si samsung tapiii
Saya ada samsung A56 12/256 kondisi fresh segel plastik belum kebuka. Lebih baik upgrade TT ke a57 sekalian nggak ya?,Saya ada samsung A56 12/256 kondisi fresh segel plastik belum kebuka. Lebih baik upgrade TT ke a57 sekalian nggak ya?,samsung a56 12 256 kondisi fresh segel plastik belum buka lebih baik upgrade tt a57 sekali tidak
bg buat vid mendingan a57 atau Tecno Camon 50 dong bg,bg buat vid mendingan a57 atau Tecno Camon 50 dong bg,bg buat vid mending a57 tecno camon 50 dong bg
DARI SEMUA KONTEN YANG GW TONTON TAPI GW SELALU SALPOK SAMA KAOS YANG DI PAKE KELIATANYA HIGH QUALITY BANGET GUTU PAHAM GA SI JADI PENGEN SPILL DONG BANG JANGAN SPILL HP MULU😭,DARI SEMUA KONTEN YANG GW TONTON TAPI GW SELALU SALPOK SAMA KAOS YANG DI PAKE KELIATANYA HIGH QUALITY BANGET GUTU PAHAM GA SI JADI PENGEN SPILL DONG BANG JANGAN SPILL HP MULU😭,semua konten gw tonton gw selalu salpok sama kaos pake keliatanya high quality banget gutu paham tidak si jadi ken spill dong jangan spill handphone mulu
Baru 2 minggu beli A56. Eh ada lg yg 57😢,Baru 2 minggu beli A56. Eh ada lg yg 57😢,baru minggu beli a56 eh lg 57
gua lagi nunggu A200,gua lagi nunggu A200,gua lagi nunggu a200
Kamera bagusan A52 4g,Kamera bagusan A52 4g,kamera bagus a52 4g
samsung A57 vs Poco X8 Pro kira kira bagusan mana gan ?,samsung A57 vs Poco X8 Pro kira kira bagusan mana gan ?,samsung a57 vs poco x8 pro kira kira bagus mana gan
"Sorry oot, bang boleh review laptop ga","Sorry oot, bang boleh review laptop ga",sorry oot boleh review laptop tidak
"Baru kali ini dengerin bang david ngomong jawa ""PIRO"" ? Wkwk","Baru kali ini dengerin bang david ngomong jawa ""PIRO"" ? Wkwk",baru kali dengerin david ngomong jawa piro wkwk
mending ambil s apa seri tingginya A series ya🤔,mending ambil s apa seri tingginya A series ya🤔,mending ambil apa seri tinggi series
Mending S25 FE dong ya bang?,Mending S25 FE dong ya bang?,mending s25 fe dong
Bg .Poco x8 pro 5g vs Tecno comon 50 pro 5g  dong,Bg .Poco x8 pro 5g vs Tecno comon 50 pro 5g dong,bg poco x8 pro 5g vs tecno comon 50 pro 5g dong
A55 A56 belum bisa kebeli eh malah keluar lagi A57,A55 A56 belum bisa kebeli eh malah keluar lagi A57,a55 a56 belum kebel eh malah keluar lagi a57
"Liat samsung A56 dan A57 tu jd keinget jaman nokia 3310, 3315 dan 3330 pada masanya. Beda tipisss spesifikasinya. Apakaaah A57 bisa dibilang produk gagalnya samsung?","Liat samsung A56 dan A57 tu jd keinget jaman nokia 3310, 3315 dan 3330 pada masanya. Beda tipisss spesifikasinya. Apakaaah A57 bisa dibilang produk gagalnya samsung?",liat samsung a56 a57 tu jd keinget jaman nokia 3310 3315 3330 pada masa beda tipisss spesifikasi apakaaah a57 bilang produk gagal samsung
"Saya pake reno 14f ada dynamic island nya, Samsung ini ada gak?","Saya pake reno 14f ada dynamic island nya, Samsung ini ada gak?",pake reno 14f dynamic island samsung tidak
Nonton make a52s soon ganti ke s24 rencana nya,Nonton make a52s soon ganti ke s24 rencana nya,nonton make a52s soon ganti s24 rencana
Masih stanbay di samsung A54😅 dsyukurin aja😊,Masih stanbay di samsung A54😅 dsyukurin aja😊,masih stanbay samsung a54 dsyukurin
byeee mending ambil s24 second🧍‍♀️,byeee mending ambil s24 second🧍‍♀️,byeee mending ambil s24 second
masih setia make samsung s9+ walau layar retak dikit g ngaruh 😂,masih setia make samsung s9+ walau layar retak dikit g ngaruh 😂,masih setia make samsung s9 walau layar retak dikit ngaruh
"Samsung udah mentok inovasi, design monoton, performa busuk, kamera B aja.","Samsung udah mentok inovasi, design monoton, performa busuk, kamera B aja.",samsung mentok inovasi design monoton performa busuk kamera
Masih setia sama a52s 5g,Masih setia sama a52s 5g,masih setia sama a52s 5g
Android terbaik samsung,Android terbaik samsung,android baik samsung
"Masi pake samsung a51😂😂😂,ketinggalan gg sih? Alhamdulillah udh jatuh dijalan raya 2 kali masih aman. Cuma kabel casan aja bru ganti.","Masi pake samsung a51😂😂😂,ketinggalan gg sih? Alhamdulillah udh jatuh dijalan raya 2 kali masih aman. Cuma kabel casan aja bru ganti.",mas pake samsung a51 tinggal gg sih alhamdulillah jatuh jalan raya kali masih aman cuma kabel cas bru ganti
User a 71 masih stay 2026 😊,User a 71 masih stay 2026 😊,user 71 masih stay 2026
Blunder Samsung,Blunder Samsung,blunder samsung
saya masih Setia sama A 52 😂😂😂,saya masih Setia sama A 52 😂😂😂,masih setia sama 52
hp oppo bang,hp oppo bang,handphone oppo
Andai samsung ngasih performa seperti xiaomi pasti gmpng buat minang nya,Andai samsung ngasih performa seperti xiaomi pasti gmpng buat minang nya,andai samsung ngasih performa seperti xiaomi pasti gmpng buat mang
7 juta 256 di tahun 2026 kocak nih 🤏,7 juta 256 di tahun 2026 kocak nih 🤏,juta 256 tahun 2026 kocak nih
Favorit samsung seri A....,Favorit samsung seri A....,favorit samsung seri
Masih dengan A53...,Masih dengan A53...,masih a53
"tambah dikit dapet poco x8 pro max, sekarang lebih mentingin fungsi, daripada gengsi","tambah dikit dapet poco x8 pro max, sekarang lebih mentingin fungsi, daripada gengsi",tambah dikit dapet poco x8 pro max sekarang lebih mentingin fungsi daripada gengsi
Masih setia di a35 😢,Masih setia di a35 😢,masih setia a35
"Beli a56 di harga 4,9 aja udh ngos²an ah 😂","Beli a56 di harga 4,9 aja udh ngos²an ah 😂",beli a56 harga ngos an ah
Masih bertahan dengan s9+,Masih bertahan dengan s9+,masih tahan s9
"upgradeny maen aman brati ya,","upgradeny maen aman brati ya,",upgradeny maen aman brati
Di CP to,Di CP to,cp to
"aku masih setia dengan A50 sejak 2019
😅",aku masih setia dengan A50 sejak 2019 😅,aku masih setia a50 sejak 2019
Mending HP Poko sih,Mending HP Poko sih,mending handphone poko sih
"Alhamdulillah dari dulu pake realme ga ganti"",,yg membuat mahal itu gengsi ada yg pake iPhone lah pdhal menurut gue mah sama aja kaya hp biasa cuma yg membedakan GENGSI yg ingin terlihat WAAAAHH di temen dll","Alhamdulillah dari dulu pake realme ga ganti"",,yg membuat mahal itu gengsi ada yg pake iPhone lah pdhal menurut gue mah sama aja kaya hp biasa cuma yg membedakan GENGSI yg ingin terlihat WAAAAHH di temen dll",alhamdulillah dulu pake realme tidak ganti buat mahal gengsi pake iphone lah pdhal turut gue mah sama kaya handphone biasa cuma beda gengsi ingin lihat waaaahh temen dll
"David bilang batere 5500mah biasa2 aja. Tapi ternyata setelah saya pakai merasa OK banget. Buat saya yang ganti hp 5tahun an, sebelumnya A52, kerasa banget sih bedanya. Kayanya buat kaum yang pakai hape untuk kebutuhan kerja OK banget sih. Coba buat mid range juga dikasih stylus biar lebih enak buat pekerja kya saya macam jaman note 5. Foto terus coret2 sketch difoto, kirim ke bawahan. Kalo stylus kasih di flagship buat pekerja kaya saya berasa kelebihan.","David bilang batere 5500mah biasa2 aja. Tapi ternyata setelah saya pakai merasa OK banget. Buat saya yang ganti hp 5tahun an, sebelumnya A52, kerasa banget sih bedanya. Kayanya buat kaum yang pakai hape untuk kebutuhan kerja OK banget sih. Coba buat mid range juga dikasih stylus biar lebih enak buat pekerja kya saya macam jaman note 5. Foto terus coret2 sketch difoto, kirim ke bawahan. Kalo stylus kasih di flagship buat pekerja kaya saya berasa kelebihan.",david bilang batere 5500mah biasa2 nyata telah pakai rasa ok banget buat ganti handphone 5tahun an belum a52 rasa banget sih beda kaya buat kaum pakai hape butuh kerja ok banget sih coba buat mid range juga kasih stylus lebih enak buat kerja kya macam jaman note foto terus coret2 sketch foto kirim bawah stylus kasih flagship buat kerja kaya asa lebih
"Sya pakai A55, update hp nnti ketika sudah A60, atau ketika sdah bisa di gunakan....","Sya pakai A55, update hp nnti ketika sudah A60, atau ketika sdah bisa di gunakan....",sya pakai a55 update handphone nnti ketika a60 ketika sdah guna
hujat lah aku dah beli A57 😂😂😂 ok lah dari pada pakai brand china..atau pakai ip bekas😂😂 inter pula,hujat lah aku dah beli A57 😂😂😂 ok lah dari pada pakai brand china..atau pakai ip bekas😂😂 inter pula,hujat lah aku dah beli a57 ok lah pada pakai brand china pakai ip bekas inter pula
"Kangen hp ku Samsung yang s25 ilang dicolong sama motor nya😢
Sekarang lagi pake moto g86, semoga bisa kebeli flagship Samsung lagi","Kangen hp ku Samsung yang s25 ilang dicolong sama motor nya😢 Sekarang lagi pake moto g86, semoga bisa kebeli flagship Samsung lagi",kangen handphone ku samsung s25 ilang colong sama motor sekarang lagi pake moto g86 moga kebel flagship samsung lagi
Saking dikit upgradenya kerasnya sekecil itu 😂,Saking dikit upgradenya kerasnya sekecil itu 😂,saking dikit upgradenya keras kecil
"Just bought it for my mom yesterday, Ice Blue color. Keren sih ni hp","Just bought it for my mom yesterday, Ice Blue color. Keren sih ni hp",just bought it for my mom yesterday ice blue color bagus sih ni handphone
"Gede banget kertas daftar upgradenya, terlalu banyak ya😅","Gede banget kertas daftar upgradenya, terlalu banyak ya😅",gede banget kertas daftar upgradenya terlalu banyak
Nonton ini pake A52s 😭,Nonton ini pake A52s 😭,nonton pake a52s
"Nonton review ini masih pake A50 ku yg ku beli dulu tahun 2019 keknya 😅, meski A50 ku cm jd hp cadangan buat nomor indo tp sampe skrg msh gacor lu. Skrg udah A57 aja, mau nungguin A59 deh nantinya","Nonton review ini masih pake A50 ku yg ku beli dulu tahun 2019 keknya 😅, meski A50 ku cm jd hp cadangan buat nomor indo tp sampe skrg msh gacor lu. Skrg udah A57 aja, mau nungguin A59 deh nantinya",nonton review masih pake a50 ku ku beli dulu tahun 2019 kek meski a50 ku cm jd handphone cadang buat nomor indo sampe skrg msh gacor lu skrg a57 mau nungguin a59 deh nanti
User A54 nonton ....,User A54 nonton ....,user a54 nonton
ohh exynoss itu lagi...,ohh exynoss itu lagi...,ohh exynoss lagi
Nonton ini pake S25Fe 😂,Nonton ini pake S25Fe 😂,nonton pake s25fe
"Oke sy gak akan niat beli 😂😂 
Berhubung gak jauh beda dngn A56",Oke sy gak akan niat beli 😂😂 Berhubung gak jauh beda dngn A56,oke sy tidak akan niat beli hubung tidak jauh beda dngn a56
Ampe ngantuk2 liat kontennya  david nerangin samsung yang spek nya nyantai🥱🥱,Ampe ngantuk2 liat kontennya david nerangin samsung yang spek nya nyantai🥱🥱,ampe ngantuk2 liat konten david nerangin samsung spesifikasi nyantai
Bang rekomendasi proyektor mini dong di bawah 1jutaan,Bang rekomendasi proyektor mini dong di bawah 1jutaan,rekomendasi proyektor mini dong bawah 1jutaan
bang saran laptop dong buat gw calon mahasiswa teknik budget 5-10jtan,bang saran laptop dong buat gw calon mahasiswa teknik budget 5-10jtan,saran laptop dong buat gw calon mahasiswa teknik budget 10jtan
"Terimaksih bang setelah nonton ini gw mutusin mending beli s24 ultra aj,meskipun flagship 2 tahun lalu tapi ttep flagship","Terimaksih bang setelah nonton ini gw mutusin mending beli s24 ultra aj,meskipun flagship 2 tahun lalu tapi ttep flagship",terimaksih telah nonton gw mutusin mending beli s24 ultra aj meski flagship tahun lalu ttep flagship
Yg baru beli A 56 hadir,Yg baru beli A 56 hadir,baru beli 56 hadir
Monggo kaum mendang mending..langsung saja ke s24-25fe saja😂,Monggo kaum mendang mending..langsung saja ke s24-25fe saja😂,monggo kaum dang mending langsung s24 25fe
2026 masih pake S20 fe snap😴,2026 masih pake S20 fe snap😴,2026 masih pake s20 fe snap
"Saya masih pake A51 yg beli th 2020, sampai sekarang alhamdulillah masih ok","Saya masih pake A51 yg beli th 2020, sampai sekarang alhamdulillah masih ok",masih pake a51 beli th 2020 sampai sekarang alhamdulillah masih ok
bang unboxing oppo find x9 ultra bang🙏🙏pilsss,bang unboxing oppo find x9 ultra bang🙏🙏pilsss,unboxing oppo find x9 ultra pilsss
Masih setia dgn A24,Masih setia dgn A24,masih setia dgn a24
"Bang, tolong buatin list rekomendasi tab (bukan ipad) yang cocok untuk main game kayak pubg gitu dong, dari yang paling murah - paling mahal, terima kasih 🙏","Bang, tolong buatin list rekomendasi tab (bukan ipad) yang cocok untuk main game kayak pubg gitu dong, dari yang paling murah - paling mahal, terima kasih 🙏",tolong buatin list rekomendasi tab bukan ipad cocok main game kayak pubg gitu dong paling murah paling mahal terima kasih
Komen nonton youtube pake hp ketiga samsung a51 pemakaian hampir 6 tahun masih bagus kecuali baterai. Rencana mau upgrade samsung a5x series terbaru kalo udah matot buat jadi second hp bareng iphone.,Komen nonton youtube pake hp ketiga samsung a51 pemakaian hampir 6 tahun masih bagus kecuali baterai. Rencana mau upgrade samsung a5x series terbaru kalo udah matot buat jadi second hp bareng iphone.,komen nonton youtube pake handphone tiga samsung a51 pakai hampir tahun masih bagus kecuali baterai rencana mau upgrade samsung a5x series baru matot buat jadi second handphone bareng iphone
Setelah liat ini jadi makin sayang sama X7PRO yang kebeli tahun lalu😂,Setelah liat ini jadi makin sayang sama X7PRO yang kebeli tahun lalu😂,telah liat jadi makin sayang sama x7pro kebel tahun lalu
cung siapa yang masih pake A50 wkwkwk,cung siapa yang masih pake A50 wkwkwk,cung siapa masih pake a50 wkwkwk
"bg tolong rekomendasi hp samsung budged under 8 Jtan, klk yg A56 bagus gk ya ada yg punya rekomendasi kah","bg tolong rekomendasi hp samsung budged under 8 Jtan, klk yg A56 bagus gk ya ada yg punya rekomendasi kah",bg tolong rekomendasi handphone samsung budged under jtan klk a56 bagus tidak punya rekomendasi kah
Malah gagal fokus harga kartu mainan bocil setara sama harga nmax 😂,Malah gagal fokus harga kartu mainan bocil setara sama harga nmax 😂,malah gagal fokus harga kartu main bocil tara sama harga nmax
Masih setia pakai poco m3 beli dari 2021 sampai sekarang nyaman2 aja,Masih setia pakai poco m3 beli dari 2021 sampai sekarang nyaman2 aja,masih setia pakai poco m3 beli 2021 sampai sekarang nyaman2
"Saya masih pakai C9pro dari tahun 2017 😂, mau ganti HP tapi kok mager, selain gaptek, males banget setting ini itu biar seperti HP sebelumnya.","Saya masih pakai C9pro dari tahun 2017 😂, mau ganti HP tapi kok mager, selain gaptek, males banget setting ini itu biar seperti HP sebelumnya.",masih pakai c9pro tahun 2017 mau ganti handphone kok mager selain gaptek males banget setting seperti handphone belum
punya A10s tetep dapet update sistem sampai sekarang,punya A10s tetep dapet update sistem sampai sekarang,punya a10s tetep dapet update sistem sampai sekarang
"Ada yang belum dibahas, samsung a57 sekarang video malam hari lebih bagus fps nya ga ngeblur kayak a56 dan sekarang samsung A57 udah bisa pakai Galaxy AI yang dipake di seri S seperti object eraser yang lebih mulus . Itu improvement yang cukup signifikan.","Ada yang belum dibahas, samsung a57 sekarang video malam hari lebih bagus fps nya ga ngeblur kayak a56 dan sekarang samsung A57 udah bisa pakai Galaxy AI yang dipake di seri S seperti object eraser yang lebih mulus . Itu improvement yang cukup signifikan.",belum bahas samsung a57 sekarang video malam hari lebih bagus fps tidak ngeblur kayak a56 sekarang samsung a57 pakai galaxy ai dipake seri seperti object eraser lebih mulus improvement cukup signifikan
Harga yang....,Harga yang....,harga
Samsung hp gembel bentar lagy mau bangkrut akan muncul Nokia come back,Samsung hp gembel bentar lagy mau bangkrut akan muncul Nokia come back,samsung handphone gembel bentar lagy mau bangkrut akan muncul nokia come back
Bang coba infinix smart 20 mirip ip 17,Bang coba infinix smart 20 mirip ip 17,coba infinix smart 20 mirip ip 17
bang rekomendasi hp 3 jutaan bang,bang rekomendasi hp 3 jutaan bang,rekomendasi handphone juta
"Halo Bang, coba infnix note 50 pro+ 5G yg katanya bener-bener baru aja keluar 1 April kemarin kalo ga salah","Halo Bang, coba infnix note 50 pro+ 5G yg katanya bener-bener baru aja keluar 1 April kemarin kalo ga salah",halo coba infnix note 50 pro 5g kata bener bener baru keluar april kemarin tidak salah
review oppo find x9 ultra bang,review oppo find x9 ultra bang,review oppo find x9 ultra
Bg review Vivo x300pro,Bg review Vivo x300pro,bg review vivo x300pro
Intinya A57 kurenk Worhtit klo di liat spek n harga segitu dah itu aja.,Intinya A57 kurenk Worhtit klo di liat spek n harga segitu dah itu aja.,inti a57 kurenk worhtit klo liat spesifikasi harga segitu dah
"Samsung a series sih ga akan seperti dulu lg worth nya semenjak mereka keluarkan series a1 dan a2.. otomatis a3 dan a5 harganya bakal jauh diatas ""pantas"", kemahalan yg ada..","Samsung a series sih ga akan seperti dulu lg worth nya semenjak mereka keluarkan series a1 dan a2.. otomatis a3 dan a5 harganya bakal jauh diatas ""pantas"", kemahalan yg ada..",samsung series sih tidak akan seperti dulu lg worth semenjak keluar series a1 a2 otomatis a3 a5 harga bakal jauh atas pantas mahal
"Lama nggak nonton, tambah rame terus dan tambah kerenn 😂 hebat banget bang dafit","Lama nggak nonton, tambah rame terus dan tambah kerenn 😂 hebat banget bang dafit",lama tidak nonton tambah rame terus tambah kerenn hebat banget dafit
"Masih setia sama A55, yg pas beli masih 5 jt an, sekarang udah 6.8 jt an 😂","Masih setia sama A55, yg pas beli masih 5 jt an, sekarang udah 6.8 jt an 😂",masih setia sama a55 pas beli masih jt an sekarang jt an
Lagi nonton pakek Samsung A56 😌,Lagi nonton pakek Samsung A56 😌,lagi nonton pakek samsung a56
"Intinya kalau saya mau beli HP SAMSUNG yg baru saya selalu nonton konten si abang dulu biar jelas, dan saya tidak salah ambil keputusan, thank you brother selalu kasih review terbagus😊 🙏","Intinya kalau saya mau beli HP SAMSUNG yg baru saya selalu nonton konten si abang dulu biar jelas, dan saya tidak salah ambil keputusan, thank you brother selalu kasih review terbagus😊 🙏",inti mau beli handphone samsung baru selalu nonton konten si abang dulu jelas tidak salah ambil putus thank you brother selalu kasih review bagus
Gw nonton make samsung a58 5g,Gw nonton make samsung a58 5g,gw nonton make samsung a58 5g
"Masih pakai A55
Masih nyaman",Masih pakai A55 Masih nyaman,masih pakai a55 masih nyaman
"Bang, tolong review a57 vs vivi v70 please..","Bang, tolong review a57 vs vivi v70 please..",tolong review a57 vs vivi v70 please
saamsul kompor peforma lemah,saamsul kompor peforma lemah,saamsul kompor forma lemah
Bjir baru beli tdi siang A57 dapet di harga 8jt🗿,Bjir baru beli tdi siang A57 dapet di harga 8jt🗿,bjir baru beli tdi siang a57 dapet harga 8jt
Infinix gt50 pro bang,Infinix gt50 pro bang,infinix gt50 pro
"bang tolong buat video perbandingan hp nubia V80 max sama Tecno spark 40 pro+ bang
soalnya bingung mau beli yang mana🙏🏻🙏🏻🙏🏻",bang tolong buat video perbandingan hp nubia V80 max sama Tecno spark 40 pro+ bang soalnya bingung mau beli yang mana🙏🏻🙏🏻🙏🏻,tolong buat video banding handphone nubia v80 max sama tecno spark 40 pro soal bingung mau beli mana
Tecno camon 50 pro bang!!!,Tecno camon 50 pro bang!!!,tecno camon 50 pro
"Bang David, review Infinix GT 50 Pro!! 
sekalian kasih list tier untuk Coolers Wireless charging terbaik, kalau bisa yg bisa unlock mode Draco Infinix GT.","Bang David, review Infinix GT 50 Pro!! sekalian kasih list tier untuk Coolers Wireless charging terbaik, kalau bisa yg bisa unlock mode Draco Infinix GT.",david review infinix gt 50 pro sekali kasih list tier coolers wireless charging baik unlock mode draco infinix gt
Aduuhhh sy tonton vidio ini yg msih menggunakan samsung A50😢,Aduuhhh sy tonton vidio ini yg msih menggunakan samsung A50😢,aduuhhh sy tonton vidio msih guna samsung a50
"Langsung aja bang Tecno common 50pro dong , mau angkut 40pro udh naik banget harganya 😢","Langsung aja bang Tecno common 50pro dong , mau angkut 40pro udh naik banget harganya 😢",langsung tecno common 50pro dong mau angkut 40pro naik banget harga
Bg review titan 2 elite dong😂,Bg review titan 2 elite dong😂,bg review titan elite dong
SEKELAS A57 CUMA 5000Mah. HARUS NYA MAH UDAH 6000Mah.  Baru sesuai harga.,SEKELAS A57 CUMA 5000Mah. HARUS NYA MAH UDAH 6000Mah. Baru sesuai harga.,kelas a57 cuma 5000mah harus mah 6000mah baru sesuai harga
COBA BANDINGIN DONG MAS DENGAN MERK LAIN.  BIAR GAK MONOLOG REV.....,COBA BANDINGIN DONG MAS DENGAN MERK LAIN. BIAR GAK MONOLOG REV.....,coba bandingin dong mas merk lain tidak monolog rev
ngmpulin org2 yg msh pake A54 🤙🏻,ngmpulin org2 yg msh pake A54 🤙🏻,ngmpulin org2 msh pake a54
Samsung spek biasa mem 256 harga selangit,Samsung spek biasa mem 256 harga selangit,samsung spesifikasi biasa mem 256 harga langit
harga 7 juta mending beli iphone bang nambah dikit.. kamera samsung B aja gk ada spesial2 nya di harga 7 jutaan,harga 7 juta mending beli iphone bang nambah dikit.. kamera samsung B aja gk ada spesial2 nya di harga 7 jutaan,harga juta mending beli iphone nambah dikit kamera samsung tidak spesial2 harga juta
Bang david review headset IEM dongg,Bang david review headset IEM dongg,david review headset iem dongg
Bang dapit coba infinixe note 60 ultra😊,Bang dapit coba infinixe note 60 ultra😊,dapit coba infinixe note 60 ultra
"Nonton video ini pake A52, dan sampe sekarang masih enak banget dipake.. bismillah mau upgrade ke A56","Nonton video ini pake A52, dan sampe sekarang masih enak banget dipake.. bismillah mau upgrade ke A56",nonton video pake a52 sampe sekarang masih enak banget dipake bismillah mau upgrade a56
"Suka Galaxy A5... series, tapi pas beli lensa macro nya jarang dipake, bahkan ga kepake. Kalau bisa ilangin aja biar bisa potong budget","Suka Galaxy A5... series, tapi pas beli lensa macro nya jarang dipake, bahkan ga kepake. Kalau bisa ilangin aja biar bisa potong budget",suka galaxy a5 series pas beli lensa macro jarang dipake bahkan tidak kepake ilangin potong budget
"User samsung a10s dari tahun 2020 sampe skrg alhamdulillah masih aman 🙌  udh sering jatuh/kebanting juga, tapi gk sampe gimana2, masih nyala.. Paling error itu sistemnya, karena 4/32 dipake sm org yg hobi foto2 + video 🤣🤣, lemot parah","User samsung a10s dari tahun 2020 sampe skrg alhamdulillah masih aman 🙌 udh sering jatuh/kebanting juga, tapi gk sampe gimana2, masih nyala.. Paling error itu sistemnya, karena 4/32 dipake sm org yg hobi foto2 + video 🤣🤣, lemot parah",user samsung a10s tahun 2020 sampe skrg alhamdulillah masih aman sering jatuh banting juga tidak sampe gimana2 masih nyala paling error sistem karena 32 dipake sama org hobi foto2 video lot parah
"Untung tidak jual Samsung Galaxy A55 5G 🤣, rugi beli Samsung Galaxy A57 5G. Harga jual tidak sebanding nilai yg di dapat.","Untung tidak jual Samsung Galaxy A55 5G 🤣, rugi beli Samsung Galaxy A57 5G. Harga jual tidak sebanding nilai yg di dapat.",untung tidak jual samsung galaxy a55 5g rugi beli samsung galaxy a57 5g harga jual tidak banding nilai dapat
Makin makin ya Samsung😅,Makin makin ya Samsung😅,makin makin samsung
a52s masih idaman,a52s masih idaman,a52s masih idam
Request Infinix note 60 ultra,Request Infinix note 60 ultra,request infinix note 60 ultra
Masih setia pake A35❤,Masih setia pake A35❤,masih setia pake a35
"Dari Dulu emng ga tertarik sama hp ini, terlalu mahal namun ga sesuai😂","Dari Dulu emng ga tertarik sama hp ini, terlalu mahal namun ga sesuai😂",dulu emng tidak tarik sama handphone terlalu mahal namun tidak sesuai
Masih setia dengan samsung A55☺️,Masih setia dengan samsung A55☺️,masih setia samsung a55
Itu kalo hp bisa di masukin ke air tuh lobang charger nya nanti bermasalah ha sih,Itu kalo hp bisa di masukin ke air tuh lobang charger nya nanti bermasalah ha sih,handphone masukin air tuh lobang charger nanti masalah ha sih
Barusan lewat samsung mau beli tapi kata salesman nya nanti aja nunggu A60 katanya upgrade nya lumayan jauh...😂,Barusan lewat samsung mau beli tapi kata salesman nya nanti aja nunggu A60 katanya upgrade nya lumayan jauh...😂,barusan lewat samsung mau beli kata salesman nanti nunggu a60 kata upgrade lumayan jauh
guys budget 10jt mending ambil xiaomi 15t pro atau ambil second sm s23 ultra atau ada rekomen lain,guys budget 10jt mending ambil xiaomi 15t pro atau ambil second sm s23 ultra atau ada rekomen lain,guys budget 10jt mending ambil xiaomi 15t pro ambil second sama s23 ultra rekomen lain
"Jadi males beli samsung lagi soalnya after sales nya jelek, saya punya samsung a73 5g kena green line gak bisa di servis,  dari sc nya mereka bilang udah gada stock trus skrg hape nya harus saya apaain kalo gak bisa di service like are you deadass bro","Jadi males beli samsung lagi soalnya after sales nya jelek, saya punya samsung a73 5g kena green line gak bisa di servis, dari sc nya mereka bilang udah gada stock trus skrg hape nya harus saya apaain kalo gak bisa di service like are you deadass bro",jadi males beli samsung lagi soal after sales jelek punya samsung a73 5g kena green line tidak servis sc bilang gada stock trus skrg hape harus apaain tidak service like are you deadass bro
Mending S25FE,Mending S25FE,mending s25fe
"jadi bang saya butuh saran, menurut Abang mending beli Samsung A56 atau A57, bingung saya soalnya apa mending beli S25/S24 FE","jadi bang saya butuh saran, menurut Abang mending beli Samsung A56 atau A57, bingung saya soalnya apa mending beli S25/S24 FE",jadi butuh saran turut abang mending beli samsung a56 a57 bingung soal apa mending beli s25 s24 fe
Tecno camon 50 pro bahas,Tecno camon 50 pro bahas,tecno camon 50 pro bahas
"malesnya pindah ke samsung tuh perkara exynosnya yang ""bapuk"" banget sih kalau di compare hp yang sekelas. Mungkin ga semua orang gila game, tapi siapa yang gak mau main emel setidaknya bisa stabil di 120 fps? hp 3-4 jutaan aja udah pada bisa ngasih kestabilan peforma yang lebih baik","malesnya pindah ke samsung tuh perkara exynosnya yang ""bapuk"" banget sih kalau di compare hp yang sekelas. Mungkin ga semua orang gila game, tapi siapa yang gak mau main emel setidaknya bisa stabil di 120 fps? hp 3-4 jutaan aja udah pada bisa ngasih kestabilan peforma yang lebih baik",malesnya pindah samsung tuh perkara exynosnya bapuk banget sih compare handphone kelas mungkin tidak semua orang gila game siapa tidak mau main emel tidak stabil 120 fps handphone juta pada ngasih stabil forma lebih baik
Masih rame a55 kmarin 😁,Masih rame a55 kmarin 😁,masih rame a55 kmarin
Apa kabar infinix GT 50 pro ?,Apa kabar infinix GT 50 pro ?,apa kabar infinix gt 50 pro
Harga second A52s brp bang ?,Harga second A52s brp bang ?,harga second a52s brp
minimal 512 GB lah,minimal 512 GB lah,minimal 512 gb lah
Mirip sony,Mirip sony,mirip sony
Rivew poco F8 pro bang,Rivew poco F8 pro bang,rivew poco f8 pro
"Kemarin 4.4 dpt harga 6,8jt yg 12/256gb. Jujur hp nya lebih tipis dan lebih ringan. Sama kamera jauh agak mending dibanding A56 terutama foto selfienya","Kemarin 4.4 dpt harga 6,8jt yg 12/256gb. Jujur hp nya lebih tipis dan lebih ringan. Sama kamera jauh agak mending dibanding A56 terutama foto selfienya",kemarin dapat harga 8jt 12 256gb jujur handphone lebih tipis lebih ringan sama kamera jauh agak mending banding a56 utama foto selfienya
Camon 50 pro kapan bang .. Nungguin nii😊😊,Camon 50 pro kapan bang .. Nungguin nii😊😊,camon 50 pro kapan nungguin nii
coba slot nya seperti a55 bisa pky slot sd,coba slot nya seperti a55 bisa pky slot sd,coba slot seperti a55 pky slot sd
"1:36 seri A di Samsung ga banyak upgrade dikarenakan kalo harga seri fe turun, orang bakal jadiin 2 hp itu sebagai opsi, kalo upgradenya banyak orang ga akan ambil seri fe","1:36 seri A di Samsung ga banyak upgrade dikarenakan kalo harga seri fe turun, orang bakal jadiin 2 hp itu sebagai opsi, kalo upgradenya banyak orang ga akan ambil seri fe",36 seri samsung tidak banyak upgrade karena harga seri fe turun orang bakal jadiin handphone bagai opsi upgradenya banyak orang tidak akan ambil seri fe
7 bulan baru pakai a56 😁,7 bulan baru pakai a56 😁,bulan baru pakai a56
nonton elit ganti sulit,nonton elit ganti sulit,nonton elit ganti sulit
review laptop redmegic blaze 16 pro bang,review laptop redmegic blaze 16 pro bang,review laptop redmegic blaze 16 pro
masih pakai A55,masih pakai A55,masih pakai a55
Skip banget sih buat versi yg ini,Skip banget sih buat versi yg ini,skip banget sih buat versi
Beli a56 ketika a57 dah keluar gegara ngerasa lbh worth it a56 karena selisih harga nya jauh tp beda nya tipis hehhehe,Beli a56 ketika a57 dah keluar gegara ngerasa lbh worth it a56 karena selisih harga nya jauh tp beda nya tipis hehhehe,beli a56 ketika a57 dah keluar gegara ngerasa lbh bagus a56 karena selisih harga jauh beda tipis hehhehe
Samsung lemah di sinyal,Samsung lemah di sinyal,samsung lemah sinyal
Masih pake A54 nii wkwkwk masih enak2 aja cuman pr batrenya udh boross😂,Masih pake A54 nii wkwkwk masih enak2 aja cuman pr batrenya udh boross😂,masih pake a54 nii wkwkwk masih enak2 cuman pr batrenya boross
Prosesor exynos... Langsung skip 😂,Prosesor exynos... Langsung skip 😂,prosesor exynos langsung skip
Infinix note 60 promax bang,Infinix note 60 promax bang,infinix note 60 promax
Mentoknya di a54 kayaknya 😂,Mentoknya di a54 kayaknya 😂,mentok a54 kayak
Bang bahas Infinix GT50 pro dong,Bang bahas Infinix GT50 pro dong,bahas infinix gt50 pro dong
bang review infinix note 60 ultra dong,bang review infinix note 60 ultra dong,review infinix note 60 ultra dong
Nonton pake A50 (tanpa S) 😅,Nonton pake A50 (tanpa S) 😅,nonton pake a50 tanpa
"aku beli A52 karena rekomendasi bang david,,udah 5 tahun dipake masih oke banget sampe sekarang,,,","aku beli A52 karena rekomendasi bang david,,udah 5 tahun dipake masih oke banget sampe sekarang,,,",aku beli a52 karena rekomendasi david tahun dipake masih oke banget sampe sekarang
"samsung A52s ini mau ganti, tapi ga tau ganti apa yang di atas ini dan harga seharga A52S baru😭😭","samsung A52s ini mau ganti, tapi ga tau ganti apa yang di atas ini dan harga seharga A52S baru😭😭",samsung a52s mau ganti tidak tau ganti apa atas harga harga a52s baru
Bang coba riview Oppo Reno 15 5g dong please🙏🥺,Bang coba riview Oppo Reno 15 5g dong please🙏🥺,coba riview oppo reno 15 5g dong please
Bang Coba Fitur NFC yg katanya bisa Tarik Tunai Tanpa Kartu(3TK) di alfa/indo mart,Bang Coba Fitur NFC yg katanya bisa Tarik Tunai Tanpa Kartu(3TK) di alfa/indo mart,coba fitur nfc kata tarik tunai tanpa kartu 3tk alfa indo mart
Samsung bagi kaum yg ingin hp tapi gk ribet plus update lama 😅,Samsung bagi kaum yg ingin hp tapi gk ribet plus update lama 😅,samsung bagi kaum ingin handphone tidak ribet plus update lama
Kenapa belum review tecno camon 50 pro?,Kenapa belum review tecno camon 50 pro?,kenapa belum review tecno camon 50 pro
Sejauh ini smartphone yang enak dipake emang samsung sama iphone,Sejauh ini smartphone yang enak dipake emang samsung sama iphone,jauh smartphone enak dipake emang samsung sama iphone
9:59 Samsung: apa? Upgrade software 4k 30 ke 4k 60? Beli lagi lah kalau mau 4k 60 di a58 tau depan,9:59 Samsung: apa? Upgrade software 4k 30 ke 4k 60? Beli lagi lah kalau mau 4k 60 di a58 tau depan,59 samsung apa upgrade software 4k 30 4k 60 beli lagi lah mau 4k 60 a58 tau depan
3:34 bagi wallpaper nya bang 😅,3:34 bagi wallpaper nya bang 😅,34 bagi wallpaper
Kapan review hp seri tecno camon min?,Kapan review hp seri tecno camon min?,kapan review handphone seri tecno camon min
"keliatan sedikit lagi tadi harganya pas infoin kameranya di websitenya, wow banget sihh mid range nya","keliatan sedikit lagi tadi harganya pas infoin kameranya di websitenya, wow banget sihh mid range nya",liat sedikit lagi tadi harga pas infoin kamera websitenya wow banget sihh mid range
Kalau ada edge lebih keren lagi,Kalau ada edge lebih keren lagi,edge lebih bagus lagi
Smpai saat ini ak kok masih pakai nenek moyangnya aja A52 😂😂😂😂😂.......,Smpai saat ini ak kok masih pakai nenek moyangnya aja A52 😂😂😂😂😂.......,smpai saat ak kok masih pakai nenek moyang a52
"Saya mantan pengguna samsung a54, ketebalan dan panas nya bikin gak nyaman di pegang lama.  Buget 6 jutaan ambil ip 13 basic saja yg second. Jauh lebih wortit","Saya mantan pengguna samsung a54, ketebalan dan panas nya bikin gak nyaman di pegang lama. Buget 6 jutaan ambil ip 13 basic saja yg second. Jauh lebih wortit",mantan guna samsung a54 tebal panas bikin tidak nyaman pegang lama buget juta ambil ip 13 basic second jauh lebih wortit
mesin panas ngak bg,mesin panas ngak bg,mesin panas ngak bg
"Kmarin waktu A56 keluar,ada yg bilang mending tunggu A57,sekarang A57 keluar mungkin mending nunggu A58 sekalian,gitu aja trs menerus 😅","Kmarin waktu A56 keluar,ada yg bilang mending tunggu A57,sekarang A57 keluar mungkin mending nunggu A58 sekalian,gitu aja trs menerus 😅",kmarin waktu a56 keluar bilang mending tunggu a57 sekarang a57 keluar mungkin mending nunggu a58 sekali gitu trs terus
"Yah tunggu A60 ajalah. Masih sama sama aja dengan A56, lebih maksain keluarin series baru aja rupanya 😆","Yah tunggu A60 ajalah. Masih sama sama aja dengan A56, lebih maksain keluarin series baru aja rupanya 😆",yah tunggu a60 aja masih sama sama a56 lebih maksain keluarin series baru rupa
BISMILLAH HP TERBAIKKK❤❤❤❤,BISMILLAH HP TERBAIKKK❤❤❤❤,bismillah handphone terbaikkk
Gak tau kenapa semenjak not3 saya langsung mati total. gara2 jatuh duluan layarnya. Dari itu saya trauma beli si SAMSUL ini,Gak tau kenapa semenjak not3 saya langsung mati total. gara2 jatuh duluan layarnya. Dari itu saya trauma beli si SAMSUL ini,tidak tau kenapa semenjak not3 langsung mati total gara2 jatuh duluan layar trauma beli si samsul
Kak david infinix smart 20 bagus kah?,Kak david infinix smart 20 bagus kah?,kak david infinix smart 20 bagus kah
Kemampuan ane cukup a15 4g❤,Kemampuan ane cukup a15 4g❤,mampu ane cukup a15 4g
andaikan compact sizenya saya bakal gas,andaikan compact sizenya saya bakal gas,andai compact sizenya bakal gas
"Coba bahas masalah jaringan Bang, bandingin hp versi US dan versi Indonesia.
Aku cari cari yang bahas versi US mmWave dan versi standard di channel Indonesia kok belum nemu.","Coba bahas masalah jaringan Bang, bandingin hp versi US dan versi Indonesia. Aku cari cari yang bahas versi US mmWave dan versi standard di channel Indonesia kok belum nemu.",coba bahas masalah jaring bandingin handphone versi us versi indonesia aku cari cari bahas versi us mmwave versi standard channel indonesia kok belum nemu
user A52s yg menonton review ini : 🤔,user A52s yg menonton review ini : 🤔,user a52s tonton review
Sisamsul kenapa jir 😹,Sisamsul kenapa jir 😹,sisamsul kenapa jir
Masih pake A51 😊,Masih pake A51 😊,masih pake a51
Bang nama wallpaper bunganya apa,Bang nama wallpaper bunganya apa,nama wallpaper bunga apa
"Tetap lebih keren yg a55, a54, a35, krna di bagian kameranya tdk ada bingkai, sukanya sma smsung krna letak kameranya bergilir, berbaris dn ukurannya biasa aja, gak kyk android lainnya yg besar kayak mata dajjal 😂😂😂","Tetap lebih keren yg a55, a54, a35, krna di bagian kameranya tdk ada bingkai, sukanya sma smsung krna letak kameranya bergilir, berbaris dn ukurannya biasa aja, gak kyk android lainnya yg besar kayak mata dajjal 😂😂😂",tetap lebih bagus a55 a54 a35 krna bagi kamera tdk bingkai suka sma smsung krna letak kamera gilir bar dn ukur biasa tidak kyk android lain besar kayak mata dajjal
Scamsung overpriced masih aja dibela LOL,Scamsung overpriced masih aja dibela LOL,scamsung overpriced masih bela lol
Channel gaje terlalu bias gak detil,Channel gaje terlalu bias gak detil,channel gaje terlalu bias tidak detil
Bahas VIVO Y31D PRO DONG,Bahas VIVO Y31D PRO DONG,bahas vivo y31d pro dong
Aku suka cip setnya dan cameranya yg cerah.,Aku suka cip setnya dan cameranya yg cerah.,aku suka cip set cameranya cerah
"Doain aku bisa beli hp ini gaes, Amin 😂","Doain aku bisa beli hp ini gaes, Amin 😂",doain aku beli handphone gaes amin
"Di 2026 ini masih pake samsung A52 4g
Minus backcover nya copot😂",Di 2026 ini masih pake samsung A52 4g Minus backcover nya copot😂,2026 masih pake samsung a52 4g minus backcover copot
Masih setia di a52s sama s23. Untuk A57 kayanya skip dulu deh.,Masih setia di a52s sama s23. Untuk A57 kayanya skip dulu deh.,masih setia a52s sama s23 a57 kaya skip dulu deh
"Nonton video ini di samsung a52, beli di 2022, samsung a5 series emang bukan buat semua orang sih, kalo menurut sya buat orang yang emang suka pake samsung dan butuh hp all-rounder aja, aftersales cukup mudah, dan bukan yg geek soal feature dan specsheet😅","Nonton video ini di samsung a52, beli di 2022, samsung a5 series emang bukan buat semua orang sih, kalo menurut sya buat orang yang emang suka pake samsung dan butuh hp all-rounder aja, aftersales cukup mudah, dan bukan yg geek soal feature dan specsheet😅",nonton video samsung a52 beli 2022 samsung a5 series emang bukan buat semua orang sih turut sya buat orang emang suka pake samsung butuh handphone all rounder aftersales cukup mudah bukan geek soal feature specsheet
"The end of samsung,, seri ini sudah tidak worth sama sekali,, wkwk","The end of samsung,, seri ini sudah tidak worth sama sekali,, wkwk",the end of samsung seri tidak worth sama sekali wkwk
huawei mate 80 pro,huawei mate 80 pro,huawei mate 80 pro
Gue yang masih setia sama samsung galaxy A51 😂,Gue yang masih setia sama samsung galaxy A51 😂,gue masih setia sama samsung galaxy a51
Nonton pakai A56 😂,Nonton pakai A56 😂,nonton pakai a56
"Udah seri 7 aja, seri 1 masih baik2 aja, sering jatuh, renang air pantai. Gokil A5 series","Udah seri 7 aja, seri 1 masih baik2 aja, sering jatuh, renang air pantai. Gokil A5 series",seri seri masih baik2 sering jatuh renang air pantai gokil a5 series
"Ada apa dengan samsung a05,a06,a07 sering gak bisa di sentuhhh padahal hp baru beli","Ada apa dengan samsung a05,a06,a07 sering gak bisa di sentuhhh padahal hp baru beli",apa samsung a05 a06 a07 sering tidak sentuhhh padahal handphone baru beli
"Samsung ""Terllu nyaman duduk dizona Aman"" .
Sedikit inovasi, cm ganti naik chipset 1 step aj setiap seri.
BOSAN SUUUNG SAMSUNG.","Samsung ""Terllu nyaman duduk dizona Aman"" . Sedikit inovasi, cm ganti naik chipset 1 step aj setiap seri. BOSAN SUUUNG SAMSUNG.",samsung terllu nyaman duduk zona aman sedikit inovasi cm ganti naik chipset step aj tiap seri bosan suuung samsung
"A57 Di kritik di anggap gak upgrade dan mahal, 
tpi tetap aja samsung top global, gmna kalau di imbangin  samsung ya wkkwkw","A57 Di kritik di anggap gak upgrade dan mahal, tpi tetap aja samsung top global, gmna kalau di imbangin samsung ya wkkwkw",a57 kritik anggap tidak upgrade mahal tpi tetap samsung top global gmna imbangin samsung wkkwkw
"mau sejelek apapun speknya, seminim apapun upgradenya dan over price banget pun, samsung akan tetap punya tempat dihati penikmat one ui yg akan tetap membeli nya.
karena yg mereka cari adalah experience dari one ui yg tidak didapatkan di brand lain","mau sejelek apapun speknya, seminim apapun upgradenya dan over price banget pun, samsung akan tetap punya tempat dihati penikmat one ui yg akan tetap membeli nya. karena yg mereka cari adalah experience dari one ui yg tidak didapatkan di brand lain",mau jelek apa speknya minim apa upgradenya over price banget pun samsung akan tetap punya tempat hati nikmat one ui akan tetap beli karena cari experience one ui tidak dapat brand lain
"🔥Halo Bang, Tolong Buatkan Review HP Android Menengah Bawah yang cocok untuk MIDI (Two Way) untuk disambungkan dengan keyboard synth, untuk produksi musik.
Makasih Bang.","🔥Halo Bang, Tolong Buatkan Review HP Android Menengah Bawah yang cocok untuk MIDI (Two Way) untuk disambungkan dengan keyboard synth, untuk produksi musik. Makasih Bang.",halo tolong buat review handphone android tengah bawah cocok midi two way sambung keyboard synth produksi musik makasih
giveaway bisa x bang buat orang yg cuma bisa nonton pake hape kentang ini 😅,giveaway bisa x bang buat orang yg cuma bisa nonton pake hape kentang ini 😅,giveaway buat orang cuma nonton pake hape kentang
Lain kali unboxing hp realme c71 bang,Lain kali unboxing hp realme c71 bang,lain kali unboxing handphone realme c71
"Upgradenya bikin turu
Harganya bikin tangi😂😂😂",Upgradenya bikin turu Harganya bikin tangi😂😂😂,upgradenya bikin turu harga bikin tang
Review Tecno camon 50 bang david,Review Tecno camon 50 bang david,review tecno camon 50 david
Infinix gt 50 pro bang,Infinix gt 50 pro bang,infinix gt 50 pro
Tekno camon 5 bg,Tekno camon 5 bg,tekno camon bg
Kok samsung skrg jadi serba nanggung ga kayak brand2 lain,Kok samsung skrg jadi serba nanggung ga kayak brand2 lain,kok samsung skrg jadi serba nanggung tidak kayak brand2 lain
Tetap Samsung paling bagus..disamping awet puluhan tahun..cryto wallet saya dari tahun 2010 masih tersimpan awet sampai sekarang,Tetap Samsung paling bagus..disamping awet puluhan tahun..cryto wallet saya dari tahun 2010 masih tersimpan awet sampai sekarang,tetap samsung paling bagus samping awet puluh tahun cryto wallet tahun 2010 masih simpan awet sampai sekarang
"Tolong semuanya semangatin gwehhhhhh, gw baru aja beli samsung inihh. Dari user iphone ke samsung lagi. Jangan pada nakut nakutin dah komennya. Soalnya ini dibeliin mau beli iphone lagi pada naek semua harganya😂😢😢😢","Tolong semuanya semangatin gwehhhhhh, gw baru aja beli samsung inihh. Dari user iphone ke samsung lagi. Jangan pada nakut nakutin dah komennya. Soalnya ini dibeliin mau beli iphone lagi pada naek semua harganya😂😢😢😢",tolong semua semangatin gwehhhhhh gw baru beli samsung inihh user iphone samsung lagi jangan pada nakut nakutin dah komennya soal dibeliin mau beli iphone lagi pada naek semua harga
masih nyaman nonton ini di samsung A51 😂,masih nyaman nonton ini di samsung A51 😂,masih nyaman nonton samsung a51
Review Red magic 11 pro plus golden saga bang,Review Red magic 11 pro plus golden saga bang,review red magic 11 pro plus golden saga
"@12:57 Setuju, dari jaman S20 FE vs A51, saya selalu pilih S2x FE drpd A5x","@12:57 Setuju, dari jaman S20 FE vs A51, saya selalu pilih S2x FE drpd A5x",12 57 tuju jaman s20 fe vs a51 selalu pilih s2x fe drpd a5x
Masih pake M20 it works bro,Masih pake M20 it works bro,masih pake m20 it works bro
"@7:22 Ada yg ketinggalan... TIDAK ada chargernya, TIDAK ada chargernya, TIDAK ada chargernya 😂","@7:22 Ada yg ketinggalan... TIDAK ada chargernya, TIDAK ada chargernya, TIDAK ada chargernya 😂",22 tinggal tidak chargernya tidak chargernya tidak chargernya
liat ni orang cuman buat pengantar tidur🗿,liat ni orang cuman buat pengantar tidur🗿,liat ni orang cuman buat antar tidur
Riview barang aneh plis,Riview barang aneh plis,riview barang aneh plis
Bikin rekomendasi Sepiker 1jt dong bg,Bikin rekomendasi Sepiker 1jt dong bg,bikin rekomendasi sepiker 1jt dong bg
Samsung a37 5g bang,Samsung a37 5g bang,samsung a37 5g
"Masih nyaman sama A52S 5G 🤣
Belum ganti² dari awal rillis sampai sekarang. Awet dan juga belum ketinggalan banget masih oke semua fitur2 nya",Masih nyaman sama A52S 5G 🤣 Belum ganti² dari awal rillis sampai sekarang. Awet dan juga belum ketinggalan banget masih oke semua fitur2 nya,masih nyaman sama a52s 5g belum ganti awal rillis sampai sekarang awet juga belum tinggal banget masih oke semua fitur2
"Mahal bro.., bedanya dikit doank ama A 56...😂😂😂","Mahal bro.., bedanya dikit doank ama A 56...😂😂😂",mahal bro beda dikit doank ama 56
Oppo reno 15 pro max 5g kapan di review bg??,Oppo reno 15 pro max 5g kapan di review bg??,oppo reno 15 pro max 5g kapan review bg
"Paling gak mau dengan hp fomo atau hp dengan bnyak yg gunain . Aku milih motorola , gk terlalu bnyak yg gunain dibanding brand2 fomo","Paling gak mau dengan hp fomo atau hp dengan bnyak yg gunain . Aku milih motorola , gk terlalu bnyak yg gunain dibanding brand2 fomo",paling tidak mau handphone fomo handphone bnyak gunain aku milih motorola tidak terlalu bnyak gunain banding brand2 fomo
"Aku nonton pake A56 12/256 hasil war launching tahun lalu setelah hijrah dari A54 8/256, Alhamdulillah untuk pindah datanya enak banget, dan Alhamdulillah sudah sangat mencover kegiatan saya yg cuma sosmedtan 😅, apalagi pake ekosistem Samsung yg lain, dijamin betah gaes, semoga awet, sampe jumpa 5 tahun kedepan lah untuk upgrade lagi.","Aku nonton pake A56 12/256 hasil war launching tahun lalu setelah hijrah dari A54 8/256, Alhamdulillah untuk pindah datanya enak banget, dan Alhamdulillah sudah sangat mencover kegiatan saya yg cuma sosmedtan 😅, apalagi pake ekosistem Samsung yg lain, dijamin betah gaes, semoga awet, sampe jumpa 5 tahun kedepan lah untuk upgrade lagi.",aku nonton pake a56 12 256 hasil war launching tahun lalu telah hijrah a54 256 alhamdulillah pindah data enak banget alhamdulillah sangat mencover giat cuma sosmedtan apalagi pake ekosistem samsung lain jamin betah gaes moga awet sampe jumpa tahun depan lah upgrade lagi
Antara samsung A57 sama iphone 14 mendingan yang mana bang? Masih bingung,Antara samsung A57 sama iphone 14 mendingan yang mana bang? Masih bingung,antara samsung a57 sama iphone 14 mending mana masih bingung
"lnfinix 50 GT bang🙏
(2026)",lnfinix 50 GT bang🙏 (2026),lnfinix 50 gt 2026
"Sy pakai Samsung A52S 5G, terus upgrade ke A55 yang masih saya pakai. Nanti rencana beli lagi kalau masih oke ganti jadi A58 atau A59, setiap 3-4 tahunan ganti A","Sy pakai Samsung A52S 5G, terus upgrade ke A55 yang masih saya pakai. Nanti rencana beli lagi kalau masih oke ganti jadi A58 atau A59, setiap 3-4 tahunan ganti A",sy pakai samsung a52s 5g terus upgrade a55 masih pakai nanti rencana beli lagi masih oke ganti jadi a58 a59 tiap tahun ganti
"Kesimpulannya,beda tipis aja sama a56,, dengan harga 7 sampai 8 juta mending beli samsung s25 fe","Kesimpulannya,beda tipis aja sama a56,, dengan harga 7 sampai 8 juta mending beli samsung s25 fe",simpul beda tipis sama a56 harga sampai juta mending beli samsung s25 fe
"dari 2021 pake samsung a02, sekarang udah 5 tahun baru ganti ke v40. biarpun v40 lebih di atas a02 tapi tetep aja menurut saya lebih nyaman pake samsung secara kualitas jangka panjang","dari 2021 pake samsung a02, sekarang udah 5 tahun baru ganti ke v40. biarpun v40 lebih di atas a02 tapi tetep aja menurut saya lebih nyaman pake samsung secara kualitas jangka panjang",2021 pake samsung a02 sekarang tahun baru ganti v40 biarpun v40 lebih atas a02 tetep turut lebih nyaman pake samsung cara kualitas jangka panjang
"Akhirnya di review juga samsung A57,terimakasih abangku ❤","Akhirnya di review juga samsung A57,terimakasih abangku ❤",akhir review juga samsung a57 terimakasih abang
Masih setia sama samsung a52 yg blum 5g bang.. blum mampu updet,Masih setia sama samsung a52 yg blum 5g bang.. blum mampu updet,masih setia sama samsung a52 blum 5g blum mampu updet
"13:11 apakah terdengar familiar guys? 🤭

Kok kayak strategi price ladderingnya Apple ya? 🤭🤭🤭

once again, mock but copy. Dah brp kali Samsung ini jilat ludah sendiri mulu 😂","13:11 apakah terdengar familiar guys? 🤭 Kok kayak strategi price ladderingnya Apple ya? 🤭🤭🤭 once again, mock but copy. Dah brp kali Samsung ini jilat ludah sendiri mulu 😂",13 11 apakah dengar familiar guys kok kayak strategi price ladderingnya apple once again mock but copy dah brp kali samsung jilat ludah sendiri mulu
Kalau milih dari segi kamera fitur kamera dll lebih worth it hp ini atau Poco X 8 pro max?,Kalau milih dari segi kamera fitur kamera dll lebih worth it hp ini atau Poco X 8 pro max?,milih segi kamera fitur kamera dll lebih bagus handphone poco pro max
"Hape sekarang emang upgradenya incremental dikit2 aja. Udah lewat smartphone boom. Ganti hape kalau emang perlu aja, biar upgradenya berasa hehe. A57 kalau dari A52 lumayan kali ya 🙈","Hape sekarang emang upgradenya incremental dikit2 aja. Udah lewat smartphone boom. Ganti hape kalau emang perlu aja, biar upgradenya berasa hehe. A57 kalau dari A52 lumayan kali ya 🙈",hape sekarang emang upgradenya incremental dikit2 lewat smartphone boom ganti hape emang perlu upgradenya asa hehe a57 a52 lumayan kali
"kcintaan bgt sama samsung A series dr th.2018 yg jmn a6+
skrg hrgnya behh naik bgt yaa dgn fitur yg gitu2 aja",kcintaan bgt sama samsung A series dr th.2018 yg jmn a6+ skrg hrgnya behh naik bgt yaa dgn fitur yg gitu2 aja,kcintaan banget sama samsung series th 2018 jmn a6 skrg hrgnya behh naik banget yaa dgn fitur gitu2
Mending a56 spek ga beda jauh,Mending a56 spek ga beda jauh,mending a56 spesifikasi tidak beda jauh
"Stress, wkwkwkwkwk,. Penasaran masih ada yg beli kah? Series S nya berapaan dong ini samsung, wkwkwkw","Stress, wkwkwkwkwk,. Penasaran masih ada yg beli kah? Series S nya berapaan dong ini samsung, wkwkwkw",stress wkwkwkwkwk penasaran masih beli kah series berapa dong samsung wkwkwkw
A54 lompat ke S24fe,A54 lompat ke S24fe,a54 lompat s24fe
"Udah sering gonta ganti HP aman, giliran ganti samsung dpt setahun udah melembung batreinya","Udah sering gonta ganti HP aman, giliran ganti samsung dpt setahun udah melembung batreinya",sering gonta ganti handphone aman gilir ganti samsung dapat tahun lembung batreinya
"Please, review Poco pad M1 dong mas davidddd🙏🏻🙏🏻🙏🏻🙏🏻🙏🏻","Please, review Poco pad M1 dong mas davidddd🙏🏻🙏🏻🙏🏻🙏🏻🙏🏻",please review poco pad m1 dong mas davidddd
"Yahhhh gt doang, w pegang A56 aj gt2 doang, B aja nih mlah di ikuti B aja, hadehh","Yahhhh gt doang, w pegang A56 aj gt2 doang, B aja nih mlah di ikuti B aja, hadehh",yahhhh gt doang pegang a56 aj gt2 doang nih mlah ikut hadehh
A56 aja blum kebeli udah keluar A57 aja,A56 aja blum kebeli udah keluar A57 aja,a56 blum kebel keluar a57
Infinix gt 50 kpn?,Infinix gt 50 kpn?,infinix gt 50 kpn
Bang riview hp Oneplus ace 6+ pliss emang bener sebagus itu??,Bang riview hp Oneplus ace 6+ pliss emang bener sebagus itu??,riview handphone oneplus ace pliss emang bener bagus
"Walopun gw ga pernah pake samsung, 
Tp buat ortu sama pasangan selalu gw beliin samsung,
alesan nya ya one ui, dan buat daily use normal sangat aman","Walopun gw ga pernah pake samsung, Tp buat ortu sama pasangan selalu gw beliin samsung, alesan nya ya one ui, dan buat daily use normal sangat aman",walopun gw tidak pernah pake samsung buat ortu sama pasang selalu gw beliin samsung alesan one ui buat daily use normal sangat aman
"Bjir 8 jeti, mending ambil s24 fe aja wkwkwkw","Bjir 8 jeti, mending ambil s24 fe aja wkwkwkw",bjir jet mending ambil s24 fe wkwkwkw
"Meski gak beli, ngrasa asik aja lihat reviw smartphone kek gini.. 
Sekarang masih setia makek vivo v29. Sebelumnya pakek opo f11 dah hmpir 5thun akhirnya rusak  jug. Mudah""an yng in bisa 5thun juga","Meski gak beli, ngrasa asik aja lihat reviw smartphone kek gini.. Sekarang masih setia makek vivo v29. Sebelumnya pakek opo f11 dah hmpir 5thun akhirnya rusak jug. Mudah""an yng in bisa 5thun juga",meski tidak beli ngrasa asik lihat reviw smartphone kek gin sekarang masih setia makek vivo v29 belum pakek opo f11 dah hmpir 5thun akhir rusak jug mudah an yng in 5thun juga
Masih stay dengan samsung a52 😊,Masih stay dengan samsung a52 😊,masih stay samsung a52
Nonton masih di Samsung M21 🫠,Nonton masih di Samsung M21 🫠,nonton masih samsung m21
Masih pakai A54.. 😁,Masih pakai A54.. 😁,masih pakai a54
Nonton video ini dari samsung galaxy A51 (2020),Nonton video ini dari samsung galaxy A51 (2020),nonton video samsung galaxy a51 2020
masih pake a54,masih pake a54,masih pake a54
Nyimak aja gue 😂,Nyimak aja gue 😂,nyimak gue
"Pengin uograde, udah 3 generasi tertinggal.","Pengin uograde, udah 3 generasi tertinggal.",pengin uograde generasi tinggal
bang gw mau beli a26 tp nunggu u review dulu biar gw ngerti speknya😭😅,bang gw mau beli a26 tp nunggu u review dulu biar gw ngerti speknya😭😅,gw mau beli a26 nunggu review dulu gw ngerti speknya
udah lama ga main misteri box ni bang,udah lama ga main misteri box ni bang,lama tidak main misteri box ni
Nonton pake a54 😅,Nonton pake a54 😅,nonton pake a54
Nice,Nice,nice
"Samsung spesialis hp panas ga sih, ini aku pake a52s juga panas ga nyaman di tangam, apa lagi kalau di gunain siang, buka tiktok, fb, ig, doang karna butuh cahaya aga tinggi di siang hari alhasil panas ga nyaman di tangan. Apa lg habis itu anak vc beuh auto ga bisa lama vc nya dan harus di matiin dlu opsi selanjut nya karna super hoooooot. Jujur ga nyaman sama samsung dengan saya yg banyak diem di luar ruangan","Samsung spesialis hp panas ga sih, ini aku pake a52s juga panas ga nyaman di tangam, apa lagi kalau di gunain siang, buka tiktok, fb, ig, doang karna butuh cahaya aga tinggi di siang hari alhasil panas ga nyaman di tangan. Apa lg habis itu anak vc beuh auto ga bisa lama vc nya dan harus di matiin dlu opsi selanjut nya karna super hoooooot. Jujur ga nyaman sama samsung dengan saya yg banyak diem di luar ruangan",samsung spesialis handphone panas tidak sih aku pake a52s juga panas tidak nyaman tangam apa lagi gunain siang buka tiktok fb ig doang karna butuh cahaya aga tinggi siang hari alhasil panas tidak nyaman tangan apa lg habis anak vc beuh auto tidak lama vc harus matiin dlu opsi lanjut karna super hoooooot jujur tidak nyaman sama samsung banyak diem luar ruang
Tim yg ganti hp klo bener2 dah rusak 😂,Tim yg ganti hp klo bener2 dah rusak 😂,tim ganti handphone klo bener2 dah rusak
"hp mid range untuk kamera dan video terbaik klo dari vivo v series lebih bagus mana antara v50 5g, v60 5g, v60 lite 5g atau v70 fe 5g? sebenarnya ane mau beli reno 14 5g, tapi barangnya udah gak ada","hp mid range untuk kamera dan video terbaik klo dari vivo v series lebih bagus mana antara v50 5g, v60 5g, v60 lite 5g atau v70 fe 5g? sebenarnya ane mau beli reno 14 5g, tapi barangnya udah gak ada",handphone mid range kamera video baik klo vivo series lebih bagus mana antara v50 5g v60 5g v60 lite 5g v70 fe 5g benar ane mau beli reno 14 5g barang tidak
"Bg coba rivew nubia neo 3 5g, masih agak ragu kalau mau beli, moga di buatin😅","Bg coba rivew nubia neo 3 5g, masih agak ragu kalau mau beli, moga di buatin😅",bg coba rivew nubia neo 5g masih agak ragu mau beli moga buatin
Samsung ku masih awet udah 8 tahun blum di bongkar  yaitu samsung galaxy j6,Samsung ku masih awet udah 8 tahun blum di bongkar yaitu samsung galaxy j6,samsung ku masih awet tahun blum bongkar yaitu samsung galaxy j6
"Bang, kok gak review hp OnePlus lagi","Bang, kok gak review hp OnePlus lagi",kok tidak review handphone oneplus lagi
"masih pake a32 sampe skrg. dari kapan hari mau bgt upgrade ke a56 nunggu harga turun pas a57 keluar, ternyata masi blm kebeli jg😮‍💨😮‍💨","masih pake a32 sampe skrg. dari kapan hari mau bgt upgrade ke a56 nunggu harga turun pas a57 keluar, ternyata masi blm kebeli jg😮‍💨😮‍💨",masih pake a32 sampe skrg kapan hari mau banget upgrade a56 nunggu harga turun pas a57 keluar nyata mas blm kebel juga
buatin versi laptop bang buget 5 jt,buatin versi laptop bang buget 5 jt,buatin versi laptop buget jt
Bg cobain infinix note 60 ultra,Bg cobain infinix note 60 ultra,bg cobain infinix note 60 ultra
Bg coba infinix note 60 ultra,Bg coba infinix note 60 ultra,bg coba infinix note 60 ultra
GK gairah bgt gw bang liat tempat camera nya 🫠,GK gairah bgt gw bang liat tempat camera nya 🫠,tidak gairah banget gw liat tempat camera
"Damn bro 2026 layarnya masih belum simetris? Bad deal banget sumpah, harga naik masih di kelas midrange, sampah. Diskriminasi korea","Damn bro 2026 layarnya masih belum simetris? Bad deal banget sumpah, harga naik masih di kelas midrange, sampah. Diskriminasi korea",damn bro 2026 layar masih belum simetris bad deal banget sumpah harga naik masih kelas midrange sampah diskriminasi korea
Nunggu harganya smpe 2jt an,Nunggu harganya smpe 2jt an,nunggu harga smpe 2jt an
"bang, coba Spil"" rekomendasi Thinkpad second dari yang maling murah sampai yg paling mahal","bang, coba Spil"" rekomendasi Thinkpad second dari yang maling murah sampai yg paling mahal",coba spil rekomendasi thinkpad second maling murah sampai paling mahal
bang ga review camon 50 pro 5G,bang ga review camon 50 pro 5G,tidak review camon 50 pro 5g
Mumettttt  sm type gadget,Mumettttt sm type gadget,mumettttt sama type gadget
"masi pake a52s dan masi enak"" aja","masi pake a52s dan masi enak"" aja",mas pake a52s mas enak
ganti baju doang ini mah aslinya A56 wkwkwk tapi kalo tetep paling laku sih aneh banget😂,ganti baju doang ini mah aslinya A56 wkwkwk tapi kalo tetep paling laku sih aneh banget😂,ganti baju doang mah asli a56 wkwkwk tetep paling laku sih aneh banget
"Samsung seri A sekarang gak ada perubahan kamera...selalu Main Cam, Ultrawide, Macro...knp gak dikasih lensa Telephoto buat gantiin lensa Macro..?? Jujur aja aku bersyukur banget punya Samsung A72, satu2 nya hp seri A dengan lensa Telephoto..","Samsung seri A sekarang gak ada perubahan kamera...selalu Main Cam, Ultrawide, Macro...knp gak dikasih lensa Telephoto buat gantiin lensa Macro..?? Jujur aja aku bersyukur banget punya Samsung A72, satu2 nya hp seri A dengan lensa Telephoto..",samsung seri sekarang tidak ubah kamera selalu main cam ultrawide macro knp tidak kasih lensa telephoto buat gantiin lensa macro jujur aku syukur banget punya samsung a72 satu2 handphone seri lensa telephoto
Masih stay dengan samsung A54,Masih stay dengan samsung A54,masih stay samsung a54
Samsung Smartphone Yahudi,Samsung Smartphone Yahudi,samsung smartphone yahudi
Kapan Tecno camon 50 Ultra,Kapan Tecno camon 50 Ultra,kapan tecno camon 50 ultra
mending langsung upgrade ke FE wkwk,mending langsung upgrade ke FE wkwk,mending langsung upgrade fe wkwk
Gue masih pake Samsung galaxy a12 udah jatuh beberapa kali dan kecemplung bak mandi masih aman cuman agak lemot aja sekarang kalau buat buka aplikasi,Gue masih pake Samsung galaxy a12 udah jatuh beberapa kali dan kecemplung bak mandi masih aman cuman agak lemot aja sekarang kalau buat buka aplikasi,gue masih pake samsung galaxy a12 jatuh beberapa kali cemplung bak mandi masih aman cuman agak lot sekarang buat buka aplikasi
review tecno camon 50 dong,review tecno camon 50 dong,review tecno camon 50 dong
"Gw pake seri a52 2021, sampe sekarang masih lancar dan jarang lag, memang sebagus itu samsung a5 series, harga gk terlalu mahal dan masih terjangkau","Gw pake seri a52 2021, sampe sekarang masih lancar dan jarang lag, memang sebagus itu samsung a5 series, harga gk terlalu mahal dan masih terjangkau",gw pake seri a52 2021 sampe sekarang masih lancar jarang lag memang bagus samsung a5 series harga tidak terlalu mahal masih jangkau
"Bisa di bilang a57 ini a56s nya samsung, yg mau upgrade ke a5series besel tipis punchole kecil layar enak di lihat ya jawabannya a57😅","Bisa di bilang a57 ini a56s nya samsung, yg mau upgrade ke a5series besel tipis punchole kecil layar enak di lihat ya jawabannya a57😅",bilang a57 a56s samsung mau upgrade a5series besel tipis punchole kecil layar enak lihat jawab a57
Pake S20 ultra di 2026 aja masoh enak,Pake S20 ultra di 2026 aja masoh enak,pake s20 ultra 2026 masoh enak
Samsung dgn brand lain itu  ibarat mobil honda dibandingin Toyota Dll..interior pelit tapi gengsi tetap Top..ini masalah nama brand..nama samsung tetap top,Samsung dgn brand lain itu ibarat mobil honda dibandingin Toyota Dll..interior pelit tapi gengsi tetap Top..ini masalah nama brand..nama samsung tetap top,samsung dgn brand lain ibarat mobil honda dibandingin toyota dll interior pelit gengsi tetap top masalah nama brand nama samsung tetap top
"Gw masih aja disini, bareng A52s 😢 ....","Gw masih aja disini, bareng A52s 😢 ....",gw masih sini bareng a52s
"Samsung UI nya paling nyaman, make dari seri Young sampe sekarang pake seri A, tapi..untuk upgrade kali ini nahan dulu. Mungkin kalo kapasitas baterai di tambah jadi 7000mah auto ganti dari A55 ini ke A57","Samsung UI nya paling nyaman, make dari seri Young sampe sekarang pake seri A, tapi..untuk upgrade kali ini nahan dulu. Mungkin kalo kapasitas baterai di tambah jadi 7000mah auto ganti dari A55 ini ke A57",samsung ui paling nyaman make seri young sampe sekarang pake seri upgrade kali nahan dulu mungkin kapasitas baterai tambah jadi 7000mah auto ganti a55 a57
Bang coba ripiw  Tecno camon 50 pro 5G 🗿,Bang coba ripiw Tecno camon 50 pro 5G 🗿,coba ripiw tecno camon 50 pro 5g
Ada my bini,Ada my bini,my bini
Bang kapan bahas Tecno camon 50 pro 5g,Bang kapan bahas Tecno camon 50 pro 5g,kapan bahas tecno camon 50 pro 5g
A56 masih oke ni,A56 masih oke ni,a56 masih oke ni
Maaf mas klau sama motorola 60 fusion bagus mana mas,Maaf mas klau sama motorola 60 fusion bagus mana mas,maaf mas klau sama motorola 60 fusion bagus mana mas
Samsung = Honda 😂,Samsung = Honda 😂,samsung honda
bg cek email dong bg . soal keluh kesah samsung bg,bg cek email dong bg . soal keluh kesah samsung bg,bg cek email dong bg soal keluh kesah samsung bg
bang review tecno spark 40 pro+,bang review tecno spark 40 pro+,review tecno spark 40 pro
Tetep vavorit di samsung not 105g,Tetep vavorit di samsung not 105g,tetep vavorit samsung not 105g
"Design kamera belakang tetap lebih baik yang a56 sih

Bener banget kalau 8 juta mending beli samsung s25 FE",Design kamera belakang tetap lebih baik yang a56 sih Bener banget kalau 8 juta mending beli samsung s25 FE,design kamera belakang tetap lebih baik a56 sih bener banget juta mending beli samsung s25 fe
7:00 5k mah tu kalau Samsung biasanya tipical. Jadi batre aslinya biasanya GK nyampek  5k palingan 4830. Jadi GK heran misal merasa batrenya kok cepet habis,7:00 5k mah tu kalau Samsung biasanya tipical. Jadi batre aslinya biasanya GK nyampek 5k palingan 4830. Jadi GK heran misal merasa batrenya kok cepet habis,00 5k mah tu samsung biasa tipical jadi batre asli biasa tidak nyampek 5k paling 4830 jadi tidak heran misal rasa batrenya kok cepet habis
A53 5G hadir dan gak mau ganti 😂,A53 5G hadir dan gak mau ganti 😂,a53 5g hadir tidak mau ganti
Yaudah a56 aja dulu. Mungkin ganti kl udah a60. Sukur2 jadi s ultra sekian pas a56nya dah renyek,Yaudah a56 aja dulu. Mungkin ganti kl udah a60. Sukur2 jadi s ultra sekian pas a56nya dah renyek,yaudah a56 dulu mungkin ganti kl a60 sukur2 jadi ultra sekian pas a56nya dah renyek
Masih pke Samsung M12,Masih pke Samsung M12,masih pke samsung m12
"Kak, review in dong tv xiaomi A pro Qled 55inch","Kak, review in dong tv xiaomi A pro Qled 55inch",kak review in dong tv xiaomi pro qled 55inch
"Jujur, hampir 3 tahun pake Samsung galaxy A54 awet banget. Pemakaian normal dan ya suka sama ui dan lain²","Jujur, hampir 3 tahun pake Samsung galaxy A54 awet banget. Pemakaian normal dan ya suka sama ui dan lain²",jujur hampir tahun pake samsung galaxy a54 awet banget pakai normal suka sama ui lain
Mending poco x8 promax bang,Mending poco x8 promax bang,mending poco x8 promax
"gatau kenapa, samsung tuh diliatnya menarik. salah satu HP paling estetik","gatau kenapa, samsung tuh diliatnya menarik. salah satu HP paling estetik",gatau kenapa samsung tuh liat tarik salah satu handphone paling estetik
samsung brand overpriced wkwkwk kelebihannya cm update software panjang,samsung brand overpriced wkwkwk kelebihannya cm update software panjang,samsung brand overpriced wkwkwk lebih cm update software panjang
"bang david, Udah lama gak review laptop, sesekali review laptop dong","bang david, Udah lama gak review laptop, sesekali review laptop dong",david lama tidak review laptop sekal review laptop dong
Nonton ini make hape samsung note 10 garis layar ada 2😊😊,Nonton ini make hape samsung note 10 garis layar ada 2😊😊,nonton make hape samsung note 10 garis layar
"Samsung ini hp2 budgetnya emang keliatan b aja spek2nya ketimbang hp lain. Tapi tetap kalau mau android selalu milih samsung lagi. Hpnya badak banget soalnya, beli hp samsung harga sejutaan pun aja tahun 2020 masih hidup sampai sekarang wkwk","Samsung ini hp2 budgetnya emang keliatan b aja spek2nya ketimbang hp lain. Tapi tetap kalau mau android selalu milih samsung lagi. Hpnya badak banget soalnya, beli hp samsung harga sejutaan pun aja tahun 2020 masih hidup sampai sekarang wkwk",samsung hp2 budgetnya emang liat spek2nya ketimbang handphone lain tetap mau android selalu milih samsung lagi hpnya badak banget soal beli handphone samsung harga juta pun tahun 2020 masih hidup sampai sekarang wkwk
Bang bahas Ikko Mindone Pro 🎉,Bang bahas Ikko Mindone Pro 🎉,bahas ikko mindone pro
"Gua masih pake A14 , ampe nih ari, lancar2 aja..body sama aja kek A57","Gua masih pake A14 , ampe nih ari, lancar2 aja..body sama aja kek A57",gua masih pake a14 ampe nih ari lancar2 body sama kek a57
review infinix note 60 ultra pininfarina dong bang,review infinix note 60 ultra pininfarina dong bang,review infinix note 60 ultra pininfarina dong
Kalo kamera msh lbh bagus kameranya oppo sih,Kalo kamera msh lbh bagus kameranya oppo sih,kamera msh lbh bagus kamera oppo sih
Ada fitur app lock ga si di galaxy A5 series ini?,Ada fitur app lock ga si di galaxy A5 series ini?,fitur app lock tidak si galaxy a5 series
"Lihat di official samsung hrganya 7,6-7, 8 klo gak salah. Ya mending nyafi ip 14 gak sih klo gtu","Lihat di official samsung hrganya 7,6-7, 8 klo gak salah. Ya mending nyafi ip 14 gak sih klo gtu",lihat official samsung hrganya klo tidak salah mending nyafi ip 14 tidak sih klo gtu
Nonton pake A55. Ibarat karisma dan supra x 125 sih. Beda tipis doang 😂,Nonton pake A55. Ibarat karisma dan supra x 125 sih. Beda tipis doang 😂,nonton pake a55 ibarat karisma supra 125 sih beda tipis doang
Nonton A57 dengan A32 wkwkwk,Nonton A57 dengan A32 wkwkwk,nonton a57 a32 wkwkwk
"Bg coba review hp tank 4 pro, semoga dibuatin😊","Bg coba review hp tank 4 pro, semoga dibuatin😊",bg coba review handphone tank pro moga dibuatin
"kyk vario 150 ke 160, sabar dikit ke S 25 FE😃","kyk vario 150 ke 160, sabar dikit ke S 25 FE😃",kyk vario 150 160 sabar dikit 25 fe
Makin lama hrg makin jadi Sam pah 😅,Makin lama hrg makin jadi Sam pah 😅,makin lama hrg makin jadi sam pah
Masih di a54,Masih di a54,masih a54
Kalo harga 4jt ada rekomen yang enak buat main game pubg dan batre gede ngga koh?,Kalo harga 4jt ada rekomen yang enak buat main game pubg dan batre gede ngga koh?,harga 4jt rekomen enak buat main game pubg batre gede ngga koh
"Intinya jangan tergiur kalau memang tidak terlalu penting atau hanya gaya2an,KARENA SUNGGUH NGIKUTIN DUNIA TECNOLOGI menguras isi kantong mu.😅😅","Intinya jangan tergiur kalau memang tidak terlalu penting atau hanya gaya2an,KARENA SUNGGUH NGIKUTIN DUNIA TECNOLOGI menguras isi kantong mu.😅😅",inti jangan giur memang tidak terlalu penting hanya gaya2an karena sungguh ngikutin dunia tecnologi uras isi kantong mu
Review honor 400 smart 5g,Review honor 400 smart 5g,review honor 400 smart 5g
Bg review Iqoo 15 ultraaaaaa🎉🎉🎉🎉,Bg review Iqoo 15 ultraaaaaa🎉🎉🎉🎉,bg review iqoo 15 ultraaaaaa
"kayanya emg samsung main aman di serie 7nya, nunggu optimalisasi di serie 8 aja","kayanya emg samsung main aman di serie 7nya, nunggu optimalisasi di serie 8 aja",kaya emg samsung main aman serie 7nya nunggu optimalisasi serie
"Udah 2× kali beli samsung seri S, 2 tahun pemakaian Kendalanya selalu greenline Hadeh.saya pake S 20 terakhir seri S23 sama penyakitnya greenline","Udah 2× kali beli samsung seri S, 2 tahun pemakaian Kendalanya selalu greenline Hadeh.saya pake S 20 terakhir seri S23 sama penyakitnya greenline",kali beli samsung seri tahun pakai kendala selalu greenline hadeh pake 20 akhir seri s23 sama sakit greenline
Waktu beli A56 sempet ragu krn A57 mau launching tp akhirnya aku memilih A56 daripada A57🤣,Waktu beli A56 sempet ragu krn A57 mau launching tp akhirnya aku memilih A56 daripada A57🤣,waktu beli a56 sempet ragu karena a57 mau launching akhir aku pilih a56 daripada a57
Gue milih samsung Galaxy young deh 😂,Gue milih samsung Galaxy young deh 😂,gue milih samsung galaxy young deh
Tecno camon 50 pro 5G bg,Tecno camon 50 pro 5G bg,tecno camon 50 pro 5g bg
"Tetep tim A55, harga paling worth...mana masih bisa sdcard","Tetep tim A55, harga paling worth...mana masih bisa sdcard",tetep tim a55 harga paling worth mana masih sdcard
gw dari samsung a36 ke s25fe,gw dari samsung a36 ke s25fe,gw samsung a36 s25fe
Yang masih pake a52s mana suaranya apakah sudah ada keluh kesah kah?,Yang masih pake a52s mana suaranya apakah sudah ada keluh kesah kah?,masih pake a52s mana suara apakah keluh kesah kah
Upgrade B aja harga jauh beda sama A56😂,Upgrade B aja harga jauh beda sama A56😂,upgrade harga jauh beda sama a56
Tim nonton kaga beli ☺,Tim nonton kaga beli ☺,tim nonton kaga beli
Bang coba riview Infinix smart 20 plis notice,Bang coba riview Infinix smart 20 plis notice,coba riview infinix smart 20 plis notice
"hallo bangg, cobaa dong bikin perbandingan poco f7 pro 5g sama x 8 pro max","hallo bangg, cobaa dong bikin perbandingan poco f7 pro 5g sama x 8 pro max",hallo bangg cobaa dong bikin banding poco f7 pro 5g sama pro max
Yg upgrade gede cuma harga doang😂,Yg upgrade gede cuma harga doang😂,upgrade gede cuma harga doang
KENAPA DAVID GAK PERNAH TEST SPEAKER HP SAMSUNG??,KENAPA DAVID GAK PERNAH TEST SPEAKER HP SAMSUNG??,kenapa david tidak pernah test speaker handphone samsung
"Percayalah, semahal mahalnya lu beli hp dan merek, berujung di tawar 20rb sama kang rongsokan 😂😂😂😂","Percayalah, semahal mahalnya lu beli hp dan merek, berujung di tawar 20rb sama kang rongsokan 😂😂😂😂",percaya mahal mahal lu beli handphone merek ujung tawar 20rb sama kang rongsok
"Seri A emng gak bisa di bilang hp receh, dr thn 2019 aja A30s ku msih aman semua sampe thn 2026, buat kerja juga msh oke meski kdang agak nglag mngkin krn pnyimpnan yg kurang lega. A52 ku juga msh nice apalagi kameranya msh cakep bnget pdhl udh 4 thn. Samsung pride ❤❤❤ 🎉🎉🎉","Seri A emng gak bisa di bilang hp receh, dr thn 2019 aja A30s ku msih aman semua sampe thn 2026, buat kerja juga msh oke meski kdang agak nglag mngkin krn pnyimpnan yg kurang lega. A52 ku juga msh nice apalagi kameranya msh cakep bnget pdhl udh 4 thn. Samsung pride ❤❤❤ 🎉🎉🎉",seri emng tidak bilang handphone receh thn 2019 a30s ku msih aman semua sampe thn 2026 buat kerja juga msh oke meski kdang agak nglag mngkin karena pnyimpnan kurang lega a52 ku juga msh nice apalagi kamera msh cakep bnget pdhl thn samsung pride
Samsung apa kak dulu yg ngegas nya kenceng dan masih wangi,Samsung apa kak dulu yg ngegas nya kenceng dan masih wangi,samsung apa kak dulu ngegas kenceng masih wangi
Guys a57 varian 12/256 dengan harga 7.6jt dapet free galaxy buds core worth it nggak ya?,Guys a57 varian 12/256 dengan harga 7.6jt dapet free galaxy buds core worth it nggak ya?,guys a57 varian 12 256 harga 6jt dapet free galaxy buds core bagus tidak
"Saya dulu sekeluarga suka dan pakai samsung. Dari hp keypad, Young, Ace, J7 Prime, A5 2017, A50, A70, A71, S21 FE, S22. Makin ke sini makin merasa kok samsung jadi mahal banget ya dibanding merek lain. Dengan harga yg sama brand lain terasa punya nilai lebih. Sekarang sedikit demi sedikit beralih ke brand lain. Bahkan kalau ada orang yg minta saran selalu saya arahkan ke brand lain. Ya soalnya percuma samsung juga banyak resiko. Harganya mahal, spek kalah, service centre mata duitan, apa2 harus inden. Sekarang di keluarga saya sudah ada yg pakai redmi note 10s, redmi 11, xiaomi 11T, vivo Y series, vivo T1, vivo X80, vivo X100, dan Iphone15","Saya dulu sekeluarga suka dan pakai samsung. Dari hp keypad, Young, Ace, J7 Prime, A5 2017, A50, A70, A71, S21 FE, S22. Makin ke sini makin merasa kok samsung jadi mahal banget ya dibanding merek lain. Dengan harga yg sama brand lain terasa punya nilai lebih. Sekarang sedikit demi sedikit beralih ke brand lain. Bahkan kalau ada orang yg minta saran selalu saya arahkan ke brand lain. Ya soalnya percuma samsung juga banyak resiko. Harganya mahal, spek kalah, service centre mata duitan, apa2 harus inden. Sekarang di keluarga saya sudah ada yg pakai redmi note 10s, redmi 11, xiaomi 11T, vivo Y series, vivo T1, vivo X80, vivo X100, dan Iphone15",dulu keluarga suka pakai samsung handphone keypad young ace j7 prime a5 2017 a50 a70 a71 s21 fe s22 makin sini makin rasa kok samsung jadi mahal banget banding merek lain harga sama brand lain asa punya nilai lebih sekarang sedikit demi sedikit alih brand lain bahkan orang minta saran selalu arah brand lain soal percuma samsung juga banyak resiko harga mahal spesifikasi kalah service centre mata duit apa2 harus inden sekarang keluarga pakai redmi note 10s redmi 11 xiaomi 11t vivo series vivo t1 vivo x80 vivo x100 iphone15
Skip tidak sesuai harga😂,Skip tidak sesuai harga😂,skip tidak sesuai harga
"Kali ini samsung ngelawak,btw saya jg pake samsung,a55 udh mau 2 thun","Kali ini samsung ngelawak,btw saya jg pake samsung,a55 udh mau 2 thun",kali samsung ngelawak btw juga pake samsung a55 mau thun
masih setia di 15T dengan harga segitu,masih setia di 15T dengan harga segitu,masih setia 15t harga segitu
"Samsung itu gak ribet,simpel","Samsung itu gak ribet,simpel",samsung tidak ribet simpel
Nonton pakai a56😂,Nonton pakai a56😂,nonton pakai a56
"Alasan kenapa banyak pengguna pilih hp ini karena samsung itu sudah punya brand sejak lama. Orang orang pun ngga segan segan langsung ambil hp model ini walaupun harganya udah mahal banget. Berbanding terbalik dengan merk sebelah meskipun mereka ada model yang menyerupai ke A57 juga, mereka itu bisa dibilang masih pemain baru dan brand image-nya terkenal dengan hp low budget, hal ini juga yang buat org pada mikir dan gengsi buat ambil seri high end merk sebelah.","Alasan kenapa banyak pengguna pilih hp ini karena samsung itu sudah punya brand sejak lama. Orang orang pun ngga segan segan langsung ambil hp model ini walaupun harganya udah mahal banget. Berbanding terbalik dengan merk sebelah meskipun mereka ada model yang menyerupai ke A57 juga, mereka itu bisa dibilang masih pemain baru dan brand image-nya terkenal dengan hp low budget, hal ini juga yang buat org pada mikir dan gengsi buat ambil seri high end merk sebelah.",alas kenapa banyak guna pilih handphone karena samsung punya brand sejak lama orang orang pun ngga segan segan langsung ambil handphone model walaupun harga mahal banget banding balik merk belah meski model rupa a57 juga bilang masih main baru brand image kenal handphone low budget hal juga buat org pada mikir gengsi buat ambil seri high end merk belah
Nonton pake A54😂,Nonton pake A54😂,nonton pake a54
"saya make A50s dari taun 2020an juga masih oke bang cuma karna internalnya yg kecil & hp udh melengkung jd gak bisa make NFC, akhirnya taun kemaren beli S24FE dievent PRJ kena diharga ±9jtan dapet yg 8/512 .","saya make A50s dari taun 2020an juga masih oke bang cuma karna internalnya yg kecil & hp udh melengkung jd gak bisa make NFC, akhirnya taun kemaren beli S24FE dievent PRJ kena diharga ±9jtan dapet yg 8/512 .",make a50s taun 2020an juga masih oke cuma karna internal kecil handphone lengkung jd tidak make nfc akhir taun kemaren beli s24fe dievent prj kena harga 9jtan dapet 512
Bang bagi wallpaper nya donk link nya,Bang bagi wallpaper nya donk link nya,bagi wallpaper donk link
"Nunggu2 review Camon 50 pro blm ada juga nih bang, apa gak rekomended itu hp 😂","Nunggu2 review Camon 50 pro blm ada juga nih bang, apa gak rekomended itu hp 😂",nunggu2 review camon 50 pro blm juga nih apa tidak rekomended handphone
"nnton pake redmi 9..
OMG 😂",nnton pake redmi 9.. OMG 😂,nnton pake redmi omg
masih menonton dengan s24 fe :V,masih menonton dengan s24 fe :V,masih tonton s24 fe
Coba poconm7pro,Coba poconm7pro,coba poconm7pro
user A71 nyimak dulu,user A71 nyimak dulu,user a71 nyimak dulu
A57 gak ada upgrade signifikan dari A56. Modul kameranya pun masih sama persis sejak A55 dgn kamera utamanya pake sensor Sony IMX906,A57 gak ada upgrade signifikan dari A56. Modul kameranya pun masih sama persis sejak A55 dgn kamera utamanya pake sensor Sony IMX906,a57 tidak upgrade signifikan a56 modul kamera pun masih sama persis sejak a55 dgn kamera utama pake sensor sony imx906
"gw suka Samsung karena pelayanan service center-nya enak, dan juga sebenernya hp Samsung A51 gw ini juga masih gw pake sejak 2019/2020. tapi sejak 2023 gw beli hp Xiaomi 12 Lite, Samsung A51 ini jadi hp khusus aja dan bukan daily driver. Samsung A51 gw belum pernah di servis dan masih aman aja, hanya saja performa untuk main game yg menurun, lalu respon dan loading melambat. sedangkan Xiaomi 12 Lite gw udah 3x di servis, yg padahal baru beli Maret 2023, baterai pun rasanya boros yg padahal udah ganti di service center resminya. gw juga gk pernah pake hp saat nge-charge, apalagi main game sambil di charge baterainya. itulah kenapa setelah beli hp selain Samsung (sebelum pake Samsung A51, gw pernah pake Infinix Zero 5 dan Vivo yg gw lupa seri apa), gw jadi pengen balik lagi ke Samsung kalau udah gk betah pake Xiaomi 12 Lite, cuman kok harganya makin gk masuk akal karena mungkin mereka jadi merasa di atas angin.","gw suka Samsung karena pelayanan service center-nya enak, dan juga sebenernya hp Samsung A51 gw ini juga masih gw pake sejak 2019/2020. tapi sejak 2023 gw beli hp Xiaomi 12 Lite, Samsung A51 ini jadi hp khusus aja dan bukan daily driver. Samsung A51 gw belum pernah di servis dan masih aman aja, hanya saja performa untuk main game yg menurun, lalu respon dan loading melambat. sedangkan Xiaomi 12 Lite gw udah 3x di servis, yg padahal baru beli Maret 2023, baterai pun rasanya boros yg padahal udah ganti di service center resminya. gw juga gk pernah pake hp saat nge-charge, apalagi main game sambil di charge baterainya. itulah kenapa setelah beli hp selain Samsung (sebelum pake Samsung A51, gw pernah pake Infinix Zero 5 dan Vivo yg gw lupa seri apa), gw jadi pengen balik lagi ke Samsung kalau udah gk betah pake Xiaomi 12 Lite, cuman kok harganya makin gk masuk akal karena mungkin mereka jadi merasa di atas angin.",gw suka samsung karena layan service center enak juga sebenernya handphone samsung a51 gw juga masih gw pake sejak 2019 2020 sejak 2023 gw beli handphone xiaomi 12 lite samsung a51 jadi handphone khusus bukan daily driver samsung a51 gw belum pernah servis masih aman hanya performa main game turun lalu respon loading lambat sedang xiaomi 12 lite gw 3x servis padahal baru beli maret 2023 baterai pun rasa boros padahal ganti service center resmi gw juga tidak pernah pake handphone saat nge charge apalagi main game sambil charge baterai itu kenapa telah beli handphone selain samsung belum pake samsung a51 gw pernah pake infinix zero vivo gw lupa seri apa gw jadi ken balik lagi samsung tidak betah pake xiaomi 12 lite cuman kok harga makin tidak masuk akal karena mungkin jadi rasa atas angin
Review nubia v80 max,Review nubia v80 max,review nubia v80 max
"Jujur gua yang tadinya mau beli a57 jadi minder,emg apa yg di bicarakan bang gadgetin ini fikz sih..gak jauh dari a56..jadi mau ke  sebelah aja dulu..sekian lama pake samsung😢pas ada harganya😮","Jujur gua yang tadinya mau beli a57 jadi minder,emg apa yg di bicarakan bang gadgetin ini fikz sih..gak jauh dari a56..jadi mau ke sebelah aja dulu..sekian lama pake samsung😢pas ada harganya😮",jujur gua tadi mau beli a57 jadi minder emg apa bicara gadgetin fikz sih tidak jauh a56 jadi mau belah dulu sekian lama pake samsung pas harga
Masih bertahan di samsung S24 Fe,Masih bertahan di samsung S24 Fe,masih tahan samsung s24 fe
Msh nyaman pake a34,Msh nyaman pake a34,msh nyaman pake a34
Pakai A 23 sejak bulan 4 2022 upgrade ponsel karena mau nyobain 5G. Biasanya upgrade ponsel klo ada perubahan teknologi yg signifikan sih.,Pakai A 23 sejak bulan 4 2022 upgrade ponsel karena mau nyobain 5G. Biasanya upgrade ponsel klo ada perubahan teknologi yg signifikan sih.,pakai 23 sejak bulan 2022 upgrade ponsel karena mau nyobain 5g biasa upgrade ponsel klo ubah teknologi signifikan sih
harga hampir 8 juta masih pake exynos skip dulu BHAHA,harga hampir 8 juta masih pake exynos skip dulu BHAHA,harga hampir juta masih pake exynos skip dulu bhaha
Mending ipon,Mending ipon,mending ipon
"yah terakhir kecintaan samsung pas a54 sampe sekarang masih pake, harga wajar 6jt-an, sekarang kok 7jt ke atas 🤣 klo gini mah ya jelas berpaling ke batre yg lebih ganas lah 🤣","yah terakhir kecintaan samsung pas a54 sampe sekarang masih pake, harga wajar 6jt-an, sekarang kok 7jt ke atas 🤣 klo gini mah ya jelas berpaling ke batre yg lebih ganas lah 🤣",yah akhir cinta samsung pas a54 sampe sekarang masih pake harga wajar 6jt an sekarang kok 7jt atas klo gin mah jelas paling batre lebih ganas lah
A56 User: Hopefully A58 nanti lebih revolusioner yah... 😅,A56 User: Hopefully A58 nanti lebih revolusioner yah... 😅,a56 user hopefully a58 nanti lebih revolusioner yah
Rencana mau upgrade dari a54 ke a57 seperti sekarang harus pindah ke brand lain. Jujur agak kecewa sama a54 karena performanya jelek banget setelah update ke Android terbaru ini hp sudah ngos2an. Berharap update prosesor a57 bakal bagus eh ternyata sama aja underperform dibanding kompetitor,Rencana mau upgrade dari a54 ke a57 seperti sekarang harus pindah ke brand lain. Jujur agak kecewa sama a54 karena performanya jelek banget setelah update ke Android terbaru ini hp sudah ngos2an. Berharap update prosesor a57 bakal bagus eh ternyata sama aja underperform dibanding kompetitor,rencana mau upgrade a54 a57 seperti sekarang harus pindah brand lain jujur agak kecewa sama a54 karena performa jelek banget telah update android baru handphone ngos2an harap update prosesor a57 bakal bagus eh nyata sama underperform banding kompetitor
"Samsung terlalu nyaman, aku juga nyaman😂
Alhamdulillah komen ini pake A57. dan ya, sesuai kata bang David, harus dapet harga murah biar worth it. Dapet varian 12/256 dapet di harga 7.5, mayan ya😂","Samsung terlalu nyaman, aku juga nyaman😂 Alhamdulillah komen ini pake A57. dan ya, sesuai kata bang David, harus dapet harga murah biar worth it. Dapet varian 12/256 dapet di harga 7.5, mayan ya😂",samsung terlalu nyaman aku juga nyaman alhamdulillah komen pake a57 sesuai kata david harus dapet harga murah bagus dapet varian 12 256 dapet harga mayan
kapan review camon 50 series vang,kapan review camon 50 series vang,kapan review camon 50 series vang
"masih pake a54, udah mau 3 tahun jalan dan masih nyaman (walopun batrenya jadi agak bocor).. beli sesuai kebutuhan dan kemampuan aja ya gaes..","masih pake a54, udah mau 3 tahun jalan dan masih nyaman (walopun batrenya jadi agak bocor).. beli sesuai kebutuhan dan kemampuan aja ya gaes..",masih pake a54 mau tahun jalan masih nyaman walopun batrenya jadi agak bocor beli sesuai butuh mampu gaes
Nonton pKe A52S 5G 😂😂,Nonton pKe A52S 5G 😂😂,nonton pke a52s 5g
review kingfinix gt 50 pro bg dapit😁,review kingfinix gt 50 pro bg dapit😁,review kingfinix gt 50 pro bg dapit
Segono mending s25 fe,Segono mending s25 fe,segono mending s25 fe
"tetep ada yang beli, termasuk saya","tetep ada yang beli, termasuk saya",tetep beli masuk
Samsung masalahnya di colokan. Katanya tahan air... giliran hp gw yg gk pernah kecelup air ada notifikasi usb basah. Gk jls banget,Samsung masalahnya di colokan. Katanya tahan air... giliran hp gw yg gk pernah kecelup air ada notifikasi usb basah. Gk jls banget,samsung masalah colok kata tahan air gilir handphone gw tidak pernah celup air notifikasi usb basah tidak jls banget
"Gue pengguna samsung a33 semalam baru beli a57 dan Brasa bgt Bedanya. Kebetulan gw beli di samsung storenya langsung utk 8/256 dapet harga 7,599k cash back 500k & harus belanjakan produk. Hp A57 + Galaxy Fit Jadi gue bayar 7,7 Lebihan lah. Klo penggunan a55 a56 ke a57 mah gak brasa upgrade nya. Tpi klo sblmnya pengguna seri di bawahnya ya worth it bgt lah..","Gue pengguna samsung a33 semalam baru beli a57 dan Brasa bgt Bedanya. Kebetulan gw beli di samsung storenya langsung utk 8/256 dapet harga 7,599k cash back 500k & harus belanjakan produk. Hp A57 + Galaxy Fit Jadi gue bayar 7,7 Lebihan lah. Klo penggunan a55 a56 ke a57 mah gak brasa upgrade nya. Tpi klo sblmnya pengguna seri di bawahnya ya worth it bgt lah..",gue guna samsung a33 malam baru beli a57 brasa banget beda betul gw beli samsung storenya langsung utk 256 dapet harga 599k cash back 500k harus belanja produk handphone a57 galaxy fit jadi gue bayar lebih lah klo gun a55 a56 a57 mah tidak brasa upgrade tpi klo sblmnya guna seri bawah bagus banget lah
A51 hadir,A51 hadir,a51 hadir
"Sebagai user samsung A series dari A5 2015, A5 2017, A50 dan sekarang A55 entah mengapa jadi pengen nyobain brand² lain kaya vivo/oppo 😄","Sebagai user samsung A series dari A5 2015, A5 2017, A50 dan sekarang A55 entah mengapa jadi pengen nyobain brand² lain kaya vivo/oppo 😄",bagai user samsung series a5 2015 a5 2017 a50 sekarang a55 entah mengapa jadi ken nyobain brand lain kaya vivo oppo
Msh pke a51 sma a32 haha,Msh pke a51 sma a32 haha,msh pke a51 sma a32 haha
"kami yg nonton pakai S25FE mengucapkan:
fufufufufu 😌😌😌😌",kami yg nonton pakai S25FE mengucapkan: fufufufufu 😌😌😌😌,kami nonton pakai s25fe ucap fufufufufu
User a52s nyimak aje,User a52s nyimak aje,user a52s nyimak aje
Better dripada oddo Reno 15f si ini walau sesama over price😂😂 udh bener harga sgtu ambil Poco/honor/ iqoo,Better dripada oddo Reno 15f si ini walau sesama over price😂😂 udh bener harga sgtu ambil Poco/honor/ iqoo,better dripada oddo reno 15f si walau sama over price bener harga sgtu ambil poco honor iqoo
"Assalamualaikum,bang itu hape yg dah buka segel di jual2 gak bang?","Assalamualaikum,bang itu hape yg dah buka segel di jual2 gak bang?",assalamualaikum hape dah buka segel jual2 tidak
Kenapa Samsung yang seri A 70 sampai A73 saja?,Kenapa Samsung yang seri A 70 sampai A73 saja?,kenapa samsung seri 70 sampai a73
"Masi pake A50, udah 7 aja","Masi pake A50, udah 7 aja",mas pake a50
"Jadi kangen samsung 4,9jt kemaren😢","Jadi kangen samsung 4,9jt kemaren😢",jadi kangen samsung 9jt kemaren
Masi setia ma samsung A13😂😂😂 emg  senyaman itu punya Ip tpi g pernah q pake cuma buat tiktokan doank..klo samsung kek udah jdi separuh jiwaku😂😂😂,Masi setia ma samsung A13😂😂😂 emg senyaman itu punya Ip tpi g pernah q pake cuma buat tiktokan doank..klo samsung kek udah jdi separuh jiwaku😂😂😂,mas setia ma samsung a13 emg nyaman punya ip tpi pernah pake cuma buat tiktokan doank klo samsung kek jdi paruh jiwa
infinix gt 50 pro bg udah ad tu bcoran di myanmar,infinix gt 50 pro bg udah ad tu bcoran di myanmar,infinix gt 50 pro bg ad tu bcoran myanmar
Stop bang stop 🤪,Stop bang stop 🤪,stop stop
"Masih A52s sejak Januari 2022 dan sepertinya masih bisa dipake sampe 2 tahun ke depan, hehe 😅","Masih A52s sejak Januari 2022 dan sepertinya masih bisa dipake sampe 2 tahun ke depan, hehe 😅",masih a52s sejak januari 2022 seperti masih dipake sampe tahun depan hehe
Nonton di samsung A54,Nonton di samsung A54,nonton samsung a54
Gua ngak suka pakai Samsung ini hp sekarang Infinix saya kasih ke mamaku Samsung a07 karena dia bisa di hack om.saya tau tentang elektronik tentang per hack hack kan makanya saya kasi ke mamaku Samsung a07,Gua ngak suka pakai Samsung ini hp sekarang Infinix saya kasih ke mamaku Samsung a07 karena dia bisa di hack om.saya tau tentang elektronik tentang per hack hack kan makanya saya kasi ke mamaku Samsung a07,gua ngak suka pakai samsung handphone sekarang infinix kasih mama samsung a07 karena dia hack om tau tentang elektronik tentang per hack hack kan makanya kasi mama samsung a07
KA Samsung galaxy 26 dong,KA Samsung galaxy 26 dong,ka samsung galaxy 26 dong
Ditabung aja belikan tanah kavling atau sawah buat investasi hidup,Ditabung aja belikan tanah kavling atau sawah buat investasi hidup,tabung belikan tanah kavling sawah buat investasi hidup
"malah lebih mahal kartu pokemon (Rp.30.000.000) dari pada harga hp samsung nya
 wkwkwk",malah lebih mahal kartu pokemon (Rp.30.000.000) dari pada harga hp samsung nya wkwkwk,malah lebih mahal kartu pokemon rp 30 000 000 pada harga handphone samsung wkwkwk
"7 JUTA 8/256? DI TAHUN 2026? HAHAHAHAHAH
BATERAI MASIH 5000 MAH? AHHAHAHHAHAHHA

Makan tu si paling samsung. Budget segitu kok maksa",7 JUTA 8/256? DI TAHUN 2026? HAHAHAHAHAH BATERAI MASIH 5000 MAH? AHHAHAHHAHAHHA Makan tu si paling samsung. Budget segitu kok maksa,juta 256 tahun 2026 hahahahahah baterai masih 5000 mah ahhahahhahahha makan tu si paling samsung budget segitu kok maksa
nonton pake samsung A8,nonton pake samsung A8,nonton pake samsung a8
itu kamera gitu2 mulu modelnya,itu kamera gitu2 mulu modelnya,kamera gitu2 mulu model
"David, Coba Review Samsung A55 A56 A57 Diantara Ketiga Selisih Berapa %","David, Coba Review Samsung A55 A56 A57 Diantara Ketiga Selisih Berapa %",david coba review samsung a55 a56 a57 antara tiga selisih berapa
"Saya terakhir pakai produk Samsung ditahun 2018 yaitu A8
Knp saya berpaling k brand lain? Karena saya mengutamakan kinerja, menurut saya Samsung terlalu over Price mungkin faktor salahsatu nya karena update OS nya yg harus bayar pajak lebih k pihak Google.","Saya terakhir pakai produk Samsung ditahun 2018 yaitu A8 Knp saya berpaling k brand lain? Karena saya mengutamakan kinerja, menurut saya Samsung terlalu over Price mungkin faktor salahsatu nya karena update OS nya yg harus bayar pajak lebih k pihak Google.",akhir pakai produk samsung tahun 2018 yaitu a8 knp paling brand lain karena utama kerja turut samsung terlalu over price mungkin faktor salahsatu karena update os harus bayar pajak lebih pihak google
Bang apa ada jual juga di toko oren?,Bang apa ada jual juga di toko oren?,apa jual juga toko oren
Samsung tertinggal bateri masih lagi 5000mah brand lain sudah 6500-9000mah,Samsung tertinggal bateri masih lagi 5000mah brand lain sudah 6500-9000mah,samsung tinggal bateri masih lagi 5000mah brand lain 6500 9000mah
"Mending iqoo 15R aja sih, antutu 3jt, menang brand doang","Mending iqoo 15R aja sih, antutu 3jt, menang brand doang",mending iqoo 15r sih antutu 3jt menang brand doang
A55🫱🏻‍🫲🏼,A55🫱🏻‍🫲🏼,a55
aku yg nonton pake samsung glxy A50 😂,aku yg nonton pake samsung glxy A50 😂,aku nonton pake samsung glxy a50
"Beda 1 lubang di bawah, bikin dari ip 67 jadi ip 68? HAHAHAHAHA","Beda 1 lubang di bawah, bikin dari ip 67 jadi ip 68? HAHAHAHAHA",beda lubang bawah bikin ip 67 jadi ip 68 hahahahaha
"Dan aneh nya , pasti laris #1 ga tergantikan. Aneh emg samsung 😅","Dan aneh nya , pasti laris #1 ga tergantikan. Aneh emg samsung 😅",aneh pasti laris tidak ganti aneh emg samsung
Kebanting sama Poco wkwk,Kebanting sama Poco wkwk,banting sama poco wkwk
Seri a kameranya gada peningkatan dengan jiter nya,Seri a kameranya gada peningkatan dengan jiter nya,seri kamera gada tingkat jiter
Udah terlalu jatuh cinta sama samsung dari jaman samsung galaxy young 🔥🔥🔥,Udah terlalu jatuh cinta sama samsung dari jaman samsung galaxy young 🔥🔥🔥,terlalu jatuh cinta sama samsung jaman samsung galaxy young
Hp midrange harga ga ngotak 😂,Hp midrange harga ga ngotak 😂,handphone midrange harga tidak ngotak
"Hp Tecno camon 50 pro kapan bang? Lagi bingung antara mau poco x8 pro max atau tecno camon 50 pro bang, review Tecno camon 50 pro dong bang🙏","Hp Tecno camon 50 pro kapan bang? Lagi bingung antara mau poco x8 pro max atau tecno camon 50 pro bang, review Tecno camon 50 pro dong bang🙏",handphone tecno camon 50 pro kapan lagi bingung antara mau poco x8 pro max tecno camon 50 pro review tecno camon 50 pro dong
Apa tu yg spesial dan GK ada lawan sampe wangi pula🙇🤔,Apa tu yg spesial dan GK ada lawan sampe wangi pula🙇🤔,apa tu spesial tidak lawan sampe wangi pula
Piro bg😅,Piro bg😅,piro bg
"Emang rada bosen liat Samsung sekarang bg
Kali ini kayaknya mau hijrah ke motorola bg.
Nungguin hp terbarunya motorola nanti masuk",Emang rada bosen liat Samsung sekarang bg Kali ini kayaknya mau hijrah ke motorola bg. Nungguin hp terbarunya motorola nanti masuk,emang rada bosen liat samsung sekarang bg kali kayak mau hijrah motorola bg nungguin handphone baru motorola nanti masuk
Nunggu A60 hadir baru beli sekalian ganti setelah A54 habis masa updatenya 🤣,Nunggu A60 hadir baru beli sekalian ganti setelah A54 habis masa updatenya 🤣,nunggu a60 hadir baru beli sekali ganti telah a54 habis masa updatenya
Alhamdulilah kesampaian s24fe 8/512 🎉,Alhamdulilah kesampaian s24fe 8/512 🎉,alhamdulilah sampai s24fe 512
"Buat yang nanya, aku pakai yang ini dan cocok banget”","Buat yang nanya, aku pakai yang ini dan cocok banget”",buat nanya aku pakai cocok banget
"Kalau dibanding versi sebelumnya, upgrade paling kerasa justru di bagian ini, bukan yang disebut di video.”","Kalau dibanding versi sebelumnya, upgrade paling kerasa justru di bagian ini, bukan yang disebut di video.”",banding versi belum upgrade paling rasa justru bagi bukan sebut video
Tamparan buat samsung ni riview,Tamparan buat samsung ni riview,tampar buat samsung ni riview
Gara gara nonton video ini upgrade hp dari samsung a52s ke a56 aja soalnya beda tipis sama a57... awalnya mau ambil a57 tapi lebih worth it a56 kayaknya,Gara gara nonton video ini upgrade hp dari samsung a52s ke a56 aja soalnya beda tipis sama a57... awalnya mau ambil a57 tapi lebih worth it a56 kayaknya,gara gara nonton video upgrade handphone samsung a52s a56 soal beda tipis sama a57 awal mau ambil a57 lebih bagus a56 kayak
"Dari samsung a56 kalau dulu internal 512 gb dan ram 12 gb auto beli , samsung pelit ke internal sih . Mank ny ku pilih hp poco","Dari samsung a56 kalau dulu internal 512 gb dan ram 12 gb auto beli , samsung pelit ke internal sih . Mank ny ku pilih hp poco",samsung a56 dulu internal 512 gb ram 12 gb auto beli samsung pelit internal sih mank ny ku pilih handphone poco
"Setuju, biar bangun lagi ngegas lg kaya dulu","Setuju, biar bangun lagi ngegas lg kaya dulu",tuju bangun lagi ngegas lg kaya dulu
"Bang David, coba review hp gw, Vivo y1s dan untuk tahun 2021 sebagus apa","Bang David, coba review hp gw, Vivo y1s dan untuk tahun 2021 sebagus apa",david coba review handphone gw vivo y1s tahun 2021 bagus apa
"Mending a55 sekaligus s25FE, aq dari A54 update ke a56 Sampek ke a57 bedanya  hanya cover body aja isinya sama😂 apa gunanya pabrik buat baru kalo charger batrei camera blm di update","Mending a55 sekaligus s25FE, aq dari A54 update ke a56 Sampek ke a57 bedanya hanya cover body aja isinya sama😂 apa gunanya pabrik buat baru kalo charger batrei camera blm di update",mending a55 sekaligus s25fe aq a54 update a56 sampek a57 beda hanya cover body isi sama apa guna pabrik buat baru charger batrei camera blm update
Bang hp tecno canon 50 pro 5g bang,Bang hp tecno canon 50 pro 5g bang,handphone tecno canon 50 pro 5g
"A56,5 ini 🫠","A56,5 ini 🫠",a56
User A26 ❤,User A26 ❤,user a26
"Samsung memang jos, bos kita pecinta samsung malu kalau harus pindah ke opo, vivo, rel me antah apalah namanya,","Samsung memang jos, bos kita pecinta samsung malu kalau harus pindah ke opo, vivo, rel me antah apalah namanya,",samsung memang jos bos cinta samsung malu harus pindah opo vivo rel me antah apa nama
Bang dibanding xiaomi 15T pilih mana bang?,Bang dibanding xiaomi 15T pilih mana bang?,banding xiaomi 15t pilih mana
"Pesaing Samsung A57 di harga 8 jutaan :
- Vivo V70
- Oppo Reno15
- Xiaomi POCO F8 Pro
- Galaxy S25 FE
- Realme 16 Pro+",Pesaing Samsung A57 di harga 8 jutaan : - Vivo V70 - Oppo Reno15 - Xiaomi POCO F8 Pro - Galaxy S25 FE - Realme 16 Pro+,saing samsung a57 harga juta vivo v70 oppo reno15 xiaomi poco f8 pro galaxy s25 fe realme 16 pro
kenpa sih ga pernah bahas fitur penangkap signal dari sim card hp samsung,kenpa sih ga pernah bahas fitur penangkap signal dari sim card hp samsung,kenpa sih tidak pernah bahas fitur tangkap signal sim card handphone samsung
"Sampe skrg msh pake samsung a52, Alhamdulillah kualitas msh bagus, msh sangat layak di pake","Sampe skrg msh pake samsung a52, Alhamdulillah kualitas msh bagus, msh sangat layak di pake",sampe skrg msh pake samsung a52 alhamdulillah kualitas msh bagus msh sangat layak pake
Riview honor 500 pro bg,Riview honor 500 pro bg,riview honor 500 pro bg
Harganya naek dibandingkan A56,Harganya naek dibandingkan A56,harga naek banding a56
"Kapok, selalu bermasalah LCD","Kapok, selalu bermasalah LCD",kapok selalu masalah lcd
lanjut samsung a37 bang terus bandingin sama a57,lanjut samsung a37 bang terus bandingin sama a57,lanjut samsung a37 terus bandingin sama a57
nonton karna penasaran sekocak apalagi racikan samsung 🗿,nonton karna penasaran sekocak apalagi racikan samsung 🗿,nonton karna penasaran kocak apalagi racik samsung
Nonton dgn realme 7 Pro memori 128 + 256 GB lansiran tahun 2022 September 👈🏼,Nonton dgn realme 7 Pro memori 128 + 256 GB lansiran tahun 2022 September 👈🏼,nonton dgn realme pro memori 128 256 gb lansir tahun 2022 september
"Pake Samsung A34 5G lumayanlah 😁, tadi kebetulan ngebantu ibu ibu pasangin WA di HP barunya katanya dia sengaja milih samsung krn awet dia milih samsung A07","Pake Samsung A34 5G lumayanlah 😁, tadi kebetulan ngebantu ibu ibu pasangin WA di HP barunya katanya dia sengaja milih samsung krn awet dia milih samsung A07",pake samsung a34 5g lumayan tadi betul ngebantu ibu ibu pasangin wa handphone baru kata dia sengaja milih samsung karena awet dia milih samsung a07
Memorinya kecil gak ada 512,Memorinya kecil gak ada 512,memori kecil tidak 512
"bg mau tanya minta saran mending ambil Vivo X100S Pro atau meizu 22, saya bingung banget ini😅","bg mau tanya minta saran mending ambil Vivo X100S Pro atau meizu 22, saya bingung banget ini😅",bg mau tanya minta saran mending ambil vivo x100s pro meizu 22 bingung banget
"Bru beli hari ini,keren","Bru beli hari ini,keren",bru beli hari bagus
"Tadinya mau naik dari a56 ke a57
Ternyataaaaa ya sama aja 🤣
Udahlah stay di a56 aja kalo gitu",Tadinya mau naik dari a56 ke a57 Ternyataaaaa ya sama aja 🤣 Udahlah stay di a56 aja kalo gitu,tadi mau naik a56 a57 ternyataaaaa sama udahlah stay a56 gitu
Ramny brpa dan Romny berapa,Ramny brpa dan Romny berapa,ramny brpa romny berapa
bang bandingin a57 sama a37 plis,bang bandingin a57 sama a37 plis,bandingin a57 sama a37 plis
Nonton samsung A57 pake samsung A54😁,Nonton samsung A57 pake samsung A54😁,nonton samsung a57 pake samsung a54
Ahh bagusan tecno masih 😂😂,Ahh bagusan tecno masih 😂😂,ahh bagus tecno masih
Sumpah harganya diluar dugaan,Sumpah harganya diluar dugaan,sumpah harga luar duga
Klo ada tipe Baru mesti mendang mending yang Baru daripada yang hp lama,Klo ada tipe Baru mesti mendang mending yang Baru daripada yang hp lama,klo tipe baru mesti dang mending baru daripada handphone lama
"Bahas redmi 12 ram 8 koh
Pake main mlbb kok sekarang ngeframe bgt ya

Kalah sama redmi 9 ram 4/64 masih mulus",Bahas redmi 12 ram 8 koh Pake main mlbb kok sekarang ngeframe bgt ya Kalah sama redmi 9 ram 4/64 masih mulus,bahas redmi 12 ram koh pake main mlbb kok sekarang ngeframe banget kalah sama redmi ram 64 masih mulus
menurutku samsung seri a5 terbaik yg A52s . sayangnya gk keturutan beli haha,menurutku samsung seri a5 terbaik yg A52s . sayangnya gk keturutan beli haha,turut samsung seri a5 baik a52s sayang tidak turut beli haha
Bang info dong nyari hp samsung a55 yg masih baru segel dimana ya adanya 🙏,Bang info dong nyari hp samsung a55 yg masih baru segel dimana ya adanya 🙏,info dong nyari handphone samsung a55 masih baru segel mana ada
Nonton vidio ini pake mbah nya..samsung a5 2017 😂,Nonton vidio ini pake mbah nya..samsung a5 2017 😂,nonton vidio pake mbah samsung a5 2017
Nonton video ini menggunakan samsung A51 😂,Nonton video ini menggunakan samsung A51 😂,nonton video guna samsung a51
gua masih pake samsung a52s 5g di taun ini lumayan masih kuat2 aja buat daily sama game,gua masih pake samsung a52s 5g di taun ini lumayan masih kuat2 aja buat daily sama game,gua masih pake samsung a52s 5g taun lumayan masih kuat2 buat daily sama game
Nonton pakai A56,Nonton pakai A56,nonton pakai a56
Gue msh pake A55 tahan banting nih hp udah dr 2024 beli😊,Gue msh pake A55 tahan banting nih hp udah dr 2024 beli😊,gue msh pake a55 tahan banting nih handphone 2024 beli
Alhamdulillah baru bisa a56. Sejak dulu angan-angan dari gak kebeli dari a51 sampai a55,Alhamdulillah baru bisa a56. Sejak dulu angan-angan dari gak kebeli dari a51 sampai a55,alhamdulillah baru a56 sejak dulu angan angan tidak kebel a51 sampai a55
"Tanggung, fiturnya aga mepet ke s25fe kynya, mirip s25 ultra ke s26 ultra, akhirnya sy boyong s25 ultra 12/256 d hrga 17jt di samsung x blibli BEC.","Tanggung, fiturnya aga mepet ke s25fe kynya, mirip s25 ultra ke s26 ultra, akhirnya sy boyong s25 ultra 12/256 d hrga 17jt di samsung x blibli BEC.",tanggung fiturnya aga mepet s25fe kynya mirip s25 ultra s26 ultra akhir sy boyong s25 ultra 12 256 hrga 17jt samsung blibli bec
rasido tuku...,rasido tuku...,rasido tuku
Beli a56 september tahun kemaren. Sekarang baru tau hp gw bisa nyelam,Beli a56 september tahun kemaren. Sekarang baru tau hp gw bisa nyelam,beli a56 september tahun kemaren sekarang baru tau handphone gw nyelam
"A57 atau poco x8 pro, saran dong","A57 atau poco x8 pro, saran dong",a57 poco x8 pro saran dong
BANG COBA RAKIT PC KERJA LAGI DI TAHUN 2026,BANG COBA RAKIT PC KERJA LAGI DI TAHUN 2026,coba rakit pc kerja lagi tahun 2026
A55 j blm kebeli udah keluar j A57😭,A55 j blm kebeli udah keluar j A57😭,a55 blm kebel keluar a57
Ga ada niatan coba riview iem wired kah ?😅 Moga diliat komen aing,Ga ada niatan coba riview iem wired kah ?😅 Moga diliat komen aing,tidak niat coba riview iem wired kah moga liat komen aing
"Saya masih pake a52, masih enak banget, apalagi pake a57😅","Saya masih pake a52, masih enak banget, apalagi pake a57😅",masih pake a52 masih enak banget apalagi pake a57
dulu pakai a54 kameranya sangat wahh.. tapi lama2 makin biasa apa karna di nerf saat update?🤣 apakah hnya permainan update saja😅,dulu pakai a54 kameranya sangat wahh.. tapi lama2 makin biasa apa karna di nerf saat update?🤣 apakah hnya permainan update saja😅,dulu pakai a54 kamera sangat wahh lama2 makin biasa apa karna nerf saat update apakah hnya main update
Tobat pakai samsung dengan layar Super AMOLED. Penyakit Green Lines nya ndak bisa sembuh-sembuh. 😆😂🤣,Tobat pakai samsung dengan layar Super AMOLED. Penyakit Green Lines nya ndak bisa sembuh-sembuh. 😆😂🤣,tobat pakai samsung layar super amoled sakit green les ndak sembuh sembuh
kamera  depam gede  amat... 😂,kamera depam gede amat... 😂,kamera depam gede amat
Setia dengan a55,Setia dengan a55,setia a55
"tapi sekarang a57 8 jt an anjay, keknya banyak yg nunggu turun atau milih a56","tapi sekarang a57 8 jt an anjay, keknya banyak yg nunggu turun atau milih a56",sekarang a57 jt an anjay kek banyak nunggu turun milih a56
"Jujur aja, dr seri galaxy a5 series, si A57 ini aku ngga terlalu tertarik bahkan buat liat ulang riviewnya... Hmm, samsung?? Apa km mau membunuh A5 series kecintaan kami??","Jujur aja, dr seri galaxy a5 series, si A57 ini aku ngga terlalu tertarik bahkan buat liat ulang riviewnya... Hmm, samsung?? Apa km mau membunuh A5 series kecintaan kami??",jujur seri galaxy a5 series si a57 aku ngga terlalu tarik bahkan buat liat ulang riviewnya hmm samsung apa km mau bunuh a5 series cinta kami
Kualitas midrange harga flagship,Kualitas midrange harga flagship,kualitas midrange harga flagship
Nonton pake series A 100,Nonton pake series A 100,nonton pake series 100
Gue yg Masih BERTAHAN di Samsung A51...😂😂😂🎉,Gue yg Masih BERTAHAN di Samsung A51...😂😂😂🎉,gue masih tahan samsung a51
"Ibarat L300, selama masih laku ngapain harus berubah/upgrade 😂","Ibarat L300, selama masih laku ngapain harus berubah/upgrade 😂",ibarat l300 lama masih laku ngapain harus ubah upgrade
Apalah daya saya pake samsung a04,Apalah daya saya pake samsung a04,apa daya pake samsung a04
samsung galaxy s26 base model worth kah?,samsung galaxy s26 base model worth kah?,samsung galaxy s26 base model worth kah
Saya msh pakai A50,Saya msh pakai A50,msh pakai a50
"Baru beli beberapa minggu lalu A56 harga diskon 5,2 juta sekarang udah naik lagi 6,6. A57 udah 7,7.","Baru beli beberapa minggu lalu A56 harga diskon 5,2 juta sekarang udah naik lagi 6,6. A57 udah 7,7.",baru beli beberapa minggu lalu a56 harga diskon juta sekarang naik lagi a57
"jelek banget kameranya. kl videonya lumayan, tapi tetep dengan harga yg segitu ga worth 😌","jelek banget kameranya. kl videonya lumayan, tapi tetep dengan harga yg segitu ga worth 😌",jelek banget kamera kl video lumayan tetep harga segitu tidak worth
Bang Infinix note 60 ultra,Bang Infinix note 60 ultra,infinix note 60 ultra
Infinix note 60 ultra bang David reviem,Infinix note 60 ultra bang David reviem,infinix note 60 ultra david reviem
"nonton ini pake galaxy s9+ yg kadang layarnya warna pink 😁 kadang engga 
plus ada garis benang di tengah lcd nya 😁 dan ga lupa speaker nya udah sember 🤧",nonton ini pake galaxy s9+ yg kadang layarnya warna pink 😁 kadang engga plus ada garis benang di tengah lcd nya 😁 dan ga lupa speaker nya udah sember 🤧,nonton pake galaxy s9 kadang layar warna pink kadang engga plus garis benang tengah lcd tidak lupa speaker sember
"BG DAVID SARAN, GOOGLE NGELUARIN APK YG BISA JALANIN AI SECARA OFFLINE NAMANYA, EDGE GALLERY, NAH ITU APK ITU JUGA BISA BUAT TEST SEBERAPA KUAT PROSESOR YG DI PAKE, TERUTAMA GPU DAN RAM CMWII.","BG DAVID SARAN, GOOGLE NGELUARIN APK YG BISA JALANIN AI SECARA OFFLINE NAMANYA, EDGE GALLERY, NAH ITU APK ITU JUGA BISA BUAT TEST SEBERAPA KUAT PROSESOR YG DI PAKE, TERUTAMA GPU DAN RAM CMWII.",bg david saran google ngeluarin apk jalanin ai cara offline nama edge gallery nah apk juga buat test berapa kuat prosesor pake utama gpu ram cmwii
Still with my a52😅,Still with my a52😅,still with my a52
Apa kabar gua yg pkek hp realme udh 8 tahun mnus pecah tc,Apa kabar gua yg pkek hp realme udh 8 tahun mnus pecah tc,apa kabar gua pkek handphone realme tahun mnus pecah tc
"A50s masih awet,, tadinya mau beli seri 57 tapi gak deh, nuggu lain atau be;i yg a56","A50s masih awet,, tadinya mau beli seri 57 tapi gak deh, nuggu lain atau be;i yg a56",a50s masih awet tadi mau beli seri 57 tidak deh nuggu lain be a56
Rekomendasi dong hp kamera dengan budget 4-6 juta,Rekomendasi dong hp kamera dengan budget 4-6 juta,rekomendasi dong handphone kamera budget juta
Masih A54🤣🤣😭,Masih A54🤣🤣😭,masih a54
Kenapa sih hp Samsung gampang panas?,Kenapa sih hp Samsung gampang panas?,kenapa sih handphone samsung gampang panas
A 51 dan A 12 masih nyaman jujur,A 51 dan A 12 masih nyaman jujur,51 12 masih nyaman jujur
samsung mulai kaya oddo 🫠,samsung mulai kaya oddo 🫠,samsung mulai kaya oddo
Masih kalah sama redmi 4a,Masih kalah sama redmi 4a,masih kalah sama redmi 4a
"Aku thn lalu masih kurang sreg a 56, nunggu a57. Lah malah mirip2... 😢 dahlah nunggu thn dpn aja...","Aku thn lalu masih kurang sreg a 56, nunggu a57. Lah malah mirip2... 😢 dahlah nunggu thn dpn aja...",aku thn lalu masih kurang sreg 56 nunggu a57 lah malah mirip2 dah nunggu thn dpn
Masih bertahan di samsung A50S 😅😅,Masih bertahan di samsung A50S 😅😅,masih tahan samsung a50s
Kita terjajah dengan teknologi.  Negara lain,Kita terjajah dengan teknologi. Negara lain,jajah teknologi negara lain
"User a36 nitip sendal di sini aja , sapa tau tahun2 depan kalo dah bosen ,bisa ganti ke seri S sekalian 😅","User a36 nitip sendal di sini aja , sapa tau tahun2 depan kalo dah bosen ,bisa ganti ke seri S sekalian 😅",user a36 nitip sendal sini sapa tau tahun2 depan dah bosen ganti seri sekali
Akankah samsung akan hancur dibabat xiaomi???,Akankah samsung akan hancur dibabat xiaomi???,akan samsung akan hancur babat xiaomi
"Gue sudah pakai Samsung dari Samsung young terakhir Samsung a56, lama2 muak gue jual upgrade Poco f7 anjir nih HP enak bgt kasi internal juga ga main"" diharga yg setara, dan yang paling ga suka nangkep sinyal anjirlah susah bgt kalau buat nonton2 streaming. 
Setelah pakai Poco f7 live streaming bola Europa lancar bgt kualitas HD ga pernah ngelag didalam kamar juga, kalau Samsung harus keluar diteras baru lancar anjir..","Gue sudah pakai Samsung dari Samsung young terakhir Samsung a56, lama2 muak gue jual upgrade Poco f7 anjir nih HP enak bgt kasi internal juga ga main"" diharga yg setara, dan yang paling ga suka nangkep sinyal anjirlah susah bgt kalau buat nonton2 streaming. Setelah pakai Poco f7 live streaming bola Europa lancar bgt kualitas HD ga pernah ngelag didalam kamar juga, kalau Samsung harus keluar diteras baru lancar anjir..",gue pakai samsung samsung young akhir samsung a56 lama2 muak gue jual upgrade poco f7 anjir nih handphone enak banget kasi internal juga tidak main harga tara paling tidak suka nangkep sinyal anjir susah banget buat nonton2 streaming telah pakai poco f7 live streaming bola europa lancar banget kualitas hd tidak pernah ngelag dalam kamar juga samsung harus keluar teras baru lancar anjir
Masih setia di A54 nih😂,Masih setia di A54 nih😂,masih setia a54 nih
"A5 series paling jelek adalah A 53. Cepat panas, 54 lbh bagus dari 53. Selanjutnya akan minang 57","A5 series paling jelek adalah A 53. Cepat panas, 54 lbh bagus dari 53. Selanjutnya akan minang 57",a5 series paling jelek 53 cepat panas 54 lbh bagus 53 lanjut akan mang 57
Ya kebiasaan samsung sih 😅 main aman dan main awet aja untuk kelas adroid yang cuma dipakai daily bukan gaming. Tapi entah kenapa produk baru sering gacha ke awetannya. Saya ada beberapa android samsung dari lama dan baru. Tapi anehnya yang awet tipe A12 dari segi layar dll. Menang nyaman aja ni hp untuk daily 😂 sama batrey awet. Udah sih gitu aja.,Ya kebiasaan samsung sih 😅 main aman dan main awet aja untuk kelas adroid yang cuma dipakai daily bukan gaming. Tapi entah kenapa produk baru sering gacha ke awetannya. Saya ada beberapa android samsung dari lama dan baru. Tapi anehnya yang awet tipe A12 dari segi layar dll. Menang nyaman aja ni hp untuk daily 😂 sama batrey awet. Udah sih gitu aja.,biasa samsung sih main aman main awet kelas adroid cuma pakai daily bukan gaming entah kenapa produk baru sering gacha awet beberapa android samsung lama baru aneh awet tipe a12 segi layar dll menang nyaman ni handphone daily sama batrey awet sih gitu
mahal banget wkwkwkw masih 12/256 GB kukira bakal ada yang 512 GB wkwkkwk,mahal banget wkwkwkw masih 12/256 GB kukira bakal ada yang 512 GB wkwkkwk,mahal banget wkwkwkw masih 12 256 gb kira bakal 512 gb wkwkkwk
sama oppo reno 15 5G bagus mana yaa?,sama oppo reno 15 5G bagus mana yaa?,sama oppo reno 15 5g bagus mana yaa
"Nah kalo udah nyampe A 140, A 150 , A 160 itu udh bukan hp tapi mobil mercy kutu","Nah kalo udah nyampe A 140, A 150 , A 160 itu udh bukan hp tapi mobil mercy kutu",nah nyampe 140 150 160 bukan handphone mobil mercy kutu
Terlalu banyak HP android sampek bingung .. Tapi tetep stay pakek IP udah 9 thn 🥲,Terlalu banyak HP android sampek bingung .. Tapi tetep stay pakek IP udah 9 thn 🥲,terlalu banyak handphone android sampek bingung tetep stay pakek ip thn
hp idaman,hp idaman,handphone idam
Bagus samsung a57,Bagus samsung a57,bagus samsung a57
"Samsung & Apple iPhone 
Brand HP tertinggi
Belum tergoyahkan",Samsung & Apple iPhone Brand HP tertinggi Belum tergoyahkan,samsung apple iphone brand handphone tinggi belum goyah
Pengguna samsung a73 mantau😅,Pengguna samsung a73 mantau😅,guna samsung a73 mantau
"Alhamdulillah tadi malam saya udah beli , tapi tadi pagi pas bangun tidur kaget kok udah hilang , Ternyata cuma mimpi .","Alhamdulillah tadi malam saya udah beli , tapi tadi pagi pas bangun tidur kaget kok udah hilang , Ternyata cuma mimpi .",alhamdulillah tadi malam beli tadi pagi pas bangun tidur kaget kok hilang nyata cuma mimpi
"Aku pemakai A55 dan hp nya panas, apakah pemakai lain juga panas?","Aku pemakai A55 dan hp nya panas, apakah pemakai lain juga panas?",aku pakai a55 handphone panas apakah pakai lain juga panas
User a55 masih merasa aman dan nyaman 😊,User a55 masih merasa aman dan nyaman 😊,user a55 masih rasa aman nyaman
Kgk ada micro SD LG krisis memory,Kgk ada micro SD LG krisis memory,kgk micro sd lg krisis memory
Overprice bangett,Overprice bangett,overprice bangett
"Saya masih pake samsung a51, bahkan masih punya samsung a05 2017 yg masih bagus..","Saya masih pake samsung a51, bahkan masih punya samsung a05 2017 yg masih bagus..",masih pake samsung a51 bahkan masih punya samsung a05 2017 masih bagus
"Masih bertahan di A54, maybe 58 bisa bikin tergugah ganti 😊","Masih bertahan di A54, maybe 58 bisa bikin tergugah ganti 😊",masih tahan a54 maybe 58 bikin gugah ganti
Camon 50 pro bng,Camon 50 pro bng,camon 50 pro bng
Sepertinya Samsung seri A ketempelan penyakit kyk Vivo V series ni 😂,Sepertinya Samsung seri A ketempelan penyakit kyk Vivo V series ni 😂,seperti samsung seri tempel sakit kyk vivo series ni
Mau ganti a52s dengan a57 jd ragu..,Mau ganti a52s dengan a57 jd ragu..,mau ganti a52s a57 jd ragu
nanti aja ah beli nya kalo hargamya udah turun wkwkw,nanti aja ah beli nya kalo hargamya udah turun wkwkw,nanti ah beli hargamya turun wkwkw
nonton nya pakek a55 masih enak bgt pakek a55 paling cuman ngecas nya lama aja yang kurang tapi overall masih enak bgy buat 2 tahun kedepan,nonton nya pakek a55 masih enak bgt pakek a55 paling cuman ngecas nya lama aja yang kurang tapi overall masih enak bgy buat 2 tahun kedepan,nonton pakek a55 masih enak banget pakek a55 paling cuman ngecas lama kurang overall masih enak bgy buat tahun depan
"ini konten yg bagus nya doang yg d blg,yg borok nya gk di publis.","ini konten yg bagus nya doang yg d blg,yg borok nya gk di publis.",konten bagus doang blg borok tidak publis
Beli galaxy a57 karena ada wara ungu.nya saja 😂,Beli galaxy a57 karena ada wara ungu.nya saja 😂,beli galaxy a57 karena wara ungu
Apa cuma saya yg nntn vidio samsung a57 masih pake a50s😅😅,Apa cuma saya yg nntn vidio samsung a57 masih pake a50s😅😅,apa cuma nntn vidio samsung a57 masih pake a50s
bang unboxing infinix smart 20,bang unboxing infinix smart 20,unboxing infinix smart 20
"Sejak ada Samsung finance plus.. kapok pke Samsung, banyak dibuat utk nipu orang","Sejak ada Samsung finance plus.. kapok pke Samsung, banyak dibuat utk nipu orang",sejak samsung finance plus kapok pke samsung banyak buat utk nipu orang
Masih gagah a54,Masih gagah a54,masih gagah a54
"Betul bang harga segitu mending ngmbil series S S23 kek, S24 fe kek,  S Doger kek wkwk","Betul bang harga segitu mending ngmbil series S S23 kek, S24 fe kek, S Doger kek wkwk",betul harga segitu mending ngmbil series s23 kek s24 fe kek doger kek wkwk
ngeri,ngeri,ngeri
Mending Iphone harga segitu dan spek segitu 😂,Mending Iphone harga segitu dan spek segitu 😂,mending iphone harga segitu spesifikasi segitu
"bang, samsung a37 5g","bang, samsung a37 5g",samsung a37 5g
Samsung ini emng parahh bikin jatuh cintah bukan masalah spekny .kalau spek kalah sama yg lain .tpi one ui ny itu lohh yg bikin nyaman❤❤,Samsung ini emng parahh bikin jatuh cintah bukan masalah spekny .kalau spek kalah sama yg lain .tpi one ui ny itu lohh yg bikin nyaman❤❤,samsung emng parahh bikin jatuh cintah bukan masalah spekny spesifikasi kalah sama lain tpi one ui ny lohh bikin nyaman
Kertas kecil sebenernya menunjukan kekecewa,Kertas kecil sebenernya menunjukan kekecewa,kertas kecil sebenernya tunjuk kecewa
Mahal amat mending pocox8,Mahal amat mending pocox8,mahal amat mending pocox8
oppo dan vivo yang terkenal overprice aja sungkem sama hp ini 😂😂😂😂😂,oppo dan vivo yang terkenal overprice aja sungkem sama hp ini 😂😂😂😂😂,oppo vivo kenal overprice sungkem sama handphone
Mending ip 7,Mending ip 7,mending ip
"Masi bertahan di s21 tanpa greenscreen walau udh nyemplung berkali kali ke air kolam😅 tunggu s28 aja deh, or tunggu s25 agak murah😅😅😅","Masi bertahan di s21 tanpa greenscreen walau udh nyemplung berkali kali ke air kolam😅 tunggu s28 aja deh, or tunggu s25 agak murah😅😅😅",mas tahan s21 tanpa greenscreen walau nyemplung kali kali air kolam tunggu s28 deh or tunggu s25 agak murah
"Kata gua ini mereka sengaja bang, biar ga bunuh pasar s26 fe/edge nantinya😂","Kata gua ini mereka sengaja bang, biar ga bunuh pasar s26 fe/edge nantinya😂",kata gua sengaja tidak bunuh pasar s26 fe edge nanti
A55 emang paling waras ha ha ha,A55 emang paling waras ha ha ha,a55 emang paling waras ha ha ha
"Itu dulu min tpi skrg keadaan sudah berubah,ud byk hp midrange yg jauh lebih bagus dan lebih murah harga nya dri samsung A57","Itu dulu min tpi skrg keadaan sudah berubah,ud byk hp midrange yg jauh lebih bagus dan lebih murah harga nya dri samsung A57",dulu min tpi skrg ada ubah ud byk handphone midrange jauh lebih bagus lebih murah harga dri samsung a57
Wan Yu Ai,Wan Yu Ai,wan yu ai
Iqoo 15r disenggol lagi 😅 Alhamdulillah udah kebeli,Iqoo 15r disenggol lagi 😅 Alhamdulillah udah kebeli,iqoo 15r senggol lagi alhamdulillah kebel
Bolehkah saya ngeklip video ini bang ?,Bolehkah saya ngeklip video ini bang ?,boleh ngeklip video
Saya nonton pakai A57 12 256 dpt cashback 500k  .. apapun alasanya gak nyesel sih .. 😂,Saya nonton pakai A57 12 256 dpt cashback 500k .. apapun alasanya gak nyesel sih .. 😂,nonton pakai a57 12 256 dapat cashback 500k apa alasanya tidak nyesel sih
Makin kesini makin gak price to value,Makin kesini makin gak price to value,makin kesini makin tidak price to value
"Saya pemakai a55 dari baru launching sampe skrg. Emang hp biasa2 aja sih rasanya. Kelebihannya di ui aja rasanya dibanding yg lain, sama support os yg lumayan lama. 
Rencana thn ini mau ganti ke honor, nyari yg batere besar. Katanya honor 600 pro mau release bulan depan.","Saya pemakai a55 dari baru launching sampe skrg. Emang hp biasa2 aja sih rasanya. Kelebihannya di ui aja rasanya dibanding yg lain, sama support os yg lumayan lama. Rencana thn ini mau ganti ke honor, nyari yg batere besar. Katanya honor 600 pro mau release bulan depan.",pakai a55 baru launching sampe skrg emang handphone biasa2 sih rasa lebih ui rasa banding lain sama support os lumayan lama rencana thn mau ganti honor nyari batere besar kata honor 600 pro mau release bulan depan
"Bang,kapan review nubia neo 5 gt","Bang,kapan review nubia neo 5 gt",kapan review nubia neo gt
"Masih nonton pake A55, dan tetap masih. Sebagai kaum mendang mending, nikmati videonya aja dulu ketimbang beli hpnya. 😅😅😅","Masih nonton pake A55, dan tetap masih. Sebagai kaum mendang mending, nikmati videonya aja dulu ketimbang beli hpnya. 😅😅😅",masih nonton pake a55 tetap masih bagai kaum dang mending nikmat video dulu ketimbang beli hpnya
Entah kenapa kalau review brand samsung seri A viewers nya lebih banyak,Entah kenapa kalau review brand samsung seri A viewers nya lebih banyak,entah kenapa review brand samsung seri viewers lebih banyak
sejak gada sd card slot dari A56 jd ragu mau ganti dari A52,sejak gada sd card slot dari A56 jd ragu mau ganti dari A52,sejak gada sd card slot a56 jd ragu mau ganti a52
Bang coba bahas hp realme 16 5g bang,Bang coba bahas hp realme 16 5g bang,coba bahas handphone realme 16 5g
Harganya kemahalan,Harganya kemahalan,harga mahal
"Penyimpanan 256 GB 🤣
Sebagai Fanboy samsung sejak 2012, Samsung lagi ngantuk. Coba aja ada yg 512GB pasti udah merupakan kemajuan","Penyimpanan 256 GB 🤣 Sebagai Fanboy samsung sejak 2012, Samsung lagi ngantuk. Coba aja ada yg 512GB pasti udah merupakan kemajuan",simpan 256 gb bagai fanboy samsung sejak 2012 samsung lagi ngantuk coba 512gb pasti rupa maju
"Saya sudah belasan tahun pakai samsung.
Mulai dari j2 prime, j7 pro,
Sampai sekarang m23 😁","Saya sudah belasan tahun pakai samsung. Mulai dari j2 prime, j7 pro, Sampai sekarang m23 😁",bas tahun pakai samsung mulai j2 prime j7 pro sampai sekarang m23
Nonton ini pakai samsumg A26 😊,Nonton ini pakai samsumg A26 😊,nonton pakai samsumg a26
ga bisa micro sd somehow jadi deal breaker buat sebagian orang sih 😅,ga bisa micro sd somehow jadi deal breaker buat sebagian orang sih 😅,tidak micro sd somehow jadi deal breaker buat bagi orang sih
"Nonton pake hp samsung A55, rencana mau ganti hp nunggu samsung A60","Nonton pake hp samsung A55, rencana mau ganti hp nunggu samsung A60",nonton pake handphone samsung a55 rencana mau ganti handphone nunggu samsung a60
Bang reviu HP IQOO z11 standar dong,Bang reviu HP IQOO z11 standar dong,reviu handphone iqoo z11 standar dong
"setelah a52s, galaxy a5x series jadi boring","setelah a52s, galaxy a5x series jadi boring",telah a52s galaxy a5x series jadi boring
"Pengen ganti hp juga woila, udah hampir 6 tahun sama ni samsung A02😢","Pengen ganti hp juga woila, udah hampir 6 tahun sama ni samsung A02😢",ken ganti handphone juga woila hampir tahun sama ni samsung a02
pernah bahas Realme c85 pro bang?,pernah bahas Realme c85 pro bang?,pernah bahas realme c85 pro
Mari bertahan 1 2 thn lgi dgn samsung a52s 😂 kaum mending mending tpi fansboy samsung,Mari bertahan 1 2 thn lgi dgn samsung a52s 😂 kaum mending mending tpi fansboy samsung,mari tahan thn lgi dgn samsung a52s kaum mending mending tpi fansboy samsung
Review huawei pura x dongg,Review huawei pura x dongg,review huawei pura dongg
samsung a57 ternyata ga byk upgrade.... A55 masih lbh bagus designnya.... spec jg hampir sama ya..... moga2 midrangenya samsung next pakai spec yg lbh tinggi.....,samsung a57 ternyata ga byk upgrade.... A55 masih lbh bagus designnya.... spec jg hampir sama ya..... moga2 midrangenya samsung next pakai spec yg lbh tinggi.....,samsung a57 nyata tidak byk upgrade a55 masih lbh bagus designnya spec juga hampir sama moga2 midrangenya samsung next pakai spec lbh tinggi
Jadi inget dulu pas masih pake A54 satu tahun pemakaian sensor pendeteksi kelembapan di port type C error udah di ganti ke servis center resmi samsung bayar sendiri ngga sampe seminggu error lagi 😂 akhirnya beralih ke merek lain,Jadi inget dulu pas masih pake A54 satu tahun pemakaian sensor pendeteksi kelembapan di port type C error udah di ganti ke servis center resmi samsung bayar sendiri ngga sampe seminggu error lagi 😂 akhirnya beralih ke merek lain,jadi inget dulu pas masih pake a54 satu tahun pakai sensor deteksi lembap port type error ganti servis center resmi samsung bayar sendiri ngga sampe minggu error lagi akhir alih merek lain
"user A54 disini.
rencana upgrade nanti ke series S kayaknya, yg seri A selisih2 dikiittt","user A54 disini. rencana upgrade nanti ke series S kayaknya, yg seri A selisih2 dikiittt",user a54 sini rencana upgrade nanti series kayak seri selisih2 dikiittt
seri a apa yg dapet update android terlama jangka panjang,seri a apa yg dapet update android terlama jangka panjang,seri apa dapet update android lama jangka panjang
"Jujur, menurut gw Samsung A57 ini kalo dikasi ""minimal"" Snapdragon 8 gen 5 atau Dimensity 9500s, gw jamin ini salah satu hp ghoib di tahun 2026 ini 🗿
Sayang aja, SoC Exynos versi midrange ini diperlakukan kayak anak tiri, SoC Exynos 2000 series kan dpt upgrade yg ""mulai bersaing"" dengan SoCnya pesaing, sedangkan SoC midrangenya.. 🗿

Walaupun gw terjebak dengan OneUI, tapi gw ga bisa tutup mata ketertinggalan samsung A series yg gapnya menurutku jauh banget dari ekspektasi orang pas lihat harganya.","Jujur, menurut gw Samsung A57 ini kalo dikasi ""minimal"" Snapdragon 8 gen 5 atau Dimensity 9500s, gw jamin ini salah satu hp ghoib di tahun 2026 ini 🗿 Sayang aja, SoC Exynos versi midrange ini diperlakukan kayak anak tiri, SoC Exynos 2000 series kan dpt upgrade yg ""mulai bersaing"" dengan SoCnya pesaing, sedangkan SoC midrangenya.. 🗿 Walaupun gw terjebak dengan OneUI, tapi gw ga bisa tutup mata ketertinggalan samsung A series yg gapnya menurutku jauh banget dari ekspektasi orang pas lihat harganya.",jujur turut gw samsung a57 kasi minimal snapdragon gen dimensity 9500s gw jamin salah satu handphone ghoib tahun 2026 sayang soc exynos versi midrange laku kayak anak tiri soc exynos 2000 series kan dapat upgrade mulai saing socnya saing sedang soc midrangenya walaupun gw jebak oneui gw tidak tutup mata tinggal samsung series gap turut jauh banget ekspektasi orang pas lihat harga
Mending s25fe. A57 hp baru gak jelas ini cuman update harga mahal😂😂😂😂,Mending s25fe. A57 hp baru gak jelas ini cuman update harga mahal😂😂😂😂,mending s25fe a57 handphone baru tidak jelas cuman update harga mahal
nntn pake A51,nntn pake A51,nntn pake a51
"selalu bikin ngeluh itu yang internal nya hanya mentok di 256 aja,, gak ada 512","selalu bikin ngeluh itu yang internal nya hanya mentok di 256 aja,, gak ada 512",selalu bikin ngeluh internal hanya mentok 256 tidak 512
Riview hp 1 jtan bang,Riview hp 1 jtan bang,riview handphone jtan
"Kl cuma pake hape basic... A series reliable banget..
Punya A51 di pake anak sekolah mash oke. Ini nonton pake A54 juga mash aman2 aja..

Cuma ya fitur gitu2 aja..😂",Kl cuma pake hape basic... A series reliable banget.. Punya A51 di pake anak sekolah mash oke. Ini nonton pake A54 juga mash aman2 aja.. Cuma ya fitur gitu2 aja..😂,kl cuma pake hape basic series reliable banget punya a51 pake anak sekolah mash oke nonton pake a54 juga mash aman2 cuma fitur gitu2
Sepertinya sudah sulit ya hp midrange yang masih punya slot microsd 🥲,Sepertinya sudah sulit ya hp midrange yang masih punya slot microsd 🥲,seperti sulit handphone midrange masih punya slot microsd
YANG OPPO 15 5G GMN,YANG OPPO 15 5G GMN,oppo 15 5g gmn
"emang secara fitur diatas kertas jauh dibandingkan yg lain macam Infinix, Tecno, dll
tp soal durability dan build quality, samsung punya kelebihan yang emang kerasa bgt klo dibandingkan Infinix dan sejenisnya yang keliatannya fitur melimpah tapi ringkih. 
samsung cocok untuk ibu2 muda yang punya todler yg suka banting2 HP","emang secara fitur diatas kertas jauh dibandingkan yg lain macam Infinix, Tecno, dll tp soal durability dan build quality, samsung punya kelebihan yang emang kerasa bgt klo dibandingkan Infinix dan sejenisnya yang keliatannya fitur melimpah tapi ringkih. samsung cocok untuk ibu2 muda yang punya todler yg suka banting2 HP",emang cara fitur atas kertas jauh banding lain macam infinix tecno dll soal durability build quality samsung punya lebih emang rasa banget klo banding infinix jenis liat fitur limpah ringkih samsung cocok ibu2 muda punya todler suka banting2 handphone
Kemahalan aslii. Padahal perubahan bobot sama tebel hpnya menarik. Kalo harganya ga beda jauh sama A56 sih masih oke,Kemahalan aslii. Padahal perubahan bobot sama tebel hpnya menarik. Kalo harganya ga beda jauh sama A56 sih masih oke,mahal asli padahal ubah bobot sama tebel hpnya tarik harga tidak beda jauh sama a56 sih masih oke
Daku dah sangat bersyukur dafat samsung A35 ❤,Daku dah sangat bersyukur dafat samsung A35 ❤,daku dah sangat syukur dafat samsung a35
Nanggung banget upgradenya kalau harganya segitu mending ambil tipe tertinggi sekalian. bagi fans Aseries cukup dah yg penting samsung🎉🎉 no fikir² lagi.,Nanggung banget upgradenya kalau harganya segitu mending ambil tipe tertinggi sekalian. bagi fans Aseries cukup dah yg penting samsung🎉🎉 no fikir² lagi.,nanggung banget upgradenya harga segitu mending ambil tipe tinggi sekali bagi fans aseries cukup dah penting samsung no fikir lagi
"milih samsung intinya cari keamanan(Knox) ama fitur aja(software), sisanya kalah dr yang sebelah😂

masih nyesel ampe skrng beli flagshipnya kena gren skren ampe skrng cuma jd bangek ganti layar pun mahal hp belasan juta🤧","milih samsung intinya cari keamanan(Knox) ama fitur aja(software), sisanya kalah dr yang sebelah😂 masih nyesel ampe skrng beli flagshipnya kena gren skren ampe skrng cuma jd bangek ganti layar pun mahal hp belasan juta🤧",milih samsung inti cari aman knox ama fitur software sisa kalah belah masih nyesel ampe skrng beli flagshipnya kena gren skren ampe skrng cuma jd bangek ganti layar pun mahal handphone bas juta
"A35 5G udh nyaman bgt misal w upgrade me ding A57 5G atau adek nya ya A56 5G, dilema banget uyy","A35 5G udh nyaman bgt misal w upgrade me ding A57 5G atau adek nya ya A56 5G, dilema banget uyy",a35 5g nyaman banget misal upgrade me ding a57 5g adek a56 5g dilema banget uyy
"Samsung A5 series memang pilihan paling gacor untuk penyuka samsung... Performa sudah ok tapi harga gak semahal S series...   Seandainya A3 series di kasih layar yang dagunya tipis, mungkin bakalan gacor juga... Tapi yah gitu lah samsung...😮‍💨","Samsung A5 series memang pilihan paling gacor untuk penyuka samsung... Performa sudah ok tapi harga gak semahal S series... Seandainya A3 series di kasih layar yang dagunya tipis, mungkin bakalan gacor juga... Tapi yah gitu lah samsung...😮‍💨",samsung a5 series memang pilih paling gacor suka samsung performa ok harga tidak mahal series anda a3 series kasih layar dagu tipis mungkin bakal gacor juga yah gitu lah samsung
A57 ini apakah bisa privacy display juga kah kaya flagship S26?,A57 ini apakah bisa privacy display juga kah kaya flagship S26?,a57 apakah privacy display juga kah kaya flagship s26
Baru beli poco x8 pro 😢,Baru beli poco x8 pro 😢,baru beli poco x8 pro
Bang bahas Infinix GT 50 Pro bang mau keluar soalnya dan saya juga mau beli😊😊,Bang bahas Infinix GT 50 Pro bang mau keluar soalnya dan saya juga mau beli😊😊,bahas infinix gt 50 pro mau keluar soal juga mau beli
Good Samsung i like 😊,Good Samsung i like 😊,good samsung like
A5 series itu memang sudah terkenal HP daily use yang kompeten. Tapi jadinya skrg wothed nya berkurang.,A5 series itu memang sudah terkenal HP daily use yang kompeten. Tapi jadinya skrg wothed nya berkurang.,a5 series memang kenal handphone daily use kompeten jadi skrg wothed kurang
Msh setia pake s20fe snapdragon  8/256 😂,Msh setia pake s20fe snapdragon 8/256 😂,msh setia pake s20fe snapdragon 256
Nungguin rivuw samsung a26 5g tapi ga muncul muncul,Nungguin rivuw samsung a26 5g tapi ga muncul muncul,nungguin rivuw samsung a26 5g tidak muncul muncul
nonton pake samsung A55 yg ada slot microsd sama video kamera dpn bisa FHD 60FOS🫢😂😂,nonton pake samsung A55 yg ada slot microsd sama video kamera dpn bisa FHD 60FOS🫢😂😂,nonton pake samsung a55 slot microsd sama video kamera dpn fhd 60fos
"Adek, bapak, ipar ane semua pakai samsung, jijay bener dah liat mereka ga mau ganti merk lain... 😢","Adek, bapak, ipar ane semua pakai samsung, jijay bener dah liat mereka ga mau ganti merk lain... 😢",adek bapak ipar ane semua pakai samsung jijay bener dah liat tidak mau ganti merk lain
Bang coba riview inoi a75,Bang coba riview inoi a75,coba riview inoi a75
"Aku liat ini masih dengan hp Samsung A30, sudah hampir 8 Tahun. gimana mau ganti klo hp masih awet aja hahah","Aku liat ini masih dengan hp Samsung A30, sudah hampir 8 Tahun. gimana mau ganti klo hp masih awet aja hahah",aku liat masih handphone samsung a30 hampir tahun gimana mau ganti klo handphone masih awet hahah
Lock screen nya kok bisa kaya gt bang,Lock screen nya kok bisa kaya gt bang,lock screen kok kaya gt
"Semangat ya bang bikin konten nya,  dalam Dari Malaysia, walapun dikit hehe😅","Semangat ya bang bikin konten nya, dalam Dari Malaysia, walapun dikit hehe😅",semangat bikin konten dalam malaysia walapun dikit hehe
"Masih stay di A71🥹
Udah pengin ganti cuman masih bingung mau merk apa, poco kayaknya oke😌","Masih stay di A71🥹 Udah pengin ganti cuman masih bingung mau merk apa, poco kayaknya oke😌",masih stay a71 pengin ganti cuman masih bingung mau merk apa poco kayak oke
"Aku beli A57 pas hari ke 4 dia launching 
Niat beli A56 tapi kek 
Yaudah sekalian aja deh wkwkw",Aku beli A57 pas hari ke 4 dia launching Niat beli A56 tapi kek Yaudah sekalian aja deh wkwkw,aku beli a57 pas hari dia launching niat beli a56 kek yaudah sekali deh wkwkw
"Samsung mahal banyak barang titipan, dg dalih bonus.","Samsung mahal banyak barang titipan, dg dalih bonus.",samsung mahal banyak barang titip dg dalih bonus
"Samsung a52s punya aku masih ngebut banget, apalagi storage 256","Samsung a52s punya aku masih ngebut banget, apalagi storage 256",samsung a52s punya aku masih ngebut banget apalagi storage 256
"Buat sekarang, satu²nya HP Samsung yang batrenya 6000mAh cuma Galaxy A07 5G - lebih gede dari seri kakak²nya yang masih nyaman di 5000 mAh","Buat sekarang, satu²nya HP Samsung yang batrenya 6000mAh cuma Galaxy A07 5G - lebih gede dari seri kakak²nya yang masih nyaman di 5000 mAh",buat sekarang satu handphone samsung batrenya 6000mah cuma galaxy a07 5g lebih gede seri kakak masih nyaman 5000 mah
"ada yang bisa bantu jawab gak, kenapa ya galaxy a56 kalau bikin video kamera belakang terus di bikin story WA jadinya ngeblur parah","ada yang bisa bantu jawab gak, kenapa ya galaxy a56 kalau bikin video kamera belakang terus di bikin story WA jadinya ngeblur parah",bantu jawab tidak kenapa galaxy a56 bikin video kamera belakang terus bikin story wa jadi ngeblur parah
Bang rekemondasi hp 3 jutaan 2026,Bang rekemondasi hp 3 jutaan 2026,rekemondasi handphone juta 2026
"Tapi kalau dibandingin sama brand lain dikelas ini memang harganya pada naik, dan main diharga yg sama","Tapi kalau dibandingin sama brand lain dikelas ini memang harganya pada naik, dan main diharga yg sama",dibandingin sama brand lain kelas memang harga pada naik main harga sama
7:04 enam tujuh,7:04 enam tujuh,04 enam tujuh
Bang jika Riview Video test dengan sambil lari juga bang. biar tau stabil nya gimana jika di bawa sambil lari santai,Bang jika Riview Video test dengan sambil lari juga bang. biar tau stabil nya gimana jika di bawa sambil lari santai,jika riview video test sambil lari juga tau stabil gimana jika bawa sambil lari santai
"Baru beli a57 upgrade dari a55 karena berat bgt hpnya 😂,bagus bgt ini emang hp nyaman dgenggam,ringan,sma tipis main hp satu tangan jd gak pegel...","Baru beli a57 upgrade dari a55 karena berat bgt hpnya 😂,bagus bgt ini emang hp nyaman dgenggam,ringan,sma tipis main hp satu tangan jd gak pegel...",baru beli a57 upgrade a55 karena berat banget hpnya bagus banget emang handphone nyaman dgenggam ringan sma tipis main handphone satu tangan jd tidak gel
Udah mendekati harga S series FE,Udah mendekati harga S series FE,dekat harga series fe
Gila suscrebernya hampir 14 jt ngalahin sama KDM,Gila suscrebernya hampir 14 jt ngalahin sama KDM,gila suscrebernya hampir 14 jt ngalahin sama kdm
hadir,hadir,hadir
Bang coba review HP Infinix GT 50 pro 🎉🎉,Bang coba review HP Infinix GT 50 pro 🎉🎉,coba review handphone infinix gt 50 pro
"Tecno camon 50 pro nya mana ini, udah lama nungguin","Tecno camon 50 pro nya mana ini, udah lama nungguin",tecno camon 50 pro mana lama nungguin
Gw masih pake A54,Gw masih pake A54,gw masih pake a54
Bang David Gemukan Skrng.,Bang David Gemukan Skrng.,david gemuk skrng
Mending ambil vivo vivo itu😂,Mending ambil vivo vivo itu😂,mending ambil vivo vivo
Review motorola flip moto Razer 60 bang,Review motorola flip moto Razer 60 bang,review motorola flip moto razer 60
Tetep kalah sama POCO X8 PRO MAX 😂😂 kameranya lebih bagus kenceng pula,Tetep kalah sama POCO X8 PRO MAX 😂😂 kameranya lebih bagus kenceng pula,tetep kalah sama poco x8 pro max kamera lebih bagus kenceng pula
Kalau bosen bisa gonta-ganti layar,Kalau bosen bisa gonta-ganti layar,bosen gonta ganti layar
harga ga ngotak haha,harga ga ngotak haha,harga tidak ngotak haha
Paylaterr pun saya gaskan,Paylaterr pun saya gaskan,paylaterr pun gas
"A52s upgrade ke A55
Lihat A57 jelek
Kemungkinan menunggu A58",A52s upgrade ke A55 Lihat A57 jelek Kemungkinan menunggu A58,a52s upgrade a55 lihat a57 jelek mungkin tunggu a58
"Mending POco sih, yg beli Samsung hanya karna gengsi di merk aja, tp kualitas yg d kasih b aja","Mending POco sih, yg beli Samsung hanya karna gengsi di merk aja, tp kualitas yg d kasih b aja",mending poco sih beli samsung hanya karna gengsi merk kualitas kasih
"🤣 os emang nyaman sih, tapi penanganan garansinya itu lho tau sendiri lah 😁 padahal brand gede malah kalah sama si biru kalau masalah penanganan garansi kepada konsumen","🤣 os emang nyaman sih, tapi penanganan garansinya itu lho tau sendiri lah 😁 padahal brand gede malah kalah sama si biru kalau masalah penanganan garansi kepada konsumen",os emang nyaman sih tangan garansi lho tau sendiri lah padahal brand gede malah kalah sama si biru masalah tangan garansi kepada konsumen
Mending Poco,Mending Poco,mending poco
"Nunggu second nya klo ada 😂
Ini masih pake a52 alhamdulillah dpet harga seribu tpi lebih nyaman dri hp a23 sy yg ilang",Nunggu second nya klo ada 😂 Ini masih pake a52 alhamdulillah dpet harga seribu tpi lebih nyaman dri hp a23 sy yg ilang,nunggu second klo masih pake a52 alhamdulillah dpet harga ribu tpi lebih nyaman dri handphone a23 sy ilang
"Saya masih pake A55 liat pas lounching a56 a57 kayanya belum waktunya saya upgrade, karna tanggung banget update tiap serinya. Tunggu nanti aja.","Saya masih pake A55 liat pas lounching a56 a57 kayanya belum waktunya saya upgrade, karna tanggung banget update tiap serinya. Tunggu nanti aja.",masih pake a55 liat pas lounching a56 a57 kaya belum waktu upgrade karna tanggung banget update tiap seri tunggu nanti
Baru pertama kali nonton review gadgetin se ngantuk ini 🥱 🥴,Baru pertama kali nonton review gadgetin se ngantuk ini 🥱 🥴,baru pertama kali nonton review gadgetin se ngantuk
kocak samsung 😂,kocak samsung 😂,kocak samsung
Baru aja beli A56,Baru aja beli A56,baru beli a56
apakah samsung sampai sekarang masih sering bermasalah dengan seberlight nya?,apakah samsung sampai sekarang masih sering bermasalah dengan seberlight nya?,apakah samsung sampai sekarang masih sering masalah seberlight
"ga seheboh Poco upgrade nya x7 pro ke x8 pro yah,, bikin ngiler,, saya punya Samsung a56 jadi males update tadinya mau ganti,, ganti ke seri S rawan green line, 🤣","ga seheboh Poco upgrade nya x7 pro ke x8 pro yah,, bikin ngiler,, saya punya Samsung a56 jadi males update tadinya mau ganti,, ganti ke seri S rawan green line, 🤣",tidak heboh poco upgrade x7 pro x8 pro yah bikin ngiler punya samsung a56 jadi males update tadi mau ganti ganti seri rawan green line
"Beli s26 ultra aja nyesel apa lagi A57 yg prosesornya exinos, terkenal lemot dan gampang panas😅","Beli s26 ultra aja nyesel apa lagi A57 yg prosesornya exinos, terkenal lemot dan gampang panas😅",beli s26 ultra nyesel apa lagi a57 prosesor exinos kenal lot gampang panas
nonton pake A55,nonton pake A55,nonton pake a55
"agak capek pake samsung, hp dijaga baik² pakein case jg jarang banget jatuh. layar mulus tapi light saber, males bgt.","agak capek pake samsung, hp dijaga baik² pakein case jg jarang banget jatuh. layar mulus tapi light saber, males bgt.",agak capek pake samsung handphone jaga baik pakein case juga jarang banget jatuh layar mulus light saber males banget
"Harga segitu speknya b aja, skip banget 😂","Harga segitu speknya b aja, skip banget 😂",harga segitu speknya skip banget
"Hampir aja pilih ini A57, skrng Nonton pake S25 FE 😂","Hampir aja pilih ini A57, skrng Nonton pake S25 FE 😂",hampir pilih a57 skrng nonton pake s25 fe
Bang mainan kartu pokemon yah.😁,Bang mainan kartu pokemon yah.😁,main kartu pokemon yah
Masih di a54 dan a52s,Masih di a54 dan a52s,masih a54 a52s
Jangan-jangan A57 dibuat agar penjualan S25 FE melejit wkwkwkwk,Jangan-jangan A57 dibuat agar penjualan S25 FE melejit wkwkwkwk,jangan jangan a57 buat agar jual s25 fe lejit wkwkwkwk
Minimal sdh wirlles charging keq ya di a57😢,Minimal sdh wirlles charging keq ya di a57😢,minimal sdh wirlles charging keq a57
"Assalamu'alaikum, studio ponsel tokonya di dimana dek?","Assalamu'alaikum, studio ponsel tokonya di dimana dek?",assalamu alaikum studio ponsel toko mana dek
Bang kapan gt 50 pro,Bang kapan gt 50 pro,kapan gt 50 pro
Aku pake a17,Aku pake a17,aku pake a17
"Gua masih pake m30s, udah 6 tahun 😅","Gua masih pake m30s, udah 6 tahun 😅",gua masih pake m30s tahun
ada foto live kah?,ada foto live kah?,foto live kah
Gw yang masih pake s22u,Gw yang masih pake s22u,gw masih pake s22u
Mending s25 fe jir harga segitu mah,Mending s25 fe jir harga segitu mah,mending s25 fe jir harga segitu mah
"Saya bukan penggemar Samsung 
Dari yg jadul sampai yg baru2
Ogah hp Toxic 😂 sama kaya warganya
Membosankan seperti Nokia",Saya bukan penggemar Samsung Dari yg jadul sampai yg baru2 Ogah hp Toxic 😂 sama kaya warganya Membosankan seperti Nokia,bukan gemar samsung jadul sampai baru2 ogah handphone toxic sama kaya warga bosan seperti nokia
ga tertarik riview tacno camon 50 bg?,ga tertarik riview tacno camon 50 bg?,tidak tarik riview tacno camon 50 bg
Upgrade nya GK sesuai kenaikan harga 😤,Upgrade nya GK sesuai kenaikan harga 😤,upgrade tidak sesuai naik harga
Nonton video ini pake samsung a52s,Nonton video ini pake samsung a52s,nonton video pake samsung a52s
"Ntah knp , Samsung galaxy A series Indonesia selalu pake exinos , sedangkan yg global pake Snapdragon/mediatek","Ntah knp , Samsung galaxy A series Indonesia selalu pake exinos , sedangkan yg global pake Snapdragon/mediatek",ntah knp samsung galaxy series indonesia selalu pake exinos sedang global pake snapdragon mediatek
"g jadi uprade lah dari a55 lht harganya gini mending tunggu s25 fe jadi 8,3 juta aja 😂","g jadi uprade lah dari a55 lht harganya gini mending tunggu s25 fe jadi 8,3 juta aja 😂",jadi uprade lah a55 lht harga gin mending tunggu s25 fe jadi juta
Cuma jual merek doang itu mah😂😂 hp 9jt cuma dpt exinos 1680 dan panas nya minta ampun😢 kalah jauh Ama PC x8 pro,Cuma jual merek doang itu mah😂😂 hp 9jt cuma dpt exinos 1680 dan panas nya minta ampun😢 kalah jauh Ama PC x8 pro,cuma jual merek doang mah handphone 9jt cuma dapat exinos 1680 panas minta ampun kalah jauh ama pc x8 pro
Tecno camon 50 ultra bang,Tecno camon 50 ultra bang,tecno camon 50 ultra
langsung aja bahas kingfinix gt50,langsung aja bahas kingfinix gt50,langsung bahas kingfinix gt50
"Baru beli a56 bulan kemarin udah bersyukur bangetlah
Harganya lebih murah dari pada a57",Baru beli a56 bulan kemarin udah bersyukur bangetlah Harganya lebih murah dari pada a57,baru beli a56 bulan kemarin syukur banget harga lebih murah pada a57
Bagusan camera poco f7 bang mnurut gw😂,Bagusan camera poco f7 bang mnurut gw😂,bagus camera poco f7 mnurut gw
GUA NONTON INI PAKE A30S 😢,GUA NONTON INI PAKE A30S 😢,gua nonton pake a30s
gw pake seri A50 dari 2019 sampe sekarang😂 masih sehat² aja nih😂,gw pake seri A50 dari 2019 sampe sekarang😂 masih sehat² aja nih😂,gw pake seri a50 2019 sampe sekarang masih sehat nih
Selalu setia nonton dan like videonya,Selalu setia nonton dan like videonya,selalu setia nonton like video
"bang review tab samsung yg mau dibeli sama bgn, harga 9 jutaan di e katalog malah ditulis 17juta, sarkasin dikit
berani ga bg?😂","bang review tab samsung yg mau dibeli sama bgn, harga 9 jutaan di e katalog malah ditulis 17juta, sarkasin dikit berani ga bg?😂",review tab samsung mau beli sama bgn harga juta katalog malah tulis 17juta sarkasin dikit berani tidak bg
"bang review tab samsung yg mau dibeli sama bgn, harga 9 jutaan di e katalog malah ditulis 17juta
berani ga bg?😂","bang review tab samsung yg mau dibeli sama bgn, harga 9 jutaan di e katalog malah ditulis 17juta berani ga bg?😂",review tab samsung mau beli sama bgn harga juta katalog malah tulis 17juta berani tidak bg
Masih dengan A56 ❤,Masih dengan A56 ❤,masih a56
Oppo Reno 15 5g bang,Oppo Reno 15 5g bang,oppo reno 15 5g
Nonton video ini dari samsung a56 second harga 4.3 😅,Nonton video ini dari samsung a56 second harga 4.3 😅,nonton video samsung a56 second harga
Review tecno camon 50 pro bg,Review tecno camon 50 pro bg,review tecno camon 50 pro bg
Mending Samsung S24FE atau A57 ini abang abng?,Mending Samsung S24FE atau A57 ini abang abng?,mending samsung s24fe a57 abang abng
Samsung dan iPhone tetaplah Samsung dan iPhone brand lain tu cuman pelengkap di dunia ini. Mau secanggih apapun brand lain orang orang penting tetap make Samsung dan iPhone,Samsung dan iPhone tetaplah Samsung dan iPhone brand lain tu cuman pelengkap di dunia ini. Mau secanggih apapun brand lain orang orang penting tetap make Samsung dan iPhone,samsung iphone tetap samsung iphone brand lain tu cuman lengkap dunia mau canggih apa brand lain orang orang penting tetap make samsung iphone
Ibuk sy pake Samsung A32 dari baru sampe sekarang masih enak ui enteng,Ibuk sy pake Samsung A32 dari baru sampe sekarang masih enak ui enteng,ibuk sy pake samsung a32 baru sampe sekarang masih enak ui enteng
Tecno camon 50 pro 5G??,Tecno camon 50 pro 5G??,tecno camon 50 pro 5g
Klok kbnykan upgrade ksian versi S.FE nya😂,Klok kbnykan upgrade ksian versi S.FE nya😂,klok kbnykan upgrade ksi versi fe
"Seri terakhir goateed nya samsung tu ada di a52 series sisanya udahlah samsung buang² chipset binning an gajadi 😂 ,dulu pake a52 pingin upgrade ke a56 liat review sana sini akhirnya memantapkan dirin untuk melirik brand china poco f7 wkwkw emang secara software sih kalah ya sama samsung , cuman itu masih bisa di tolerir sih buat saya , selain software menurut saya pocin udah gaada lawan sih buat samsung di kelas midrange","Seri terakhir goateed nya samsung tu ada di a52 series sisanya udahlah samsung buang² chipset binning an gajadi 😂 ,dulu pake a52 pingin upgrade ke a56 liat review sana sini akhirnya memantapkan dirin untuk melirik brand china poco f7 wkwkw emang secara software sih kalah ya sama samsung , cuman itu masih bisa di tolerir sih buat saya , selain software menurut saya pocin udah gaada lawan sih buat samsung di kelas midrange",seri akhir goateed samsung tu a52 series sisa udahlah samsung buang chipset binning an gajadi dulu pake a52 pingin upgrade a56 liat review sana sini akhir mantap dirin lirik brand china poco f7 wkwkw emang cara software sih kalah sama samsung cuman masih tolerir sih buat selain software turut pocin gaada lawan sih buat samsung kelas midrange
2026 masih stay di A33 😂,2026 masih stay di A33 😂,2026 masih stay a33
Designnya gitu² aja,Designnya gitu² aja,designnya gitu
Setia dgn samsung dr s23 s24 s25 tp ketika kapasitas batre dan speed charge tetep kek tai skrg saya mencoba oppo find x9.. Jujur bukan sales oppo tp saya cukup menikmati color os dan pamit dgn samsung kentod,Setia dgn samsung dr s23 s24 s25 tp ketika kapasitas batre dan speed charge tetep kek tai skrg saya mencoba oppo find x9.. Jujur bukan sales oppo tp saya cukup menikmati color os dan pamit dgn samsung kentod,setia dgn samsung s23 s24 s25 ketika kapasitas batre speed charge tetep kek tai skrg coba oppo find x9 jujur bukan sales oppo cukup nikmat color os pamit dgn samsung kentod
nambah dikit dapet s25 fe,nambah dikit dapet s25 fe,nambah dikit dapet s25 fe
"Bang HTC rilis Smartphone lagi, HTC E5 E6 E7 elite mendukung 5G, batrei gede banget. tolong review dong 🙏","Bang HTC rilis Smartphone lagi, HTC E5 E6 E7 elite mendukung 5G, batrei gede banget. tolong review dong 🙏",htc rilis smartphone lagi htc e5 e6 e7 elite dukung 5g batrei gede banget tolong review dong
Adu sama a55 bang😅,Adu sama a55 bang😅,adu sama a55
"Gila daya tarik nya A series, langsung 1 jt cuy","Gila daya tarik nya A series, langsung 1 jt cuy",gila daya tarik series langsung jt cuy
"Maaf, terima kasih yaa. 9jt😂","Maaf, terima kasih yaa. 9jt😂",maaf terima kasih yaa 9jt
"Bang, kalo bisa test gaming nya masukin game deltaforce dong, biar cocok hp yang mana yang bagus","Bang, kalo bisa test gaming nya masukin game deltaforce dong, biar cocok hp yang mana yang bagus",test gaming masukin game deltaforce dong cocok handphone mana bagus
Infinix gt 50 bng,Infinix gt 50 bng,infinix gt 50 bng
Cuma ada di A52S kamera terbaiknya. sampe skrg saya msh puas.,Cuma ada di A52S kamera terbaiknya. sampe skrg saya msh puas.,cuma a52s kamera baik sampe skrg msh puas
bikin video perbandingan sama poco x8 promax dong,bikin video perbandingan sama poco x8 promax dong,bikin video banding sama poco x8 promax dong
"Ngecasnya lama,","Ngecasnya lama,",ngecasnya lama
Samsung 🎉😢 Harga segitu dapat itu upgrade nya 😮apakah tidak survey market,Samsung 🎉😢 Harga segitu dapat itu upgrade nya 😮apakah tidak survey market,samsung harga segitu dapat upgrade apakah tidak survey market
Aman ga si beli di tik tok shop xiaomi official?,Aman ga si beli di tik tok shop xiaomi official?,aman tidak si beli tik tok shop xiaomi official
"gede banget tuh kertas pointersnya bang, fix banyak perubahan.","gede banget tuh kertas pointersnya bang, fix banyak perubahan.",gede banget tuh kertas pointersnya fix banyak ubah
"gua masih bertahan di A52
dengan inflasi saat ini, harus betul2 ngitung kebutuhan","gua masih bertahan di A52 dengan inflasi saat ini, harus betul2 ngitung kebutuhan",gua masih tahan a52 inflasi saat harus betul2 ngitung butuh
Gausah dibeli biar tobat itu samseng,Gausah dibeli biar tobat itu samseng,gausah beli tobat samseng
Cakep,Cakep,cakep
"Karena taun ini harga RAM mulai tinggi ga sih, bikin samsung mikir-mikir dulu buat inovasi?","Karena taun ini harga RAM mulai tinggi ga sih, bikin samsung mikir-mikir dulu buat inovasi?",karena taun harga ram mulai tinggi tidak sih bikin samsung mikir mikir dulu buat inovasi
"Pakai a34 3tahunan, mash enak normal belum ada kepikiran buat upgrade 😂","Pakai a34 3tahunan, mash enak normal belum ada kepikiran buat upgrade 😂",pakai a34 3tahunan mash enak normal belum pikir buat upgrade
Tolong Infinix note 60 ultra bang hehhe,Tolong Infinix note 60 ultra bang hehhe,tolong infinix note 60 ultra hehhe
ett bang itu cuttingan pas bagian comment kaga rapiih gitu. premiere pro udh canggih. boleh bang kalo mau diganti video editornya. izin🫷,ett bang itu cuttingan pas bagian comment kaga rapiih gitu. premiere pro udh canggih. boleh bang kalo mau diganti video editornya. izin🫷,ett cuttingan pas bagi comment kaga rapiih gitu premiere pro canggih boleh mau ganti video editor izin
Reveiw hp buat ojol dong bang,Reveiw hp buat ojol dong bang,reveiw handphone buat ojol dong
Harganya ga ngotak wkwk nambah dikit mending seri S yg FE,Harganya ga ngotak wkwk nambah dikit mending seri S yg FE,harga tidak ngotak wkwk nambah dikit mending seri fe
Mana ni review camon 50 pro nya,Mana ni review camon 50 pro nya,mana ni review camon 50 pro
Mending fe gak sih klok harga sgtu,Mending fe gak sih klok harga sgtu,mending fe tidak sih klok harga sgtu
Samsung tidak pernah padam,Samsung tidak pernah padam,samsung tidak pernah padam
Dipantatin xiaomi 15t,Dipantatin xiaomi 15t,dipantatin xiaomi 15t
Ak nonton pake samsung A52......asli awet banget....😂 udah wktuny gnti hp nih....,Ak nonton pake samsung A52......asli awet banget....😂 udah wktuny gnti hp nih....,ak nonton pake samsung a52 asli awet banget wktuny gnti handphone nih
Sebelum Samsung ada android sudah sering pakenya hp Samsung selain Nokia,Sebelum Samsung ada android sudah sering pakenya hp Samsung selain Nokia,belum samsung android sering pakenya handphone samsung selain nokia
Ada samsung bekas yg mau d jual g bang??,Ada samsung bekas yg mau d jual g bang??,samsung bekas mau jual
Masih nyaman sama Samsung A55 belum pengen Ganti😂,Masih nyaman sama Samsung A55 belum pengen Ganti😂,masih nyaman sama samsung a55 belum ken ganti
_________________(garis hijau),_________________(garis hijau),garis hijau
memberi dislike untuk samsung,memberi dislike untuk samsung,beri dislike samsung
"Gw dpt d harga 6,3","Gw dpt d harga 6,3",gw dapat harga
Masih banyak yg demen walaupun bug sinyalnya gk sembuh2 🫢,Masih banyak yg demen walaupun bug sinyalnya gk sembuh2 🫢,masih banyak demen walaupun bug sinyal tidak sembuh2
"Bnr kata bg david, mending ambil s25fe harga beda tipis.
Jujur aja, saya dr dulu lebih suka hp compact + perhatikan hasil foto, video untuk hp diatas 5 jutaan.
Gpp sih dual kamera tapi dpt kamera utama dan tele/uw yg mantap hehe","Bnr kata bg david, mending ambil s25fe harga beda tipis. Jujur aja, saya dr dulu lebih suka hp compact + perhatikan hasil foto, video untuk hp diatas 5 jutaan. Gpp sih dual kamera tapi dpt kamera utama dan tele/uw yg mantap hehe",bnr kata bg david mending ambil s25fe harga beda tipis jujur dulu lebih suka handphone compact perhati hasil foto video handphone atas juta gpp sih dual kamera dapat kamera utama tele uw mantap hehe
Ngecek live performa hp pake app apa ?,Ngecek live performa hp pake app apa ?,ngecek live performa handphone pake app apa
Di harga yang sama mending ambil poco 😂,Di harga yang sama mending ambil poco 😂,harga sama mending ambil poco
Masih nyaman banget pake A55 tapi kalo ada rejeki mudah-mudahan bisa nambah beli Zfip..,Masih nyaman banget pake A55 tapi kalo ada rejeki mudah-mudahan bisa nambah beli Zfip..,masih nyaman banget pake a55 rejeki mudah mudah nambah beli zfip
User A56 nyimak,User A56 nyimak,user a56 nyimak
Stay A55.. masih enak jg dipakai.. kyknya 2028 baru masa ganti 😁 yah moga gantinya flagship 😇🤲,Stay A55.. masih enak jg dipakai.. kyknya 2028 baru masa ganti 😁 yah moga gantinya flagship 😇🤲,stay a55 masih enak juga pakai kyknya 2028 baru masa ganti yah moga ganti flagship
"1:41 Niat banget sindir upgradenya A57, sampe catatannya sekecil itu 🤣🤣","1:41 Niat banget sindir upgradenya A57, sampe catatannya sekecil itu 🤣🤣",41 niat banget sindir upgradenya a57 sampe catat kecil
"Buset saya make A55 berasa ketingalan , cepet bener","Buset saya make A55 berasa ketingalan , cepet bener",buset make a55 asa ketingalan cepet bener
Tim kaga nonton beli😢,Tim kaga nonton beli😢,tim kaga nonton beli
Wallpaper nya iphone 17 basic😅,Wallpaper nya iphone 17 basic😅,wallpaper iphone 17 basic
"Maaf ajah udah move on dari samsung. Mulai saya punya s20u, s21+, s21fe, s22u, s23+ semua kena light siber alias green line. Terakahir yah itu s23+. Sekarang pakai 16 promax ajah","Maaf ajah udah move on dari samsung. Mulai saya punya s20u, s21+, s21fe, s22u, s23+ semua kena light siber alias green line. Terakahir yah itu s23+. Sekarang pakai 16 promax ajah",maaf ajah move on samsung mulai punya s20u s21 s21fe s22u s23 semua kena light siber alias green line terakahir yah s23 sekarang pakai 16 promax ajah
"Masih setia nontonin ko David pake A52s, alhamdulillahhhh awetttt","Masih setia nontonin ko David pake A52s, alhamdulillahhhh awetttt",masih setia nontonin ko david pake a52s alhamdulillahhhh awetttt
Inget pakai A3 thn 2014,Inget pakai A3 thn 2014,inget pakai a3 thn 2014
Baru kali ini david terlihat kecewa dan tidak bersemangat ngebahas seri A5...,Baru kali ini david terlihat kecewa dan tidak bersemangat ngebahas seri A5...,baru kali david lihat kecewa tidak semangat ngebahas seri a5
Keburu ambil A56 😭😭,Keburu ambil A56 😭😭,keburu ambil a56
"Ampas mulu , harga , spek ga ngotak, bntr lagi harga drop bgt wkkw","Ampas mulu , harga , spek ga ngotak, bntr lagi harga drop bgt wkkw",ampas mulu harga spesifikasi tidak ngotak bntr lagi harga drop banget wkkw
"bang,gmn caranya ngatasin hp samsung a16 yg sensor sidik jari sampingnya gk bisa ngebaca sidik jari,udh dilakuin semua cara tetep gk mau,kalopun mau itu pernah sekali sekali dan itupun hrus ngulang lakuin caranya","bang,gmn caranya ngatasin hp samsung a16 yg sensor sidik jari sampingnya gk bisa ngebaca sidik jari,udh dilakuin semua cara tetep gk mau,kalopun mau itu pernah sekali sekali dan itupun hrus ngulang lakuin caranya",gmn cara ngatasin handphone samsung a16 sensor sidik jari samping tidak ngebaca sidik jari dilakuin semua cara tetep tidak mau kalo mau pernah sekali sekali itu hrus ngulang lakuin cara
Udh Kapok Beli samsung..beli A56 Ga dapet charger pelit di jual terpisah Harga Mahal kgak awet kbel datany ...skr kluar lg A57 sori yee udh KAPOK,Udh Kapok Beli samsung..beli A56 Ga dapet charger pelit di jual terpisah Harga Mahal kgak awet kbel datany ...skr kluar lg A57 sori yee udh KAPOK,kapok beli samsung beli a56 tidak dapet charger pelit jual pisah harga mahal kgak awet kbel datany skr kluar lg a57 sori yee kapok
"Percayalah sejelek2nya loe review merk ini, mereka tetap dilirik banyak orang","Percayalah sejelek2nya loe review merk ini, mereka tetap dilirik banyak orang",percaya sejelek2nya loe review merk tetap lirik banyak orang
Takut beli HP produk Samsung nanti kena GREEN LINE,Takut beli HP produk Samsung nanti kena GREEN LINE,takut beli handphone produk samsung nanti kena green line
Gw nontonnya pake A56😂,Gw nontonnya pake A56😂,gw nontonnya pake a56
wow,wow,wow
"A57 terlalu maksa terbit yee... 
Sejauh ini masih stay di A56 aja 😂",A57 terlalu maksa terbit yee... Sejauh ini masih stay di A56 aja 😂,a57 terlalu maksa terbit yee jauh masih stay a56
Malah ngantuk 😂,Malah ngantuk 😂,malah ngantuk
samsung kena ulti sama David hanya dengan secuil kertas list upgrade😅😅😅,samsung kena ulti sama David hanya dengan secuil kertas list upgrade😅😅😅,samsung kena ulti sama david hanya cuil kertas list upgrade
Nonton sambil rebahan pakai samsung A33 5G😂,Nonton sambil rebahan pakai samsung A33 5G😂,nonton sambil rebah pakai samsung a33 5g
Akhirny fix ganti merk,Akhirny fix ganti merk,akhirny fix ganti merk
Take notes nya pake kertas kecil satir banget😭😭😭😭,Take notes nya pake kertas kecil satir banget😭😭😭😭,take notes pake kertas kecil satir banget
"Sebenarnya pingin pake samsung lagi, tp trauma semenjak hp samsung aku hilang, bukan rusak tp krna hilang jadinya ganti hp, padahal biasanya awet hp sampai rusak baru ganti😢,. Emang berat punya hp bermerk.. Yg liat kadang punya niatan buruk😢","Sebenarnya pingin pake samsung lagi, tp trauma semenjak hp samsung aku hilang, bukan rusak tp krna hilang jadinya ganti hp, padahal biasanya awet hp sampai rusak baru ganti😢,. Emang berat punya hp bermerk.. Yg liat kadang punya niatan buruk😢",benar pingin pake samsung lagi trauma semenjak handphone samsung aku hilang bukan rusak krna hilang jadi ganti handphone padahal biasa awet handphone sampai rusak baru ganti emang berat punya handphone bermerk liat kadang punya niat buruk
Di ML bisa rata kanan gak tuh min?,Di ML bisa rata kanan gak tuh min?,ml rata kanan tidak tuh min
Suka aja nontonin review hp di chanel ini.. tapi nggak pernah ganti hp... masih bertahan dengan samsung s20fe... 😅😅,Suka aja nontonin review hp di chanel ini.. tapi nggak pernah ganti hp... masih bertahan dengan samsung s20fe... 😅😅,suka nontonin review handphone chanel tidak pernah ganti handphone masih tahan samsung s20fe
Tolonglah gaes jgn buru2 dibeli. Biar si samsnug ini sadar dulu sm saingan2 nya. Kesenengan mereka kalo terus2an diterima apa adanya gitu hanya karna merk ‘samsung’,Tolonglah gaes jgn buru2 dibeli. Biar si samsnug ini sadar dulu sm saingan2 nya. Kesenengan mereka kalo terus2an diterima apa adanya gitu hanya karna merk ‘samsung’,tolong gaes jgn buru2 beli si samsnug sadar dulu sama saingan2 neng terus2an terima apa ada gitu hanya karna merk samsung
"Akhirnya tayang jg di chanel ini,,,sngt dinanti-nanti.","Akhirnya tayang jg di chanel ini,,,sngt dinanti-nanti.",akhir tayang juga chanel sngt nanti nanti
Yg penting ngerekam video gak jitter seperti hp china,Yg penting ngerekam video gak jitter seperti hp china,penting ngerekam video tidak jitter seperti handphone china
Gua pake A55 hpnya berat banget cok,Gua pake A55 hpnya berat banget cok,gua pake a55 hpnya berat banget cok
Masih setia dengan a55 masih lamcar dan aman no macet macet,Masih setia dengan a55 masih lamcar dan aman no macet macet,masih setia a55 masih lamcar aman no macet macet
Min bahas hp Advan macha dong.,Min bahas hp Advan macha dong.,min bahas handphone advan macha dong
Xiaomi dh baguss apalgi seri note beeh cakp,Xiaomi dh baguss apalgi seri note beeh cakp,xiaomi dh baguss apalgi seri note beeh cakp
Masih setia sama samsung A51,Masih setia sama samsung A51,masih setia sama samsung a51
"Bg, buatin video rekomendasi laptop terbaik edisi 2026 doang, masih bingung tahun ini beli laptop apa!","Bg, buatin video rekomendasi laptop terbaik edisi 2026 doang, masih bingung tahun ini beli laptop apa!",bg buatin video rekomendasi laptop baik edisi 2026 doang masih bingung tahun beli laptop apa
Bang tolong review kan HP vivo Y05 yang katanya ini HP baru dengan harga 2jt an wort in gk buat main game kelas menengah?,Bang tolong review kan HP vivo Y05 yang katanya ini HP baru dengan harga 2jt an wort in gk buat main game kelas menengah?,tolong review kan handphone vivo y05 kata handphone baru harga 2jt an wort in tidak buat main game kelas tengah
Jaman sekarang udah liat mesin nya apa bukn merk nya apa,Jaman sekarang udah liat mesin nya apa bukn merk nya apa,jaman sekarang liat mesin apa bukn merk apa
Om bahas samsung a26 5G,Om bahas samsung a26 5G,om bahas samsung a26 5g
Info nyari samsung yang keluaran terbaru yg masih make ips dan chipset snapdragon.,Info nyari samsung yang keluaran terbaru yg masih make ips dan chipset snapdragon.,info nyari samsung keluar baru masih make ips chipset snapdragon
Gw pemuja samsung akhir ny pindah ke ip 17 😁,Gw pemuja samsung akhir ny pindah ke ip 17 😁,gw puja samsung akhir ny pindah ip 17
"Samsung ini ibarat kalo di mobil innova , gitu2 aja tapi ttp laku2 aja 😂","Samsung ini ibarat kalo di mobil innova , gitu2 aja tapi ttp laku2 aja 😂",samsung ibarat mobil innova gitu2 ttp laku2
Review Samsung galaxy tab S10 fe+ dong bang,Review Samsung galaxy tab S10 fe+ dong bang,review samsung galaxy tab s10 fe dong
"Aku udah beli yg kakaknya, A56 5G 😅
Belum jg dapet update apapun ,karena baru banget banget beli hahaha 😅","Aku udah beli yg kakaknya, A56 5G 😅 Belum jg dapet update apapun ,karena baru banget banget beli hahaha 😅",aku beli kakak a56 5g belum juga dapet update apa karena baru banget banget beli hahaha
Nunggu A60 ah....nanti bezzelnya lebih tipis dan simetris😂😂😂,Nunggu A60 ah....nanti bezzelnya lebih tipis dan simetris😂😂😂,nunggu a60 ah nanti bezzelnya lebih tipis simetris
Udah di masak sama Poco X8 pro MAX 😅,Udah di masak sama Poco X8 pro MAX 😅,masak sama poco x8 pro max
"Nonton ini masih pakai A55 yang udah dipake 2 tahun.dulu beli 5 jt an,ini a 57 udah tembus 7 jt keatas dengan upgrade secuil woilah","Nonton ini masih pakai A55 yang udah dipake 2 tahun.dulu beli 5 jt an,ini a 57 udah tembus 7 jt keatas dengan upgrade secuil woilah",nonton masih pakai a55 dipake tahun dulu beli jt an 57 tembus jt atas upgrade cuil woilah
A56 PRO nih..😅,A56 PRO nih..😅,a56 pro nih
bg buatkan rekomendasi hp 3 jutaan dong,bg buatkan rekomendasi hp 3 jutaan dong,bg buat rekomendasi handphone juta dong
Yg oenting ui nya tifak menjiplak dan gak ada iklan udah gw luas bgt pakai samsung,Yg oenting ui nya tifak menjiplak dan gak ada iklan udah gw luas bgt pakai samsung,oenting ui tifak jiplak tidak iklan gw luas banget pakai samsung
UPGRADE DI HARGANYA 😂😂😂 TERLALU GG,UPGRADE DI HARGANYA 😂😂😂 TERLALU GG,upgrade harga terlalu gg
tumben males nonton video GadgetIn saking ngga ada upgradenya ni HP wkwkwk,tumben males nonton video GadgetIn saking ngga ada upgradenya ni HP wkwkwk,tumben males nonton video gadgetin saking ngga upgradenya ni handphone wkwkwk
"Alhamdulillah udah beli,,, bagus BB bgt,, kamera mantap,,,,","Alhamdulillah udah beli,,, bagus BB bgt,, kamera mantap,,,,",alhamdulillah beli bagus bb banget kamera mantap
masih kedut kedut kalau buat ngerekam video😂...di harga yg dibawahnya fix mending X8 Pro max😅,masih kedut kedut kalau buat ngerekam video😂...di harga yg dibawahnya fix mending X8 Pro max😅,masih kedut kedut buat ngerekam video harga bawah fix mending x8 pro max
emang dia ngedukung infinix semua produk selalu di rendahin,emang dia ngedukung infinix semua produk selalu di rendahin,emang dia ngedukung infinix semua produk selalu rendahin
"Pengguna Galaxy A70 dari review bang David, awet sampe sekarang, memorinya aja yg harus rajin bersih², selebihnya josss","Pengguna Galaxy A70 dari review bang David, awet sampe sekarang, memorinya aja yg harus rajin bersih², selebihnya josss",guna galaxy a70 review david awet sampe sekarang memori harus rajin bersih lebih josss
Saya dapet 12/256 6.9 di shope hoki banget 😅😅,Saya dapet 12/256 6.9 di shope hoki banget 😅😅,dapet 12 256 shope hoki banget
"Belakangnya rawan mengelupas,jadi nggak anti air lagi.😂","Belakangnya rawan mengelupas,jadi nggak anti air lagi.😂",belakang rawan kelupas jadi tidak anti air lagi
review samsung a37 juga dong bang david,review samsung a37 juga dong bang david,review samsung a37 juga dong david
Series A5 paling tidak worth it 😁😁,Series A5 paling tidak worth it 😁😁,series a5 paling tidak bagus
Samsung a17 5g nyimak aja dah😅,Samsung a17 5g nyimak aja dah😅,samsung a17 5g nyimak dah
"Ibarat motor, samsung ini honda.","Ibarat motor, samsung ini honda.",ibarat motor samsung honda
"Ayok Samsung
Software lu udh mantap
Tinggal push lagi di bidang lainnya 😅",Ayok Samsung Software lu udh mantap Tinggal push lagi di bidang lainnya 😅,ayok samsung software lu mantap tinggal push lagi bidang lain
Sebagai user A50an mending lompat per 5 angka 😂,Sebagai user A50an mending lompat per 5 angka 😂,bagai user a50an mending lompat per angka
Ga nyesel beli a56 pas a57 mau keluar. Wkwkekw,Ga nyesel beli a56 pas a57 mau keluar. Wkwkekw,tidak nyesel beli a56 pas a57 mau keluar wkwkekw
masa antutu segitu ml rata kanan masih gak bisa stabil wkwkw,masa antutu segitu ml rata kanan masih gak bisa stabil wkwkw,masa antutu segitu ml rata kanan masih tidak stabil wkwkw
Tahun depan turun harga lagi😅,Tahun depan turun harga lagi😅,tahun depan turun harga lagi
"Saking banyak nya upgrade, kertasnya kecil ya vid 😂","Saking banyak nya upgrade, kertasnya kecil ya vid 😂",saking banyak upgrade kertas kecil vid
"dulu sempet punya seri samsung A56, nyesel beli karena pas foto dokumen atau kertas yg banyak tulisan berasa ngeblur wkwk","dulu sempet punya seri samsung A56, nyesel beli karena pas foto dokumen atau kertas yg banyak tulisan berasa ngeblur wkwk",dulu sempet punya seri samsung a56 nyesel beli karena pas foto dokumen kertas banyak tulis asa ngeblur wkwk
gua Alhamdulillah masih pake Oppo k3 udh mau 8thn udh 3x ganti LCD 😅,gua Alhamdulillah masih pake Oppo k3 udh mau 8thn udh 3x ganti LCD 😅,gua alhamdulillah masih pake oppo k3 mau 8thn 3x ganti lcd
"Setiap manusia itu Mempunyai segi fisik Karakter yg berbeda² , begitu juga SELERA yah mau beli atau tidak mau bersyukur atau tidak terserah selera MASING MASING","Setiap manusia itu Mempunyai segi fisik Karakter yg berbeda² , begitu juga SELERA yah mau beli atau tidak mau bersyukur atau tidak terserah selera MASING MASING",tiap manusia punya segi fisik karakter beda begitu juga selera yah mau beli tidak mau syukur tidak serah selera masing masing
Lah belum wireless charging,Lah belum wireless charging,lah belum wireless charging
A05s nyimak🗿,A05s nyimak🗿,a05s nyimak
Bikin video battle dong samsung A57 sama ip 14,Bikin video battle dong samsung A57 sama ip 14,bikin video battle dong samsung a57 sama ip 14
"Demi Beli Samsung A56 ,saya jual Vivo V29 dan Jujur Cukup Puas sih dengan hp Samsung lemahnya cuma hasil kamera dan ngecas lama,selebihnya Recomended❤","Demi Beli Samsung A56 ,saya jual Vivo V29 dan Jujur Cukup Puas sih dengan hp Samsung lemahnya cuma hasil kamera dan ngecas lama,selebihnya Recomended❤",demi beli samsung a56 jual vivo v29 jujur cukup puas sih handphone samsung lemah cuma hasil kamera ngecas lama lebih recomended
Gak bakal beli samsung lagi. Beli a13 dulu masih harga 2.5juta dibandingin sama infinix yang harganya 2.5juga ya allah beda jauh. Trus memang sekarang udah upgrade ya tetep aja gak mau beli. Paling sebel sama camera kalau minus cahaya. Burik banget.,Gak bakal beli samsung lagi. Beli a13 dulu masih harga 2.5juta dibandingin sama infinix yang harganya 2.5juga ya allah beda jauh. Trus memang sekarang udah upgrade ya tetep aja gak mau beli. Paling sebel sama camera kalau minus cahaya. Burik banget.,tidak bakal beli samsung lagi beli a13 dulu masih harga 5juta dibandingin sama infinix harga 5juga allah beda jauh trus memang sekarang upgrade tetep tidak mau beli paling sebel sama camera minus cahaya burik banget
"Apa kelebihan A57 ?
“Desain aja sih”",Apa kelebihan A57 ? “Desain aja sih”,apa lebih a57 desain sih
Review oppo find x9 ultra dong bang dafid,Review oppo find x9 ultra dong bang dafid,review oppo find x9 ultra dong dafid
Bismillah bisa punya A57 tahun ini,Bismillah bisa punya A57 tahun ini,bismillah punya a57 tahun
"bang, pake jam tangan apa 🙏","bang, pake jam tangan apa 🙏",pake jam tangan apa
Review bang samsung A57 vs A37,Review bang samsung A57 vs A37,review samsung a57 vs a37
Harusnya harganya kisaran 6 jt an,Harusnya harganya kisaran 6 jt an,harus harga kisar jt an
Masih setia A53 dr 4 th lalu 😎,Masih setia A53 dr 4 th lalu 😎,masih setia a53 th lalu
"dari pengguna setia xiomai mau nyoba pindah ke samsung, niat nungguin a57 kirain upgrade lebih mayor dari a56 ee tp malah ngebadut

saran hp buat ngonten, bisa game ,baterai awet di hrga 6-7 jutaan?","dari pengguna setia xiomai mau nyoba pindah ke samsung, niat nungguin a57 kirain upgrade lebih mayor dari a56 ee tp malah ngebadut saran hp buat ngonten, bisa game ,baterai awet di hrga 6-7 jutaan?",guna setia xiomai mau nyoba pindah samsung niat nungguin a57 kirain upgrade lebih mayor a56 ee malah ngebadut saran handphone buat ngonten game baterai awet hrga juta
alhamdulillah A50s saya masih bagus ini...,alhamdulillah A50s saya masih bagus ini...,alhamdulillah a50s masih bagus
Yang nonton pakai samsung a50s ngumpul sini,Yang nonton pakai samsung a50s ngumpul sini,nonton pakai samsung a50s ngumpul sini
"Nanggung kalo beli A57, apalagi ROM nya di Indo gk ad yg 512GB, harga segitu aku pribadi merasa rugi, sangat disayangkan.. 

Kalo sabar lebih baik nunggu S26 FE dulu rilis, baru bandingin nantinya","Nanggung kalo beli A57, apalagi ROM nya di Indo gk ad yg 512GB, harga segitu aku pribadi merasa rugi, sangat disayangkan.. Kalo sabar lebih baik nunggu S26 FE dulu rilis, baru bandingin nantinya",nanggung beli a57 apalagi rom indo tidak ad 512gb harga segitu aku pribadi rasa rugi sangat sayang sabar lebih baik nunggu s26 fe dulu rilis baru bandingin nanti
Saya masih pakai Samsung A 51 bang belum rusak dari 2019 - 2026,Saya masih pakai Samsung A 51 bang belum rusak dari 2019 - 2026,masih pakai samsung 51 belum rusak 2019 2026
"gw user A54, tungguin 3 tahun buat A57, ehh upgrade nya gitu aja wkkww","gw user A54, tungguin 3 tahun buat A57, ehh upgrade nya gitu aja wkkww",gw user a54 tungguin tahun buat a57 ehh upgrade gitu wkkww
"Baru seminggu beli samsung a56 beli di harga 6,8 juta free adptor 25 w hrg samsung naik rupa nya","Baru seminggu beli samsung a56 beli di harga 6,8 juta free adptor 25 w hrg samsung naik rupa nya",baru minggu beli samsung a56 beli harga juta free adptor 25 hrg samsung naik rupa
Mendang Mending dengan POCO 8X Pro Max,Mendang Mending dengan POCO 8X Pro Max,dang mending poco 8x pro max
"samsung itu layar midrange nya seperti seperti pejabat kita plenger semua soal bezel, tebel gpp sih asal simetris ini masih aja demen sama dagu thanos","samsung itu layar midrange nya seperti seperti pejabat kita plenger semua soal bezel, tebel gpp sih asal simetris ini masih aja demen sama dagu thanos",samsung layar midrange seperti seperti jabat plenger semua soal bezel tebel gpp sih asal simetris masih demen sama dagu thanos
masih pake A73 sampe sekarang 😂😂,masih pake A73 sampe sekarang 😂😂,masih pake a73 sampe sekarang
Ga ada aura auranya samsung,Ga ada aura auranya samsung,tidak aura aura samsung
"Nonton ini pake Samsung A56. Penggemar Samsung mulai Core Duos, J7 Prime, A50, A52 dan A56. :)","Nonton ini pake Samsung A56. Penggemar Samsung mulai Core Duos, J7 Prime, A50, A52 dan A56. :)",nonton pake samsung a56 gemar samsung mulai core duos j7 prime a50 a52 a56
Masih setia di A73 5G 2022❤,Masih setia di A73 5G 2022❤,masih setia a73 5g 2022
aku sudah Nyaman banget di coloros nya oppo. gakda niatan sama sekali buat lirik merk lain. krn coloros nya oppo senyaman itu. gkda lawan.,aku sudah Nyaman banget di coloros nya oppo. gakda niatan sama sekali buat lirik merk lain. krn coloros nya oppo senyaman itu. gkda lawan.,aku nyaman banget coloros oppo gakda niat sama sekali buat lirik merk lain karena coloros oppo nyaman gkda lawan
"Sebenernya a52s sudah cukup.
Cuman backdoor nya aja yg rawan lepas 🤣",Sebenernya a52s sudah cukup. Cuman backdoor nya aja yg rawan lepas 🤣,sebenernya a52s cukup cuman backdoor rawan lepas
apakah aman dari pedang starwars???????,apakah aman dari pedang starwars???????,apakah aman pedang starwars
"Rencana mau naik ke Serie A terbaru.. liat harga aduh

Bertahan dulu deh masih di A72😅",Rencana mau naik ke Serie A terbaru.. liat harga aduh Bertahan dulu deh masih di A72😅,rencana mau naik serie baru liat harga aduh tahan dulu deh masih a72
"Bang bahas samsung a06 yg di update malah gk bisa di pake.
Touchscreen eror, charger eror dan juga kamera eror.
A06 android 16
Kok samsung jadi hp sampah yaa","Bang bahas samsung a06 yg di update malah gk bisa di pake. Touchscreen eror, charger eror dan juga kamera eror. A06 android 16 Kok samsung jadi hp sampah yaa",bahas samsung a06 update malah tidak pake touchscreen eror charger eror juga kamera eror a06 android 16 kok samsung jadi handphone sampah yaa
Sedang menunggu hp rilisan baru yang balikin port earphone jack😢😊,Sedang menunggu hp rilisan baru yang balikin port earphone jack😢😊,sedang tunggu handphone rilis baru balikin port earphone jack
Semoga samsung A37 nanti upgradenya lebih banyak dari A57 ya plisss Samsuung 🙏,Semoga samsung A37 nanti upgradenya lebih banyak dari A57 ya plisss Samsuung 🙏,moga samsung a37 nanti upgradenya lebih banyak a57 plisss samsuung
"Dari a54 Menunggu begitu lama kehadiran a57 tapi hasilnya kurang memuaskan ,dan akhirnya lebih milih Iqoo 15R","Dari a54 Menunggu begitu lama kehadiran a57 tapi hasilnya kurang memuaskan ,dan akhirnya lebih milih Iqoo 15R",a54 tunggu begitu lama hadir a57 hasil kurang muas akhir lebih milih iqoo 15r
Masih stay di samsung A54  dan buat nonton  juga,Masih stay di samsung A54 dan buat nonton juga,masih stay samsung a54 buat nonton juga
INFINIX NOT 60 ULTRA dong bng david 🙏,INFINIX NOT 60 ULTRA dong bng david 🙏,infinix not 60 ultra dong bng david
Masih setia sama Samsung M15 5g,Masih setia sama Samsung M15 5g,masih setia sama samsung m15 5g
1:00,1:00,00
Bang review Samsung a37,Bang review Samsung a37,review samsung a37
mantap,mantap,mantap
Review Oppo Reno 15 bang?,Review Oppo Reno 15 bang?,review oppo reno 15
bang kapan unboxing tecno camon 50 pro 5g nya,bang kapan unboxing tecno camon 50 pro 5g nya,kapan unboxing tecno camon 50 pro 5g
YAKIN KEDEPAN NYA SAMSUNG BAKAL KAYA NOKIA,YAKIN KEDEPAN NYA SAMSUNG BAKAL KAYA NOKIA,yakin depan samsung bakal kaya nokia
Samsung kek nokia keenakan di posisinya,Samsung kek nokia keenakan di posisinya,samsung kek nokia enak posisi
MASIH TRAUMA SAMA GREEN LIGHT NYA 😢,MASIH TRAUMA SAMA GREEN LIGHT NYA 😢,masih trauma sama green light
Nonton ini pake A30s 🤣,Nonton ini pake A30s 🤣,nonton pake a30s
No debat sih A55 paling pas di kelasnya.😊,No debat sih A55 paling pas di kelasnya.😊,no debat sih a55 paling pas kelas
Apsen doang 2028 balik ke sini lagi .,Apsen doang 2028 balik ke sini lagi .,apsen doang 2028 balik sini lagi
"aku pengguna samsung dari awal galaxy mini awal keluar sampai sekarang, menurutku samsung itu hpnya enak banget, soalnya ram.nya gak gampang penuh","aku pengguna samsung dari awal galaxy mini awal keluar sampai sekarang, menurutku samsung itu hpnya enak banget, soalnya ram.nya gak gampang penuh",aku guna samsung awal galaxy mini awal keluar sampai sekarang turut samsung hpnya enak banget soal ram tidak gampang penuh
Penerus nokia,Penerus nokia,terus nokia
A55 hadir😂😂,A55 hadir😂😂,a55 hadir
Bg sesekali dong review beberapa tab/pad/ipad/yg gede2 lah layar nya😅😅😅,Bg sesekali dong review beberapa tab/pad/ipad/yg gede2 lah layar nya😅😅😅,bg sekal dong review beberapa tab pad ipad gede2 lah layar
terno camon 50 bang,terno camon 50 bang,terno camon 50
Samsung galaxy A57 Gak bagus,Samsung galaxy A57 Gak bagus,samsung galaxy a57 tidak bagus
bang review infinix gt 50 pro,bang review infinix gt 50 pro,review infinix gt 50 pro
Mending Poco yang terbaru lebih gacor!,Mending Poco yang terbaru lebih gacor!,mending poco baru lebih gacor
"Enak nih kameranya buat ngonten YouTube saya,,nabung dulu karena masih pake hp lama 🤲","Enak nih kameranya buat ngonten YouTube saya,,nabung dulu karena masih pake hp lama 🤲",enak nih kamera buat ngonten youtube nabung dulu karena masih pake handphone lama
Bikin perbandingan dengan techno camon 50 pro 5g bang,Bikin perbandingan dengan techno camon 50 pro 5g bang,bikin banding techno camon 50 pro 5g
Bye bye Samsung you're just like Nokia and blackberry used to ....👋👋👋👋,Bye bye Samsung you're just like Nokia and blackberry used to ....👋👋👋👋,bye bye samsung you re just like nokia and blackberry used to
"User a55 ,tapii suka bgt nungguin a5 berapa lagi yang bakal nongoll 🫶🏻🤟🏻","User a55 ,tapii suka bgt nungguin a5 berapa lagi yang bakal nongoll 🫶🏻🤟🏻",user a55 tapi suka banget nungguin a5 berapa lagi bakal nongoll
"Berasa dejavu kyk dulu release a53 setelah a52s/a52s,seri selanjutnya malah kocak😂","Berasa dejavu kyk dulu release a53 setelah a52s/a52s,seri selanjutnya malah kocak😂",asa dejavu kyk dulu release a53 telah a52s a52s seri lanjut malah kocak
"Kmarin jadinya beli honor 200 pro lagi promo jadi 6 jt, sudah 512 + lensa tele foto","Kmarin jadinya beli honor 200 pro lagi promo jadi 6 jt, sudah 512 + lensa tele foto",kmarin jadi beli honor 200 pro lagi promo jadi jt 512 lensa tele foto
Bang Bahas HP TECNO CALON 50 SERIES BANG,Bang Bahas HP TECNO CALON 50 SERIES BANG,bahas handphone tecno calon 50 series
Apalah dayaku masih pake A50 android 10 menonton video ini 😢,Apalah dayaku masih pake A50 android 10 menonton video ini 😢,apa daya masih pake a50 android 10 tonton video
Harganya gilaaa...,Harganya gilaaa...,harga gilaaa
"Asli Selama ke CP gak pernah ketemu si David disini ini ya. Pdhal aku sering bgt ke CP, kadang hampir tiap hari makan dan jajan😂😂","Asli Selama ke CP gak pernah ketemu si David disini ini ya. Pdhal aku sering bgt ke CP, kadang hampir tiap hari makan dan jajan😂😂",asli lama cp tidak pernah ketemu si david sini pdhal aku sering banget cp kadang hampir tiap hari makan jajan
Bg bandingin HP iqoo 15R sama poco x8pro max full spesifikasi gimana tanggapan nya bg david,Bg bandingin HP iqoo 15R sama poco x8pro max full spesifikasi gimana tanggapan nya bg david,bg bandingin handphone iqoo 15r sama poco x8pro max full spesifikasi gimana tanggap bg david
Tetap nonton walaupun gak beli 😂,Tetap nonton walaupun gak beli 😂,tetap nonton walaupun tidak beli
Nonton pake a56 😢,Nonton pake a56 😢,nonton pake a56
mantap min,mantap min,mantap min
Bang masih ada kah Tecno camon yg kaya Abang di kota sya udh susuah,Bang masih ada kah Tecno camon yg kaya Abang di kota sya udh susuah,masih kah tecno camon kaya abang kota sya susuah
Biasa pakai Samsung pakai redmi GK enak ada yg kurang,Biasa pakai Samsung pakai redmi GK enak ada yg kurang,biasa pakai samsung pakai redmi tidak enak kurang
Lama2 sampe A100 😂 A tak terhingga.,Lama2 sampe A100 😂 A tak terhingga.,lama2 sampe a100 tak hingga
semoga dapat kebeli,semoga dapat kebeli,moga dapat kebel
berharap ada hp murah samsung yg jidatnya g itu2 aja,berharap ada hp murah samsung yg jidatnya g itu2 aja,harap handphone murah samsung jidat itu2
A14 5G  fitur lengkap ada NFC,A14 5G fitur lengkap ada NFC,a14 5g fitur lengkap nfc
"12:00 tiba-tiba banget ""piro""","12:00 tiba-tiba banget ""piro""",12 00 tiba tiba banget piro
kapan comon 50 bg,kapan comon 50 bg,kapan comon 50 bg
harga mendekati s25fe,harga mendekati s25fe,harga dekat s25fe
bang riveiw IEM pliss,bang riveiw IEM pliss,riveiw iem pliss
Poco : WKWKWK . PUNCAK KOMEDI 😂 midrange kok ngelawak mulu,Poco : WKWKWK . PUNCAK KOMEDI 😂 midrange kok ngelawak mulu,poco wkwkwk puncak komedi midrange kok ngelawak mulu
masih nonton pake A52s,masih nonton pake A52s,masih nonton pake a52s
review tab Advan a10 bangg,review tab Advan a10 bangg,review tab advan a10 bangg
"Samsung emang bagus, tapi yang bikin kesel ama nyesek aplikasi bawaan banyak yang gak berguna, beda jauh sama sony,  andai saja aplikasi bawaan samsung itu sama kaya sony 🙃🙃🙃","Samsung emang bagus, tapi yang bikin kesel ama nyesek aplikasi bawaan banyak yang gak berguna, beda jauh sama sony, andai saja aplikasi bawaan samsung itu sama kaya sony 🙃🙃🙃",samsung emang bagus bikin kesel ama nyesek aplikasi bawa banyak tidak guna beda jauh sama sony andai aplikasi bawa samsung sama kaya sony
"Gw yg masih pakai Samsung A22 aja masih worth it pdhl udh lma itu hp , utk ngegame masih okelah sperti ML apalgi pakai hero fanny ya max 3-4 kabel sih wkwk","Gw yg masih pakai Samsung A22 aja masih worth it pdhl udh lma itu hp , utk ngegame masih okelah sperti ML apalgi pakai hero fanny ya max 3-4 kabel sih wkwk",gw masih pakai samsung a22 masih bagus pdhl lma handphone utk ngegame masih oke sperti ml apalgi pakai hero fanny max kabel sih wkwk
"Overprice, samsung jangan sampe kaya brand honda di segmen mobil yg akhirnya lesu dan tergantikan","Overprice, samsung jangan sampe kaya brand honda di segmen mobil yg akhirnya lesu dan tergantikan",overprice samsung jangan sampe kaya brand honda segmen mobil akhir lesu ganti
"Masih bertahan dengan a50s, karena masih nunggu a60","Masih bertahan dengan a50s, karena masih nunggu a60",masih tahan a50s karena masih nunggu a60
Topi toy story nya bagus koh 😅,Topi toy story nya bagus koh 😅,topi toy story bagus koh
"masih setia pakai A54....apakah sudah saatnya ganti A56 yg mirip A57 
😅😅😅",masih setia pakai A54....apakah sudah saatnya ganti A56 yg mirip A57 😅😅😅,masih setia pakai a54 apakah saat ganti a56 mirip a57
Bang Tecno camon 50 prp,Bang Tecno camon 50 prp,tecno camon 50 prp
"Masih pake Samsung A50S, alhamdulillah masih berfungsi dengan baik","Masih pake Samsung A50S, alhamdulillah masih berfungsi dengan baik",masih pake samsung a50s alhamdulillah masih fungsi baik
Bakal kena Light Saber gak yah kalo lama2,Bakal kena Light Saber gak yah kalo lama2,bakal kena light saber tidak yah lama2
"Mau ngambil A56, tp harga nggak turun jadi ambil A57 + galaxi fit 3 joass","Mau ngambil A56, tp harga nggak turun jadi ambil A57 + galaxi fit 3 joass",mau ngambil a56 harga tidak turun jadi ambil a57 galaxi fit joass
Tanggung nunggu A59 aja lah,Tanggung nunggu A59 aja lah,tanggung nunggu a59 lah
ini mah A56 facelift wkwk,ini mah A56 facelift wkwk,mah a56 facelift wkwk
"Dari kemarin bimbang terima kasih sudah menjawab diakhir video. 
Intinya ""kalo harga segitu mending samsung s25 FE""","Dari kemarin bimbang terima kasih sudah menjawab diakhir video. Intinya ""kalo harga segitu mending samsung s25 FE""",kemarin bimbang terima kasih jawab akhir video inti harga segitu mending samsung s25 fe
Bang reviwe hp nobia v80 udah masuk indo blum,Bang reviwe hp nobia v80 udah masuk indo blum,reviwe handphone nobia v80 masuk indo blum
As a user A55 liat A57 ini rerfreshing sih detailnya,As a user A55 liat A57 ini rerfreshing sih detailnya,as user a55 liat a57 rerfreshing sih detail
Riview Infinix Note 60 ULTRA By PininFarina bang limited editions soalnya,Riview Infinix Note 60 ULTRA By PininFarina bang limited editions soalnya,riview infinix note 60 ultra by pininfarina limited editions soal
Yang nonton sama samsung a55😢,Yang nonton sama samsung a55😢,nonton sama samsung a55
"busyet harga 8jutaa, dapet poco f8 coeg yang spek diatas segala nya wkwkwkwk","busyet harga 8jutaa, dapet poco f8 coeg yang spek diatas segala nya wkwkwkwk",busyet harga 8jutaa dapet poco f8 coeg spesifikasi atas segala wkwkwkwk
"A55,56,57,58,59, kalau belum pakai ROM 512, gak akan Aku Lirik, kareni ini dah oakai yabg ROM 256, ada notif Kapasitas dah penuh","A55,56,57,58,59, kalau belum pakai ROM 512, gak akan Aku Lirik, kareni ini dah oakai yabg ROM 256, ada notif Kapasitas dah penuh",a55 56 57 58 59 belum pakai rom 512 tidak akan aku lirik kareni dah oakai yabg rom 256 notif kapasitas dah penuh
Punya ku a56 kena air dikit lcd nya langsung pixel nya kena bg,Punya ku a56 kena air dikit lcd nya langsung pixel nya kena bg,punya ku a56 kena air dikit lcd langsung pixel kena bg
iphone yang paling worth it skrang apa ya,iphone yang paling worth it skrang apa ya,iphone paling bagus skrang apa
A55 ku masih awettt,A55 ku masih awettt,a55 ku masih awettt
aipon terworit tahun ini,aipon terworit tahun ini,aipon terworit tahun
Nonton pakai samsung m21 tahun 2019 niat hati pengen upgrade ke seri A tapi harga hp lagi naik ywd tahan dulu aja 😂,Nonton pakai samsung m21 tahun 2019 niat hati pengen upgrade ke seri A tapi harga hp lagi naik ywd tahan dulu aja 😂,nonton pakai samsung m21 tahun 2019 niat hati ken upgrade seri harga handphone lagi naik ywd tahan dulu
"Mentang-mentang a55 viral, a56 & a57 di goreng abis-abisan😂","Mentang-mentang a55 viral, a56 & a57 di goreng abis-abisan😂",mentang mentang a55 viral a56 a57 goreng abis abis
ga tau malu.. hp mahal perubahan hampir ga ada wkwkw,ga tau malu.. hp mahal perubahan hampir ga ada wkwkw,tidak tau malu handphone mahal ubah hampir tidak wkwkw
"mau tanya, knp belum ada brand yg berani design hp tanpa bezel seperti sharp Aquos 305sh","mau tanya, knp belum ada brand yg berani design hp tanpa bezel seperti sharp Aquos 305sh",mau tanya knp belum brand berani design handphone tanpa bezel seperti sharp aquos 305sh
nggk review tecno camon 50 pro 5g kk? hehehe,nggk review tecno camon 50 pro 5g kk? hehehe,nggk review tecno camon 50 pro 5g kk hehehe
yang beli A55 nonton ajaaaaa,yang beli A55 nonton ajaaaaa,beli a55 nonton ajaaaaa
menit 7 gw stop nonton. this is trash,menit 7 gw stop nonton. this is trash,menit gw stop nonton this is trash
KANG DEDI AJA PAKE SAMSUNG A56 ❤❤❤,KANG DEDI AJA PAKE SAMSUNG A56 ❤❤❤,kang dedi pake samsung a56
"Alhamdulillah masih setia sama A55
Liat update an agar tau sampai dimana perkembangannya
Yaah rupanya gak terlalu signifikan😅",Alhamdulillah masih setia sama A55 Liat update an agar tau sampai dimana perkembangannya Yaah rupanya gak terlalu signifikan😅,alhamdulillah masih setia sama a55 liat update an agar tau sampai mana kembang yaah rupa tidak terlalu signifikan
"Waktu yang tepat buat beli A55 bekas, atau kalau masih ada unit New Garansi, harga kalau turun jauh boleh sih👍","Waktu yang tepat buat beli A55 bekas, atau kalau masih ada unit New Garansi, harga kalau turun jauh boleh sih👍",waktu tepat buat beli a55 bekas masih unit new garansi harga turun jauh boleh sih
Knpa Samsung kalah di batre yg lebih cepat panas juga line di layar...hp lain biasa² aja di pake jangka 2/3 tahun tpi Samsung ini beda.,Knpa Samsung kalah di batre yg lebih cepat panas juga line di layar...hp lain biasa² aja di pake jangka 2/3 tahun tpi Samsung ini beda.,knpa samsung kalah batre lebih cepat panas juga line layar handphone lain biasa pake jangka tahun tpi samsung beda
"Nonton pake samsung a54,nantilah tunggu sekennya baru tak ganti ke a57 😂","Nonton pake samsung a54,nantilah tunggu sekennya baru tak ganti ke a57 😂",nonton pake samsung a54 nanti tunggu ken baru tak ganti a57
"Disusupi app zionis dan blm ada tele, 7 jutaan mending 15T sekalian

Good riddance Samsung, mungkin A25 ini jadi unit Samsung pertama dan terakhir buat gua","Disusupi app zionis dan blm ada tele, 7 jutaan mending 15T sekalian Good riddance Samsung, mungkin A25 ini jadi unit Samsung pertama dan terakhir buat gua",susup app zionis blm tele juta mending 15t sekali good riddance samsung mungkin a25 jadi unit samsung pertama akhir buat gua
"drpd beli midrange mending beli iphone lawas baru yg paling murah ""kalo ada bujet""","drpd beli midrange mending beli iphone lawas baru yg paling murah ""kalo ada bujet""",drpd beli midrange mending beli iphone lawas baru paling murah bujet
Masih nyaman pake samsung m23 5g❤,Masih nyaman pake samsung m23 5g❤,masih nyaman pake samsung m23 5g
Masih setia pakai A52 S😂😂😂 dengan banyak kendala,Masih setia pakai A52 S😂😂😂 dengan banyak kendala,masih setia pakai a52 banyak kendala
"Bang, kamera ultra widenya 12 MP atau 13 MP?","Bang, kamera ultra widenya 12 MP atau 13 MP?",kamera ultra widenya 12 mp 13 mp
Kayaknya sih klo samsung A57 speknya mau kyak brand lain ujung²nya ngurangin update software 3+4 atau 4+4 jadinya bukan 7+7 lagi,Kayaknya sih klo samsung A57 speknya mau kyak brand lain ujung²nya ngurangin update software 3+4 atau 4+4 jadinya bukan 7+7 lagi,kayak sih klo samsung a57 speknya mau kyak brand lain ujung ngurangin update software jadi bukan lagi
"Tahun ini aku pindah ke redmi🤭 selama ini samsung terus wlw yg murah, bukan yg begini🤭🤭🤭","Tahun ini aku pindah ke redmi🤭 selama ini samsung terus wlw yg murah, bukan yg begini🤭🤭🤭",tahun aku pindah redmi lama samsung terus wlw murah bukan begini
pas udah beli a57 lalu rilis lagi a58 nanti rilis lagi a59. Inilah Alasan gw males beli hp kecuali klo dibelikan gadgetin BARU SAYA MAU 🤣🤣🤣🤣,pas udah beli a57 lalu rilis lagi a58 nanti rilis lagi a59. Inilah Alasan gw males beli hp kecuali klo dibelikan gadgetin BARU SAYA MAU 🤣🤣🤣🤣,pas beli a57 lalu rilis lagi a58 nanti rilis lagi a59 ini alas gw males beli handphone kecuali klo beli gadgetin baru mau
Bang Oppo Reno 15 pro max mna????????,Bang Oppo Reno 15 pro max mna????????,oppo reno 15 pro max mna
Ini harga 4  jutaan si cocok,Ini harga 4 jutaan si cocok,harga juta si cocok
Nontonnya pakai Samsung A52 4G,Nontonnya pakai Samsung A52 4G,nontonnya pakai samsung a52 4g
"Midrange tetaplah midrange, kamera bosok & jitter🙏🏻","Midrange tetaplah midrange, kamera bosok & jitter🙏🏻",midrange tetap midrange kamera bosok jitter
"gw jadi curiga, a57 jadi tumbal nya s25fe😂 kaya teknik marketing s25 edge. mirip yang dilakukan mcdonald","gw jadi curiga, a57 jadi tumbal nya s25fe😂 kaya teknik marketing s25 edge. mirip yang dilakukan mcdonald",gw jadi curiga a57 jadi tumbal s25fe kaya teknik marketing s25 edge mirip laku mcdonald
Yo ambil s24 reguler lah harga segini.,Yo ambil s24 reguler lah harga segini.,yo ambil s24 reguler lah harga gin
terlalu nyaman di atas sampe gk sadar saingan nya udh diposisi paling atas 😂,terlalu nyaman di atas sampe gk sadar saingan nya udh diposisi paling atas 😂,terlalu nyaman atas sampe tidak sadar saing posisi paling atas
Oh aja sih untuk A57,Oh aja sih untuk A57,oh sih a57
"Samsung ini di sisi lain juga pinter. Dengan ""sedikitnya"" upgrade di a57, calon pembeli samsung tentu lebih milih s25fe. Buat user a3 series dan a55 kebawah yg ngerasa ngga begitu butuh s25fe ya beli a57 ini udah cukup. Kalau user a56 kayaknya masih mending dipake aja dulu hpnya, masih ada update system juga. Kalo mau upgrade ya ntar di s26fe, kalo ngerasa kemahalan ya s25plus atau s25fe juga masih oke.","Samsung ini di sisi lain juga pinter. Dengan ""sedikitnya"" upgrade di a57, calon pembeli samsung tentu lebih milih s25fe. Buat user a3 series dan a55 kebawah yg ngerasa ngga begitu butuh s25fe ya beli a57 ini udah cukup. Kalau user a56 kayaknya masih mending dipake aja dulu hpnya, masih ada update system juga. Kalo mau upgrade ya ntar di s26fe, kalo ngerasa kemahalan ya s25plus atau s25fe juga masih oke.",samsung sisi lain juga pinter sedikit upgrade a57 calon beli samsung tentu lebih milih s25fe buat user a3 series a55 bawah ngerasa ngga begitu butuh s25fe beli a57 cukup user a56 kayak masih mending dipake dulu hpnya masih update system juga mau upgrade ntar s26fe ngerasa mahal s25plus s25fe juga masih oke
Q jg pengguna samsng dr 2015 ampe skrng msi bertahn..tp smsung tu bndel uda costmr y komplen tp dcuekin gt...plit y menjdi'😂😂😂....tp tetp msi mw mke smsng...tw kn yg pengguna smsng..tetp sbr.,Q jg pengguna samsng dr 2015 ampe skrng msi bertahn..tp smsung tu bndel uda costmr y komplen tp dcuekin gt...plit y menjdi'😂😂😂....tp tetp msi mw mke smsng...tw kn yg pengguna smsng..tetp sbr.,juga guna samsng 2015 ampe skrng msi bertahn smsung tu bndel uda costmr komplen dcuekin gt plit menjdi tetp msi mw mke smsng tw kn guna smsng tetp sbr
Nyimak pecinta A,Nyimak pecinta A,nyimak cinta
"Paling ga lama, ada lightsaber lagi .. 😂","Paling ga lama, ada lightsaber lagi .. 😂",paling tidak lama lightsaber lagi
"kecewaaaa dengan samsung a57 kli ini, mau dibilang upgrade kyak gk upgrade🗿","kecewaaaa dengan samsung a57 kli ini, mau dibilang upgrade kyak gk upgrade🗿",kecewaaaa samsung a57 kli mau bilang upgrade kyak tidak upgrade
Bajet 2 juta buat ngojek. Hp apa yang cocok? Mohon bantuannya  🙏,Bajet 2 juta buat ngojek. Hp apa yang cocok? Mohon bantuannya 🙏,bajet juta buat ngojek handphone apa cocok mohon bantu
"Mohon bantuanya dong 🙏🏻

Saya pake samsung A52S padahal layar sdh saya kunci dg sidik jari & pola, sdh saya setting perlindungan dari sentuhan tdk sengaja. tapi saat di saku layar sering buka sendiri. 
Kira2 knapa ya?","Mohon bantuanya dong 🙏🏻 Saya pake samsung A52S padahal layar sdh saya kunci dg sidik jari & pola, sdh saya setting perlindungan dari sentuhan tdk sengaja. tapi saat di saku layar sering buka sendiri. Kira2 knapa ya?",mohon bantuanya dong pake samsung a52s padahal layar sdh kunci dg sidik jari pola sdh setting lindung sentuh tdk sengaja saat saku layar sering buka sendiri kira2 knapa
user 55 hereee,user 55 hereee,user 55 hereee
"kalian nonton chanel ini selama 10 video aja... pasti sedikit/banyaknya merasa lebih paham hp daripada seles hp yg di mall²🤣.. karena saat nonton ini, setidaknya ngerti apa itu Ufs, emmc, antutu, jenis chipset dll.. sementara seles lebih ngasih tau keunggulan sebuah hp tuh dari segi baterai, kamera, Ram, atau yg basic²... selera lo tentang hp jadi lebih tinggi kalo nonton ini awowkwkwk","kalian nonton chanel ini selama 10 video aja... pasti sedikit/banyaknya merasa lebih paham hp daripada seles hp yg di mall²🤣.. karena saat nonton ini, setidaknya ngerti apa itu Ufs, emmc, antutu, jenis chipset dll.. sementara seles lebih ngasih tau keunggulan sebuah hp tuh dari segi baterai, kamera, Ram, atau yg basic²... selera lo tentang hp jadi lebih tinggi kalo nonton ini awowkwkwk",kalian nonton chanel lama 10 video pasti sedikit banyak rasa lebih paham handphone daripada les handphone mall karena saat nonton tidak ngerti apa ufs emmc antutu jenis chipset dll sementara les lebih ngasih tau unggul handphone tuh segi baterai kamera ram basic selera lo tentang handphone jadi lebih tinggi nonton awowkwkwk
Masih pake A52s sampai saat ini,Masih pake A52s sampai saat ini,masih pake a52s sampai saat
Kapok bang beli Samsung seri A5.. 2x beli rusak teruuuss.. mending lompat ke seri S tp yg FE,Kapok bang beli Samsung seri A5.. 2x beli rusak teruuuss.. mending lompat ke seri S tp yg FE,kapok beli samsung seri a5 2x beli rusak teruuuss mending lompat seri fe
Hal utama yg buat samsung unggul tidak lain UI-nya.... dan AI-nya yg memang keren...,Hal utama yg buat samsung unggul tidak lain UI-nya.... dan AI-nya yg memang keren...,hal utama buat samsung unggul tidak lain ui ai memang bagus
Masih setia sma a55😊,Masih setia sma a55😊,masih setia sma a55
nonton video ini pake A54,nonton video ini pake A54,nonton video pake a54
Geloo harganya mendekati flagship,Geloo harganya mendekati flagship,geloo harga dekat flagship
jitter kameranya,jitter kameranya,jitter kamera
Ini Sih lebih tepat Samsung A 56S 🤣🤣🤣,Ini Sih lebih tepat Samsung A 56S 🤣🤣🤣,sih lebih tepat samsung 56s
Tim masih pakai A50s 😄😄,Tim masih pakai A50s 😄😄,tim masih pakai a50s
support voice isolation gak sih saat tlp? BIG DEAL banget itu,support voice isolation gak sih saat tlp? BIG DEAL banget itu,support voice isolation tidak sih saat tlp big deal banget
Seri A73 gak ada keluar lagi,Seri A73 gak ada keluar lagi,seri a73 tidak keluar lagi
"Ane kerja kantoran di sebuah negara di eropa barat, 50% lebih rekan kerja ane pake a50 series 🤣🤣🤣","Ane kerja kantoran di sebuah negara di eropa barat, 50% lebih rekan kerja ane pake a50 series 🤣🤣🤣",ane kerja kantor negara eropa barat 50 lebih rekan kerja ane pake a50 series
Samsung itu ibarat mobil totoya..cuma upgread grill depan saja.. tapi harga melejit...anehnya laris manis...itulah konoha merek lebih membuat kita PD..,Samsung itu ibarat mobil totoya..cuma upgread grill depan saja.. tapi harga melejit...anehnya laris manis...itulah konoha merek lebih membuat kita PD..,samsung ibarat mobil totoya cuma upgread grill depan harga lejit aneh laris manis itu konoha merek lebih buat pd
setidaknya desain belakang udah beda dari flagship,setidaknya desain belakang udah beda dari flagship,tidak desain belakang beda flagship
A54 masi lumayan di 2026😅,A54 masi lumayan di 2026😅,a54 mas lumayan 2026
"Kalo yg 8/256 harganya lewat 7juta, saya sebagai user samsul mungkin akan pindah ke xiaomi.
Bodoamat sama update sistem ampe 6tahun. Loncat jauh amat harganya dr a56 ke a57😅","Kalo yg 8/256 harganya lewat 7juta, saya sebagai user samsul mungkin akan pindah ke xiaomi. Bodoamat sama update sistem ampe 6tahun. Loncat jauh amat harganya dr a56 ke a57😅",256 harga lewat 7juta bagai user samsul mungkin akan pindah xiaomi bodoamat sama update sistem ampe 6tahun loncat jauh amat harga a56 a57
Score nya masih unggulan poco f6 yg rilis 3 tahun lalu...😂,Score nya masih unggulan poco f6 yg rilis 3 tahun lalu...😂,score masih unggul poco f6 rilis tahun lalu
Ga nyesel kemarin ambil A36 cuma 3.5jt secon baru 3bln😂 barunya sekarang 5jt yg A37 6jt malah 😂🗿,Ga nyesel kemarin ambil A36 cuma 3.5jt secon baru 3bln😂 barunya sekarang 5jt yg A37 6jt malah 😂🗿,tidak nyesel kemarin ambil a36 cuma 5jt secon baru 3bln baru sekarang 5jt a37 6jt malah
harga segitu gak ada telephoto dan  video hanya mentok 4k 30fps😂,harga segitu gak ada telephoto dan video hanya mentok 4k 30fps😂,harga segitu tidak telephoto video hanya mentok 4k 30fps
Nonton pake A52s,Nonton pake A52s,nonton pake a52s
Pengen update ke amolet samsung. Tpi takut green line 😢,Pengen update ke amolet samsung. Tpi takut green line 😢,ken update amolet samsung tpi takut green line
"Tahun lalu beli A56 karna liat video di Gadgetin, Tahun ini liat video A57 bener kurang menggairahkan stay di A56 aja deh 😂 tunggu tahun depan semoga samsung kasih gebrakan yg lumayan.","Tahun lalu beli A56 karna liat video di Gadgetin, Tahun ini liat video A57 bener kurang menggairahkan stay di A56 aja deh 😂 tunggu tahun depan semoga samsung kasih gebrakan yg lumayan.",tahun lalu beli a56 karna liat video gadgetin tahun liat video a57 bener kurang gairah stay a56 deh tunggu tahun depan moga samsung kasih gebrak lumayan
"suhu nya panas banget, calon calon 1-2 tahun kena lightsaber nih layarnya wkwkwk","suhu nya panas banget, calon calon 1-2 tahun kena lightsaber nih layarnya wkwkwk",suhu panas banget calon calon tahun kena lightsaber nih layar wkwkwk
"Pengguna samsung ini sebenernya kyk pengguna iphone. Walaupun updatenya dikit, ttp dipuja-puja (utk bbrapa org ttp dihujat sih ni 2 hp) 😂. Mengingat hp china lebih dpt fitur yg banyak ketimbang 2 hp ini, saya sebagai kaum mendang mending, beneran mending beli yg series lama aja soalnya lebih worth it (dgn catatan update hp barunya cuma saeutik).","Pengguna samsung ini sebenernya kyk pengguna iphone. Walaupun updatenya dikit, ttp dipuja-puja (utk bbrapa org ttp dihujat sih ni 2 hp) 😂. Mengingat hp china lebih dpt fitur yg banyak ketimbang 2 hp ini, saya sebagai kaum mendang mending, beneran mending beli yg series lama aja soalnya lebih worth it (dgn catatan update hp barunya cuma saeutik).",guna samsung sebenernya kyk guna iphone walaupun updatenya dikit ttp puja puja utk bbrapa org ttp hujat sih ni handphone ingat handphone china lebih dapat fitur banyak ketimbang handphone bagai kaum dang mending beneran mending beli series lama soal lebih bagus dgn catat update handphone baru cuma saeutik
"Emang bagus kamera nya, tapi gk cocok buat main game.","Emang bagus kamera nya, tapi gk cocok buat main game.",emang bagus kamera tidak cocok buat main game
"Gak ada satupun teman, kenalan dalam lingkungan kerja maupun lingkungan tempat tinggal yg pakai samsung 🙄","Gak ada satupun teman, kenalan dalam lingkungan kerja maupun lingkungan tempat tinggal yg pakai samsung 🙄",tidak satu teman kenal dalam lingkung kerja maupun lingkung tempat tinggal pakai samsung
Frame blum metal toh,Frame blum metal toh,frame blum metal toh
Saya tetep bertahan di A56 sampai 4 tahun ke depan .,Saya tetep bertahan di A56 sampai 4 tahun ke depan .,tetep tahan a56 sampai tahun depan
"Tetep milih samsung klo midrange karna gada iklan, hp chinese yg midrange msh ad iklan hehe","Tetep milih samsung klo midrange karna gada iklan, hp chinese yg midrange msh ad iklan hehe",tetep milih samsung klo midrange karna gada iklan handphone chinese midrange msh ad iklan hehe
Se7 A57 5G bagus body kren,Se7 A57 5G bagus body kren,se7 a57 5g bagus body kren
salfok sama harga pokemonnya kok nda masuk akal 8:26,salfok sama harga pokemonnya kok nda masuk akal 8:26,salfok sama harga pokemonnya kok nda masuk akal 26
"prasaan baru kemarin rilis A54. koq skrg udah A57 aje buset dah, cepet bgt nih dunia per hp an","prasaan baru kemarin rilis A54. koq skrg udah A57 aje buset dah, cepet bgt nih dunia per hp an",prasaan baru kemarin rilis a54 koq skrg a57 aje buset dah cepet banget nih dunia per handphone an
Kesimpulan : Udah beli S25 FE AJA,Kesimpulan : Udah beli S25 FE AJA,simpul beli s25 fe
"hp yg jual software, bukan hardware..","hp yg jual software, bukan hardware..",handphone jual software bukan hardware
"Samsung brand gede tapi gak ada inovasi, upgrade pelit","Samsung brand gede tapi gak ada inovasi, upgrade pelit",samsung brand gede tidak inovasi upgrade pelit
A55 lagi nonton 🧐,A55 lagi nonton 🧐,a55 lagi nonton
"Saya ngga jdi beli A 57, krn harganya mendekati S 25fe","Saya ngga jdi beli A 57, krn harganya mendekati S 25fe",ngga jdi beli 57 karena harga dekat 25fe
"A56 = A55 Pro
A57 = A55 Pro Max",A56 = A55 Pro A57 = A55 Pro Max,a56 a55 pro a57 a55 pro max
7juta harga nya 😢,7juta harga nya 😢,7juta harga
Upgradenya segede daun kelor wkwkwkwk,Upgradenya segede daun kelor wkwkwkwk,upgradenya gede daun kelor wkwkwkwk
"Samsung niru Apple, bersolek ditampilan aja dg minim peningkatan teknologi. Karena gadget sudah jadi produk fashion, yg penting brand mahal dan tampilan baru, bisa buat gaya. Teknologi nomor 2. Kan yg dipakai hanya WA, sosmed, games, pinjol dan kamera...","Samsung niru Apple, bersolek ditampilan aja dg minim peningkatan teknologi. Karena gadget sudah jadi produk fashion, yg penting brand mahal dan tampilan baru, bisa buat gaya. Teknologi nomor 2. Kan yg dipakai hanya WA, sosmed, games, pinjol dan kamera...",samsung niru apple solek tampil dg minim tingkat teknologi karena gadget jadi produk fashion penting brand mahal tampil baru buat gaya teknologi nomor kan pakai hanya wa sosmed games pinjol kamera
Upgrde NGANTUK😴,Upgrde NGANTUK😴,upgrde ngantuk
Padahal tungguin bgt serie A57 secara make A52 dah 3 tahunan baru ganti LCD aja< itu juga karna kecemplung. kalo gini skip dulu kali yak heheeee,Padahal tungguin bgt serie A57 secara make A52 dah 3 tahunan baru ganti LCD aja< itu juga karna kecemplung. kalo gini skip dulu kali yak heheeee,padahal tungguin banget serie a57 cara make a52 dah tahun baru ganti lcd juga karna cemplung gin skip dulu kali yak heheeee
"bjir gw kira harga series a5, 2-3jt","bjir gw kira harga series a5, 2-3jt",bjir gw kira harga series a5 3jt
Mending ini atau iPhone 15?,Mending ini atau iPhone 15?,mending iphone 15
Samsung: konsumen A57 kami adalah yg gak bgtu paham spek 😂,Samsung: konsumen A57 kami adalah yg gak bgtu paham spek 😂,samsung konsumen a57 kami tidak bgtu paham spesifikasi
Inget smakin enteng hp build quality..smakin di kurangi..terutama di body hp artinya smakin tipis bodynya..maka gampang rusak klo jatoh...jngn terkecoh SMA bobotnya justru hp mahal hrus krasa solid tahan bnting,Inget smakin enteng hp build quality..smakin di kurangi..terutama di body hp artinya smakin tipis bodynya..maka gampang rusak klo jatoh...jngn terkecoh SMA bobotnya justru hp mahal hrus krasa solid tahan bnting,inget smakin enteng handphone build quality smakin kurang utama body handphone arti smakin tipis bodynya maka gampang rusak klo jatoh jngn kecoh sma bobot justru handphone mahal hrus krasa solid tahan bnting
Yg masih nonton pakai  a55 kumpul 😂,Yg masih nonton pakai a55 kumpul 😂,masih nonton pakai a55 kumpul
"jujur samsung emng bagus, tapi kalah dengan hp android realme sama Infinix Dengan populer lebih besar dari pada ndro yang lain","jujur samsung emng bagus, tapi kalah dengan hp android realme sama Infinix Dengan populer lebih besar dari pada ndro yang lain",jujur samsung emng bagus kalah handphone android realme sama infinix populer lebih besar pada ndro lain
BANG RIVIEW INFINIX NOTE 60 ULTRA,BANG RIVIEW INFINIX NOTE 60 ULTRA,riview infinix note 60 ultra
"kalo ga gengsi merk, ambil aja Itel S26 Ultra atau cobain dulu deh kalo ada temen yg punya😁😁","kalo ga gengsi merk, ambil aja Itel S26 Ultra atau cobain dulu deh kalo ada temen yg punya😁😁",tidak gengsi merk ambil itel s26 ultra cobain dulu deh temen punya
Masih anget nih ✅,Masih anget nih ✅,masih anget nih
"Kirain cuma 1,5 jutaan","Kirain cuma 1,5 jutaan",kirain cuma juta
aku samsung family banget...sejak cobain vivo..buset batrenya badak kualitas awet pol...dah gamau yg laen,aku samsung family banget...sejak cobain vivo..buset batrenya badak kualitas awet pol...dah gamau yg laen,aku samsung family banget sejak cobain vivo buset batrenya badak kualitas awet pol dah gamau laen
Hp badut dengan fitur green line nya 😂😂😂,Hp badut dengan fitur green line nya 😂😂😂,handphone badut fitur green line
"Mau nanya, perbedaan A56 dengan A57, itu perbedaan nya dmna ya?
Makasih sebelumnya","Mau nanya, perbedaan A56 dengan A57, itu perbedaan nya dmna ya? Makasih sebelumnya",mau nanya beda a56 a57 beda dmna makasih belum
Video nya A57 buat status WA (bagus apa jelek) kak....,Video nya A57 buat status WA (bagus apa jelek) kak....,video a57 buat status wa bagus apa jelek kak
Camon 50 kak,Camon 50 kak,camon 50 kak
edan a55 ke a56 upgradenya cmn seuprit ini muncul a57 yg upgrade nya ga terlalu berasa,edan a55 ke a56 upgradenya cmn seuprit ini muncul a57 yg upgrade nya ga terlalu berasa,edan a55 a56 upgradenya cmn seuprit muncul a57 upgrade tidak terlalu asa
ORANG PINTAR PASTI MENDING XIAOMI 15T,ORANG PINTAR PASTI MENDING XIAOMI 15T,orang pintar pasti mending xiaomi 15t
"Pokoknya SAMSUNG, Galaxy A07 🤭","Pokoknya SAMSUNG, Galaxy A07 🤭",pokok samsung galaxy a07
Redmi note 16 pro bang,Redmi note 16 pro bang,redmi note 16 pro
Yg terjangkau aja lah klo buat saya mh..A07..😂..menyesuaikan dengan isi kantong.😊,Yg terjangkau aja lah klo buat saya mh..A07..😂..menyesuaikan dengan isi kantong.😊,jangkau lah klo buat mh a07 sesuai isi kantong
Puass bgt sama reviewnya 👊🏻😍,Puass bgt sama reviewnya 👊🏻😍,puass banget sama reviewnya
"Udah hampir 2 tahun pake Galaxy A55, sejauh ini aman² aja dan enjoy dalam pemakaian sehari². Keren banget sih sekarang udah ada 2 penerus dari Galaxy A55, si Galaxy A56 dan sekarang Galaxy A57. Dan selalu ada aja upgrade tiap tahun dari Samsung untuk series A5nya yang semakin canggih. Tapi jujur IMO untuk desain kamera belakang lebih suka A55, kek frameless dan lebih rapi aja gitu kameranya. Dan lebih mirip sama kakaknya si S25 Fe😁","Udah hampir 2 tahun pake Galaxy A55, sejauh ini aman² aja dan enjoy dalam pemakaian sehari². Keren banget sih sekarang udah ada 2 penerus dari Galaxy A55, si Galaxy A56 dan sekarang Galaxy A57. Dan selalu ada aja upgrade tiap tahun dari Samsung untuk series A5nya yang semakin canggih. Tapi jujur IMO untuk desain kamera belakang lebih suka A55, kek frameless dan lebih rapi aja gitu kameranya. Dan lebih mirip sama kakaknya si S25 Fe😁",hampir tahun pake galaxy a55 jauh aman enjoy dalam pakai hari bagus banget sih sekarang terus galaxy a55 si galaxy a56 sekarang galaxy a57 selalu upgrade tiap tahun samsung series a5nya makin canggih jujur imo desain kamera belakang lebih suka a55 kek frameless lebih rapi gitu kamera lebih mirip sama kakak si s25 fe
nunggu A59,nunggu A59,nunggu a59
Mending POCO njir,Mending POCO njir,mending poco njir
Bang unboxing hp Infinix nite 60 ultra,Bang unboxing hp Infinix nite 60 ultra,unboxing handphone infinix nite 60 ultra
"a 37 dong banng,, soal nya harga beda tipis bgt sm a57","a 37 dong banng,, soal nya harga beda tipis bgt sm a57",37 dong banng soal harga beda tipis banget sama a57
Saya masih pake A54 juga masih enak kok,Saya masih pake A54 juga masih enak kok,masih pake a54 juga masih enak kok
"Kalo A57 overprice dikelasnya, kalo saya pribadi mending lompat ke S25fe","Kalo A57 overprice dikelasnya, kalo saya pribadi mending lompat ke S25fe",a57 overprice kelas pribadi mending lompat s25fe
mau brand android lain ngeluarin produk baru sebagus apapun tetap jatuh hati sama samsung karena lebih simple dan elegan aja gitu ngeliatnya😅,mau brand android lain ngeluarin produk baru sebagus apapun tetap jatuh hati sama samsung karena lebih simple dan elegan aja gitu ngeliatnya😅,mau brand android lain ngeluarin produk baru bagus apa tetap jatuh hati sama samsung karena lebih simple elegan gitu ngeliatnya
nggak mau pakai samsung lagi sudah 2 kali beli dapat yg palsu terus padahal beli di outlet resmi.,nggak mau pakai samsung lagi sudah 2 kali beli dapat yg palsu terus padahal beli di outlet resmi.,tidak mau pakai samsung lagi kali beli dapat palsu terus padahal beli outlet resmi
Hpku samsung A55 bang minusnya sekarang buat zoom saja sih panas buat main game masih enak kamera worit batre juga aweet tapi kalau buat zoom cepet habis dan mudah panas😭,Hpku samsung A55 bang minusnya sekarang buat zoom saja sih panas buat main game masih enak kamera worit batre juga aweet tapi kalau buat zoom cepet habis dan mudah panas😭,hpku samsung a55 minus sekarang buat zoom sih panas buat main game masih enak kamera worit batre juga aweet buat zoom cepet habis mudah panas
"a57 12/256 8 jutaan jir aku beli a56 tahun lalu 12/256 6,8 juta, jauh bngt bedanya","a57 12/256 8 jutaan jir aku beli a56 tahun lalu 12/256 6,8 juta, jauh bngt bedanya",a57 12 256 juta jir aku beli a56 tahun lalu 12 256 juta jauh bngt beda
Gatau ya kenapa exynos ini panasnya cepet banget,Gatau ya kenapa exynos ini panasnya cepet banget,gatau kenapa exynos panas cepet banget
Mnding s24 fe,Mnding s24 fe,mnding s24 fe
"beli samsung a54 YG 128 GB beli pertengahan tahun 2023 sudah 3 tahun pemakaian sih emang gacor kamera nya sih apalagi video nya , baru jual bulan ini cuma laku 2,650 😂jual di ponsel cuma laku di di bawah 2 jutaan bila 128 gb , bila yg 256 gb nya di harga 2,3/2,4 tawaran dari ponsel","beli samsung a54 YG 128 GB beli pertengahan tahun 2023 sudah 3 tahun pemakaian sih emang gacor kamera nya sih apalagi video nya , baru jual bulan ini cuma laku 2,650 😂jual di ponsel cuma laku di di bawah 2 jutaan bila 128 gb , bila yg 256 gb nya di harga 2,3/2,4 tawaran dari ponsel",beli samsung a54 128 gb beli tengah tahun 2023 tahun pakai sih emang gacor kamera sih apalagi video baru jual bulan cuma laku 650 jual ponsel cuma laku bawah juta bila 128 gb bila 256 gb harga tawar ponsel
Anak a52 kan,Anak a52 kan,anak a52 kan
Semenjak pakai samsung a56 dari tahun kemarin. sekarang saya nyaman pilih samsung. mudah2an sampai 6 tahun ke depan ga kegoda buat ganti HP.,Semenjak pakai samsung a56 dari tahun kemarin. sekarang saya nyaman pilih samsung. mudah2an sampai 6 tahun ke depan ga kegoda buat ganti HP.,semenjak pakai samsung a56 tahun kemarin sekarang nyaman pilih samsung mudah2an sampai tahun depan tidak goda buat ganti handphone
Tapi samsung biasanya emang lebih bagus di seri angka genap sih,Tapi samsung biasanya emang lebih bagus di seri angka genap sih,samsung biasa emang lebih bagus seri angka genap sih
Saya pakai A52s sampe sekarang masih ngebut dengan snapdragon nya😂,Saya pakai A52s sampe sekarang masih ngebut dengan snapdragon nya😂,pakai a52s sampe sekarang masih ngebut snapdragon
Kalau Samsung Sih Harus nya Spek nya Bagus Terutama Geme Performa nya Harus Kecang Lebih Bagus sih Samsung Rata² Ke Kamera dan Fitur² nya Bagus di banding Sipesk nya Mediat lah 🥲,Kalau Samsung Sih Harus nya Spek nya Bagus Terutama Geme Performa nya Harus Kecang Lebih Bagus sih Samsung Rata² Ke Kamera dan Fitur² nya Bagus di banding Sipesk nya Mediat lah 🥲,samsung sih harus spesifikasi bagus utama geme performa harus cang lebih bagus sih samsung rata kamera fitur bagus banding sipesk mediat lah
Masih nunggu upgrade A5 series yang kayak A52s,Masih nunggu upgrade A5 series yang kayak A52s,masih nunggu upgrade a5 series kayak a52s
"Gua sih berharap series A5X, mending dihilangkan saja. Samsung mending fokus kembangkan series FE.","Gua sih berharap series A5X, mending dihilangkan saja. Samsung mending fokus kembangkan series FE.",gua sih harap series a5x mending hilang samsung mending fokus kembang series fe
Gw udah gak lanjut beli galaxy semenjak si plastic rasis dan mmg ga worthed itu upgradenya,Gw udah gak lanjut beli galaxy semenjak si plastic rasis dan mmg ga worthed itu upgradenya,gw tidak lanjut beli galaxy semenjak si plastic ras mmg tidak worthed upgradenya
kayaknya bakal tetep laku kalo samsung😂😂 kayak honda kalo motor,kayaknya bakal tetep laku kalo samsung😂😂 kayak honda kalo motor,kayak bakal tetep laku samsung kayak honda motor
A57 membuat S25FE Yang dulu dihujat karena upgrade tipis tipis dari S24FE menjadi Lebih worth it,A57 membuat S25FE Yang dulu dihujat karena upgrade tipis tipis dari S24FE menjadi Lebih worth it,a57 buat s25fe dulu hujat karena upgrade tipis tipis s24fe jadi lebih bagus
Masi setia sama redmi note 11😂,Masi setia sama redmi note 11😂,mas setia sama redmi note 11
"Deal breaker beli samsung midrange dari dulu: tangkapan sinyal tidak sebagus merk lain. 
Hape samsung terakhir saya: galaxy ace 2
Yg terlanjur punya samsung kalau mau aman sinyal, mending beli mifi aja, kayak saya dulu wkwk","Deal breaker beli samsung midrange dari dulu: tangkapan sinyal tidak sebagus merk lain. Hape samsung terakhir saya: galaxy ace 2 Yg terlanjur punya samsung kalau mau aman sinyal, mending beli mifi aja, kayak saya dulu wkwk",deal breaker beli samsung midrange dulu tangkap sinyal tidak bagus merk lain hape samsung akhir galaxy ace lanjur punya samsung mau aman sinyal mending beli mifi kayak dulu wkwk
"Hape yg maksa kali, mending S25FE. Udah itu aja. Gitu aja kok repot","Hape yg maksa kali, mending S25FE. Udah itu aja. Gitu aja kok repot",hape maksa kali mending s25fe gitu kok repot
"Akhirnya saya bisa membeli hp ini duluan sebelum direview koh david, keren sih tp sedikit lebih ringan jd pengen lempar wkwkwk
Sempat ga pengen pake samsung lagi karna pengalaman samsung s21 fe saya kena greenline ditahun lalu, setelah berpikir panjang akhirnya beli. A57 jauh lebih terjangkau daripada S21 FE, uang beli S21 FE bisa utk beli A57 + Watch 7 di erafone dengan segala potongan diskon dan promo pembelian dgn menggunakan kartu tertentu.
Intinya saya puas ❤","Akhirnya saya bisa membeli hp ini duluan sebelum direview koh david, keren sih tp sedikit lebih ringan jd pengen lempar wkwkwk Sempat ga pengen pake samsung lagi karna pengalaman samsung s21 fe saya kena greenline ditahun lalu, setelah berpikir panjang akhirnya beli. A57 jauh lebih terjangkau daripada S21 FE, uang beli S21 FE bisa utk beli A57 + Watch 7 di erafone dengan segala potongan diskon dan promo pembelian dgn menggunakan kartu tertentu. Intinya saya puas ❤",akhir beli handphone duluan belum direview koh david bagus sih sedikit lebih ringan jd ken lempar wkwkwk sempat tidak ken pake samsung lagi karna alam samsung s21 fe kena greenline tahun lalu telah pikir panjang akhir beli a57 jauh lebih jangkau daripada s21 fe uang beli s21 fe utk beli a57 watch erafone segala potong diskon promo beli dgn guna kartu tentu inti puas
"sekarang muncul samsung Galaxy A57 sedangkan saya masih menikmati (memakai) Samsung Galaxy A33, kalau emang setiap seri muncul berurutan berarti saya sudah melewati 24 seri. Heheeeeheeee","sekarang muncul samsung Galaxy A57 sedangkan saya masih menikmati (memakai) Samsung Galaxy A33, kalau emang setiap seri muncul berurutan berarti saya sudah melewati 24 seri. Heheeeeheeee",sekarang muncul samsung galaxy a57 sedang masih nikmat pakai samsung galaxy a33 emang tiap seri muncul rurut arti lewat 24 seri heheeeeheeee
"Tim yg beli galaxy A5 series yg sudah di diskon 50% kondisi bnib, kemarin baru dapat A54 harga 3jutaan😂","Tim yg beli galaxy A5 series yg sudah di diskon 50% kondisi bnib, kemarin baru dapat A54 harga 3jutaan😂",tim beli galaxy a5 series diskon 50 kondisi bnib kemarin baru dapat a54 harga 3jutaan
"gk abis"" nya prasaan hp ni yaa😂kwkkw hdeeh..","gk abis"" nya prasaan hp ni yaa😂kwkkw hdeeh..",tidak abis prasaan handphone ni yaa kwkkw hdeeh
"Masih pake samsung a54, selagi masih dapet update software blm niat ganti wkwkwk","Masih pake samsung a54, selagi masih dapet update software blm niat ganti wkwkwk",masih pake samsung a54 selagi masih dapet update software blm niat ganti wkwkwk
Samsung a35 gw masih bagus,Samsung a35 gw masih bagus,samsung a35 gw masih bagus
"awalnya nungguin banget A57 rilis ujung ujungnya gue beli Xiaomi 14T green lime 82,4/512+16 GB Alhamdulillah puas sejauh ini 😂","awalnya nungguin banget A57 rilis ujung ujungnya gue beli Xiaomi 14T green lime 82,4/512+16 GB Alhamdulillah puas sejauh ini 😂",awal nungguin banget a57 rilis ujung ujung gue beli xiaomi 14t green lime 82 512 16 gb alhamdulillah puas jauh
Upgrade tipis banget ternyata ya😭,Upgrade tipis banget ternyata ya😭,upgrade tipis banget nyata
Bang riview hp honor win,Bang riview hp honor win,riview handphone honor win
"Produk Samsung itu menurut saya kurang awet, berkali kali punya produk Samsung selalu kecewa, padahal pemakaian juga normal normal aja
Banyak hal mulai dari baterai kembung di M 12, LCD mati mendadak di A 14 milik Anak saya, dan di M 12 lainya kena air dikit langsung Mati total sampai sekarang jadi barang bekas tak berguna padahal tergolong HP muda keluaran diatas 2020.
Samsung cuma unggul teknologi tapi untuk kualitas Bang kurang awet.
Tidak bermaksud menjelekkan Samsung tapi sebagai pelanggan Samsung Saya sangat kecewa","Produk Samsung itu menurut saya kurang awet, berkali kali punya produk Samsung selalu kecewa, padahal pemakaian juga normal normal aja Banyak hal mulai dari baterai kembung di M 12, LCD mati mendadak di A 14 milik Anak saya, dan di M 12 lainya kena air dikit langsung Mati total sampai sekarang jadi barang bekas tak berguna padahal tergolong HP muda keluaran diatas 2020. Samsung cuma unggul teknologi tapi untuk kualitas Bang kurang awet. Tidak bermaksud menjelekkan Samsung tapi sebagai pelanggan Samsung Saya sangat kecewa",produk samsung turut kurang awet kali kali punya produk samsung selalu kecewa padahal pakai juga normal normal banyak hal mulai baterai kembung 12 lcd mati dadak 14 milik anak 12 lai kena air dikit langsung mati total sampai sekarang jadi barang bekas tak guna padahal golong handphone muda keluar atas 2020 samsung cuma unggul teknologi kualitas kurang awet tidak maksud jelek samsung bagai langgan samsung sangat kecewa
"Baru kepikiran juga bang, harusnya A56 5G dapat update soal zoom biar lebih mulus. Semoga di OneUI 8.5 nanti bisa","Baru kepikiran juga bang, harusnya A56 5G dapat update soal zoom biar lebih mulus. Semoga di OneUI 8.5 nanti bisa",baru pikir juga harus a56 5g dapat update soal zoom lebih mulus moga oneui nanti
stay a56 dulu,stay a56 dulu,stay a56 dulu
"Mending S25 FE sih 😂, saya pakek","Mending S25 FE sih 😂, saya pakek",mending s25 fe sih pakek
apakah hanya hp samsung sy yang susah nangkap jaringan.,apakah hanya hp samsung sy yang susah nangkap jaringan.,apakah hanya handphone samsung sy susah nangkap jaring
A55 lah yang masih wangi sampai sekarang 😂,A55 lah yang masih wangi sampai sekarang 😂,a55 lah masih wangi sampai sekarang
Masih gue liatin,Masih gue liatin,masih gue liatin
rasanya kayak facelift,rasanya kayak facelift,rasa kayak facelift
Yang paling menarik cuma versi Bluetooth 6.0. soalnya kalo pake tws minim latensi,Yang paling menarik cuma versi Bluetooth 6.0. soalnya kalo pake tws minim latensi,paling tarik cuma versi bluetooth soal pake tws minim latensi
inilah salah satu alasan kenapa kita ngga boleh overproud terhadap sebuah brand,inilah salah satu alasan kenapa kita ngga boleh overproud terhadap sebuah brand,ini salah satu alas kenapa ngga boleh overproud hadap brand
DI DALAM NAMA YESUS AKU BERDOA BISA MAMPU BELI HP TERBAIK DI TAHUN 2026 INI... AMEN,DI DALAM NAMA YESUS AKU BERDOA BISA MAMPU BELI HP TERBAIK DI TAHUN 2026 INI... AMEN,dalam nama yesus aku doa mampu beli handphone baik tahun 2026 amen
"Setelah A52S, seri A samsung udh gak ada lgi  yg se all rounder A52S","Setelah A52S, seri A samsung udh gak ada lgi yg se all rounder A52S",telah a52s seri samsung tidak lgi se all rounder a52s
"Jangan kan itu bang. Ponakan saya beli hp minta nya A07 8/256. Yg harga ofline nya disini 2,6. Sudah saya bilang harga segitu,udah banyak hp yg kameranya sama mesin nya bagus. Tpi dia pilih samsung coba..","Jangan kan itu bang. Ponakan saya beli hp minta nya A07 8/256. Yg harga ofline nya disini 2,6. Sudah saya bilang harga segitu,udah banyak hp yg kameranya sama mesin nya bagus. Tpi dia pilih samsung coba..",jangan kan ponakan beli handphone minta a07 256 harga ofline sini bilang harga segitu banyak handphone kamera sama mesin bagus tpi dia pilih samsung coba
"Udah a57 aja.. a55 skrg aja masih nyaman bgt, alhamdulillah badak 😂","Udah a57 aja.. a55 skrg aja masih nyaman bgt, alhamdulillah badak 😂",a57 a55 skrg masih nyaman banget alhamdulillah badak
oppo reno 15 pro 5G bg,oppo reno 15 pro 5G bg,oppo reno 15 pro 5g bg
"Samsung itu walaupun gitu2 aja bentuk camera nya tpi sllu d tunggu update an nya, saking bagus dari bbrpa fitur","Samsung itu walaupun gitu2 aja bentuk camera nya tpi sllu d tunggu update an nya, saking bagus dari bbrpa fitur",samsung walaupun gitu2 bentuk camera tpi sllu tunggu update an saking bagus bbrpa fitur
"A35 user nih. Adem² aja, ga ada problem sama sekali. Lancar jaya soalnya make bener² selayaknya hape, no sosmed cm youtube sana WA doang. Pengen kamera bagus?, belinya kamera beneran, bukan hape. Alhamdulillah dari mulai nokia bata, sony ericson, iPhone 3gs sampe skrng ga ada yg rusak masih nyala normal kalo makenya sesuai fungsi utama, yaitu Komunikasi. 😂😂😂","A35 user nih. Adem² aja, ga ada problem sama sekali. Lancar jaya soalnya make bener² selayaknya hape, no sosmed cm youtube sana WA doang. Pengen kamera bagus?, belinya kamera beneran, bukan hape. Alhamdulillah dari mulai nokia bata, sony ericson, iPhone 3gs sampe skrng ga ada yg rusak masih nyala normal kalo makenya sesuai fungsi utama, yaitu Komunikasi. 😂😂😂",a35 user nih adem tidak problem sama sekali lancar jaya soal make bener layak hape no sosmed cm youtube sana wa doang ken kamera bagus beli kamera beneran bukan hape alhamdulillah mulai nokia bata sony ericson iphone 3gs sampe skrng tidak rusak masih nyala normal makenya sesuai fungsi utama yaitu komunikasi
Masssa 7 jutaan UFS 3.1 kalah jauh sm poco x8 pro yg udah UFS 4.1😂,Masssa 7 jutaan UFS 3.1 kalah jauh sm poco x8 pro yg udah UFS 4.1😂,masssa juta ufs kalah jauh sama poco x8 pro ufs
"Masih bertahan di A52 5g, maunya ganti ke A57 5g tahun ini, liat review nya jadi mikir lagi dah, btw pemakaian A52 5g selama ini cuma ganti batre aja sekali karna sering main mlbb wkwk, terus dari kualitas vidio juga udh drop geternya parah, sisanya tombol fisik (volume/power) udh pada copot, yaa sesuai lahh ya sama keluhan user A52 5g yg lain lem dibodynya juga kalah tergerus waktu juga udh 2 kali ini ngelem body hp wkwk","Masih bertahan di A52 5g, maunya ganti ke A57 5g tahun ini, liat review nya jadi mikir lagi dah, btw pemakaian A52 5g selama ini cuma ganti batre aja sekali karna sering main mlbb wkwk, terus dari kualitas vidio juga udh drop geternya parah, sisanya tombol fisik (volume/power) udh pada copot, yaa sesuai lahh ya sama keluhan user A52 5g yg lain lem dibodynya juga kalah tergerus waktu juga udh 2 kali ini ngelem body hp wkwk",masih tahan a52 5g mau ganti a57 5g tahun liat review jadi mikir lagi dah btw pakai a52 5g lama cuma ganti batre sekali karna sering main mlbb wkwk terus kualitas vidio juga drop geternya parah sisa tombol fisik volume power pada copot yaa sesuai lahh sama keluh user a52 5g lain lem dibodynya juga kalah gerus waktu juga kali ngelem body handphone wkwk
lagian lama banget up nya aku udah beli kemarin pagi 🤣,lagian lama banget up nya aku udah beli kemarin pagi 🤣,lagi lama banget up aku beli kemarin pagi
Kayak kurang disebut A57 lebih masuk disebut Samsung A56s :),Kayak kurang disebut A57 lebih masuk disebut Samsung A56s :),kayak kurang sebut a57 lebih masuk sebut samsung a56s
Tiada inovasi yang berarti untuk seri kali ini. Mending lari ke vivo v70 sekalian dah,Tiada inovasi yang berarti untuk seri kali ini. Mending lari ke vivo v70 sekalian dah,tiada inovasi arti seri kali mending lari vivo v70 sekali dah
Saya nunggu yg A5 MILIAR saja deh😅,Saya nunggu yg A5 MILIAR saja deh😅,nunggu a5 miliar deh
jadi kalau mau beli.. harus punya ordal di samsung.. harga lebih miring jadinya,jadi kalau mau beli.. harus punya ordal di samsung.. harga lebih miring jadinya,jadi mau beli harus punya ordal samsung harga lebih miring jadi
"Brand yg bikin bosan, ntah apa yg ditonjolkan nya sebagai daya jual, dengan banyak brand lain dgn harga yg selevel ngasih spek monster","Brand yg bikin bosan, ntah apa yg ditonjolkan nya sebagai daya jual, dengan banyak brand lain dgn harga yg selevel ngasih spek monster",brand bikin bosan ntah apa tonjol bagai daya jual banyak brand lain dgn harga level ngasih spesifikasi monster
Astagfirullah harganya,Astagfirullah harganya,astagfirullah harga
Gak jadi beli😢,Gak jadi beli😢,tidak jadi beli
"Samsung selalu jadi favorit banyak orang yaa.. walaupun sering di kritik, tapi penjualan slalu no 1, dan viewersnya gede2 apalagi waktu review A55","Samsung selalu jadi favorit banyak orang yaa.. walaupun sering di kritik, tapi penjualan slalu no 1, dan viewersnya gede2 apalagi waktu review A55",samsung selalu jadi favorit banyak orang yaa walaupun sering kritik jual slalu no viewersnya gede2 apalagi waktu review a55
Sinyalnya kaga nyaman,Sinyalnya kaga nyaman,sinyal kaga nyaman
"Apa akan hadir storage 521gb/1tb??? Mengingat 256gb udah sesak buat aplikasi sekarang hhe, penasaran","Apa akan hadir storage 521gb/1tb??? Mengingat 256gb udah sesak buat aplikasi sekarang hhe, penasaran",apa akan hadir storage 521gb 1tb ingat 256gb sesak buat aplikasi sekarang hhe penasaran
Saya lihat video ini pakai samsung A56 dan Alhamdulillah saya bersyukur sekali ❤,Saya lihat video ini pakai samsung A56 dan Alhamdulillah saya bersyukur sekali ❤,lihat video pakai samsung a56 alhamdulillah syukur sekali
Motorolla the best,Motorolla the best,motorolla the best
Gua yg make iqoo z10r aja udh bersyukur asal batrenya badak ajalah bisa d pake seharian,Gua yg make iqoo z10r aja udh bersyukur asal batrenya badak ajalah bisa d pake seharian,gua make iqoo z10r syukur asal batrenya badak aja pake hari
masih ada yang pakai SAMSUNG S10 PLUS???saya dari 2019 sampe sekarang masih jago....,masih ada yang pakai SAMSUNG S10 PLUS???saya dari 2019 sampe sekarang masih jago....,masih pakai samsung s10 plus 2019 sampe sekarang masih jago
Masih betaah sama samsung A52S 😊,Masih betaah sama samsung A52S 😊,masih betaah sama samsung a52s
Masih make A54 256 masih oke sampe sekarang.,Masih make A54 256 masih oke sampe sekarang.,masih make a54 256 masih oke sampe sekarang
ini soc nya sama A55 yaa? bearti nnti ada kemungkinan susah nangkep sinyal dong 😢,ini soc nya sama A55 yaa? bearti nnti ada kemungkinan susah nangkep sinyal dong 😢,soc sama a55 yaa bearti nnti mungkin susah nangkep sinyal dong
"Yang beli nih hape paling ga mau iphone tapi ga mau juga hape cina, jadinya pilih samsung 😅","Yang beli nih hape paling ga mau iphone tapi ga mau juga hape cina, jadinya pilih samsung 😅",beli nih hape paling tidak mau iphone tidak mau juga hape cina jadi pilih samsung
"Nonton pake a56, ini hp udah cukup buat sehari²
Kalo mau upgrade dari a56 mending langsung seri FE 
Penyakit a56 panas😂jujur a56 gw pernah dicuci sama dimasukin ke kulkas saking panasnya tapi aman² aja","Nonton pake a56, ini hp udah cukup buat sehari² Kalo mau upgrade dari a56 mending langsung seri FE Penyakit a56 panas😂jujur a56 gw pernah dicuci sama dimasukin ke kulkas saking panasnya tapi aman² aja",nonton pake a56 handphone cukup buat hari mau upgrade a56 mending langsung seri fe sakit a56 panas jujur a56 gw pernah cuci sama dimasukin kulkas saking panas aman
Masih setia A50 😂,Masih setia A50 😂,masih setia a50
"masih beruntung dapet 14T 12/512 6jt kecil setahun kemarin, in this economy midrange 12/256 aja nembus 8.999.000🥲","masih beruntung dapet 14T 12/512 6jt kecil setahun kemarin, in this economy midrange 12/256 aja nembus 8.999.000🥲",masih untung dapet 14t 12 512 6jt kecil tahun kemarin in this economy midrange 12 256 nembus 999 000
Nunggu sebulan lagi beli ini. Kalau awal2 pasti mahal,Nunggu sebulan lagi beli ini. Kalau awal2 pasti mahal,nunggu bulan lagi beli awal2 pasti mahal
a56 juga belum kebeli eh udh keluar lagi a57,a56 juga belum kebeli eh udh keluar lagi a57,a56 juga belum kebel eh keluar lagi a57
Masih setia pada A55,Masih setia pada A55,masih setia pada a55
Poco x8 pro: 🗿🗿🗿,Poco x8 pro: 🗿🗿🗿,poco x8 pro
Ga nyesel tahun lalu beli a56 sebelum harga ram naik,Ga nyesel tahun lalu beli a56 sebelum harga ram naik,tidak nyesel tahun lalu beli a56 belum harga ram naik
iqoo 15r aja dihantem ama pocong x8pm apalagi cuman hp one ui super knox.. safety use bisa diakalin dengan sedikit effort bagi yg paham,iqoo 15r aja dihantem ama pocong x8pm apalagi cuman hp one ui super knox.. safety use bisa diakalin dengan sedikit effort bagi yg paham,iqoo 15r dihantem ama pocong x8pm apalagi cuman handphone one ui super knox safety use diakalin sedikit effort bagi paham
Ngantuk dengerinnya😅,Ngantuk dengerinnya😅,ngantuk dengerinnya
Exynos emang busuk,Exynos emang busuk,exynos emang busuk
Hape mid range diatas 7 jt itu menurut gua kurang worth it,Hape mid range diatas 7 jt itu menurut gua kurang worth it,hape mid range atas jt turut gua kurang bagus
intinya bukan masalah brand lain speknya lebih unggul dr samsung tapi ini masalah jual nama brand juga secara samsung udah bs di bilang legend di dunia elektronik,intinya bukan masalah brand lain speknya lebih unggul dr samsung tapi ini masalah jual nama brand juga secara samsung udah bs di bilang legend di dunia elektronik,inti bukan masalah brand lain speknya lebih unggul samsung masalah jual nama brand juga cara samsung bs bilang legend dunia elektronik
A55 hadir ram 12 dah cukup semuga bisa jangka panjang amiiin,A55 hadir ram 12 dah cukup semuga bisa jangka panjang amiiin,a55 hadir ram 12 dah cukup semuga jangka panjang amiiin
Mana harganya hadeuh,Mana harganya hadeuh,mana harga hadeuh
Masih bertahan dengan seri A52S yg sudah hampir 5 tahun,Masih bertahan dengan seri A52S yg sudah hampir 5 tahun,masih tahan seri a52s hampir tahun
Impression to A57 : Meeeehhhhhhhhhhhhhhhhhhhhhh,Impression to A57 : Meeeehhhhhhhhhhhhhhhhhhhhhh,impression to a57 meeeehhhhhhhhhhhhhhhhhhhhhh
sampah a57 ini (aku yg masih pake a05😔),sampah a57 ini (aku yg masih pake a05😔),sampah a57 aku masih pake a05
"Samsung nih brand stabil dari segi desainnya, brandinganya, fiturnya, apalagi jangka panjang. hp bapak gw ajah makek samsung awet banget, paling rusak minor doang. tombol powernya masuk ke dalam, tapi yang laen sih aman2 ajah. makanya tier list samsung dibawah apple.","Samsung nih brand stabil dari segi desainnya, brandinganya, fiturnya, apalagi jangka panjang. hp bapak gw ajah makek samsung awet banget, paling rusak minor doang. tombol powernya masuk ke dalam, tapi yang laen sih aman2 ajah. makanya tier list samsung dibawah apple.",samsung nih brand stabil segi desain brandinganya fiturnya apalagi jangka panjang handphone bapak gw ajah makek samsung awet banget paling rusak minor doang tombol powernya masuk dalam laen sih aman2 ajah makanya tier list samsung bawah apple
"Alhamdulillah,, Nonton pakai Samsung A54","Alhamdulillah,, Nonton pakai Samsung A54",alhamdulillah nonton pakai samsung a54
Mash nyaman pakai samsung galaxy A52,Mash nyaman pakai samsung galaxy A52,mash nyaman pakai samsung galaxy a52
SKIP GA WORT IT SAMA SEKALI 🤣,SKIP GA WORT IT SAMA SEKALI 🤣,skip tidak wort it sama sekali
gada lg kah vid barang aneh? abis eps nya? tutup?,gada lg kah vid barang aneh? abis eps nya? tutup?,gada lg kah vid barang aneh abis eps tutup
"Kenapa laris, ya karna gw gak mampu beli yang S. Dah itu aja😂","Kenapa laris, ya karna gw gak mampu beli yang S. Dah itu aja😂",kenapa laris karna gw tidak mampu beli dah
wah,wah,wah
Review iPhone luna,Review iPhone luna,review iphone luna
"Nonton pakai samsung A8 2018 
saya isolasi karena habis ganti lcd hehe",Nonton pakai samsung A8 2018 saya isolasi karena habis ganti lcd hehe,nonton pakai samsung a8 2018 isolasi karena habis ganti lcd hehe
manTul,manTul,mantul
gue yang masih pake Samsung A54😅,gue yang masih pake Samsung A54😅,gue masih pake samsung a54
"berhubung hp sya ini dah ga ketolong 😂 gara² daleman nya udh patah plus simcard ga kebaca dan ga bisa di service (karna resiko mati total), jadi nya beli baru aja 😂🙏 yaa harus liat review nya dulu dri bang david 👍👍","berhubung hp sya ini dah ga ketolong 😂 gara² daleman nya udh patah plus simcard ga kebaca dan ga bisa di service (karna resiko mati total), jadi nya beli baru aja 😂🙏 yaa harus liat review nya dulu dri bang david 👍👍",hubung handphone sya dah tidak tolong gara dalem patah plus simcard tidak baca tidak service karna resiko mati total jadi beli baru yaa harus liat review dulu dri david
"Bezel atas dan bawah masih lbih tebel dripada bezel sampingnya😅
Harga juga lagi mahal mahalnya yg ktanya karena klngkaan ram",Bezel atas dan bawah masih lbih tebel dripada bezel sampingnya😅 Harga juga lagi mahal mahalnya yg ktanya karena klngkaan ram,bezel atas bawah masih lbih tebel dripada bezel samping harga juga lagi mahal mahal ktanya karena klngkaan ram
"Apalah daya, aku masih generasi A20 dgn kekuatan sinyal terlemah","Apalah daya, aku masih generasi A20 dgn kekuatan sinyal terlemah",apa daya aku masih generasi a20 dgn kuat sinyal lemah
Masih setia make A51 dr 2020😂,Masih setia make A51 dr 2020😂,masih setia make a51 2020
A54 masih setia,A54 masih setia,a54 masih setia
Samsung kayanya dananya habis dipake riset privacy screen sama horizontal lock deh. Jadi upgrade2 lain malah gak ada yg kerasa. Gak salah sii berinovasi. Cmn kalo sistemnya begini org bakal mikir2 mau upgrade dari satu hp ke hp lain. 😅,Samsung kayanya dananya habis dipake riset privacy screen sama horizontal lock deh. Jadi upgrade2 lain malah gak ada yg kerasa. Gak salah sii berinovasi. Cmn kalo sistemnya begini org bakal mikir2 mau upgrade dari satu hp ke hp lain. 😅,samsung kaya dana habis dipake riset privacy screen sama horizontal lock deh jadi upgrade2 lain malah tidak rasa tidak salah sii inovasi cmn sistem begini org bakal mikir2 mau upgrade satu handphone handphone lain
"Gw pake A56 overall puas tp aga nyesel knp dlu g ambil S25FE aja sklian..tpi yaweslah, nanti upgrade klo udh A59 aja kali..","Gw pake A56 overall puas tp aga nyesel knp dlu g ambil S25FE aja sklian..tpi yaweslah, nanti upgrade klo udh A59 aja kali..",gw pake a56 overall puas aga nyesel knp dlu ambil s25fe sklian tpi yaweslah nanti upgrade klo a59 kali
Nunggu samsung A7x,Nunggu samsung A7x,nunggu samsung a7x
"Emang ini waktunya istirahat buat user samsung. Kalau A56 masih nyaman dipake, artinya memang belum waktunya ganti. 😂","Emang ini waktunya istirahat buat user samsung. Kalau A56 masih nyaman dipake, artinya memang belum waktunya ganti. 😂",emang waktu istirahat buat user samsung a56 masih nyaman dipake arti memang belum waktu ganti
User A52s hadir 😁,User A52s hadir 😁,user a52s hadir
Harga segitu mending flagship lama aja gak sih.. 😅,Harga segitu mending flagship lama aja gak sih.. 😅,harga segitu mending flagship lama tidak sih
yang masih nnton pake A54 😅,yang masih nnton pake A54 😅,masih nnton pake a54
"Lagi nonton pake samsung s24 , semoga kebeli buat orangtua","Lagi nonton pake samsung s24 , semoga kebeli buat orangtua",lagi nonton pake samsung s24 moga kebel buat orangtua
Seprrti biasa....overprice😂 aku udh pake a56 1 thn dn udh ada bbrp kendala,Seprrti biasa....overprice😂 aku udh pake a56 1 thn dn udh ada bbrp kendala,seprrti biasa overprice aku pake a56 thn dn bbrp kendala
"Ngaco ni merk, upgrade minim, harga selangit","Ngaco ni merk, upgrade minim, harga selangit",ngaco ni merk upgrade minim harga langit
Samsung A56s,Samsung A56s,samsung a56s
"Istri saya masih sayang sama A51, karena hasil perjuangan waktu awal kerja dan nama nya bagus, kayak 'area 51' 
Cuma HP nya sudah tidak bisa nyala, kalau ada yg jual, biar saya beli","Istri saya masih sayang sama A51, karena hasil perjuangan waktu awal kerja dan nama nya bagus, kayak 'area 51' Cuma HP nya sudah tidak bisa nyala, kalau ada yg jual, biar saya beli",istri masih sayang sama a51 karena hasil juang waktu awal kerja nama bagus kayak area 51 cuma handphone tidak nyala jual beli
Masih normal jaya A52 ❤ Pemakaian sudah berjalan 4 Tahun,Masih normal jaya A52 ❤ Pemakaian sudah berjalan 4 Tahun,masih normal jaya a52 pakai jalan tahun
Gila....udte sma harga ..gk ng0tak,Gila....udte sma harga ..gk ng0tak,gila udte sma harga tidak ng0tak
Bang bahas tecno camon 50 dong 🙏,Bang bahas tecno camon 50 dong 🙏,bahas tecno camon 50 dong
hahaa lucu sama samsung asli,hahaa lucu sama samsung asli,hahaa lucu sama samsung asli
"Aku user A14,dan mau beli karena meemori udah habis dan aku pengguna samsung dan pengguna hp yang ngak ribet cari isi ny yang penting bisa di pakek dan menyusuaikan budget aja","Aku user A14,dan mau beli karena meemori udah habis dan aku pengguna samsung dan pengguna hp yang ngak ribet cari isi ny yang penting bisa di pakek dan menyusuaikan budget aja",aku user a14 mau beli karena meemori habis aku guna samsung guna handphone ngak ribet cari isi ny penting pakek menyusuaikan budget
"Haduhhh,,,, brand Elekronik Korea hampir semua kurang berkembang masalah Desain,,,, kecuali Mobil","Haduhhh,,,, brand Elekronik Korea hampir semua kurang berkembang masalah Desain,,,, kecuali Mobil",haduhhh brand elekronik korea hampir semua kurang kembang masalah desain kecuali mobil
Kalau dari A52S ke A57 sperti nya pas nih buat upgrade,Kalau dari A52S ke A57 sperti nya pas nih buat upgrade,a52s a57 sperti pas nih buat upgrade
Nonton dari A54 wkw,Nonton dari A54 wkw,nonton a54 wkw
"Udah 2 orang temenku yang ganti hape dari A52, bukan ke A57, tapi ke s25fe. Ga tau apa memang dirancang untuk saling kanibal gini, tapi dengan harga segitu, kayak emang jauh lebih logis beli s25fe gasih?. Alasan beli a57 kayak cuman lebih baru aja.","Udah 2 orang temenku yang ganti hape dari A52, bukan ke A57, tapi ke s25fe. Ga tau apa memang dirancang untuk saling kanibal gini, tapi dengan harga segitu, kayak emang jauh lebih logis beli s25fe gasih?. Alasan beli a57 kayak cuman lebih baru aja.",orang temenku ganti hape a52 bukan a57 s25fe tidak tau apa memang rancang saling kanibal gin harga segitu kayak emang jauh lebih logis beli s25fe gasih alas beli a57 kayak cuman lebih baru
"Aku suka samsung dari cuma sekarang sudah pindah, masalahnya tangkapan sinyal samsung terlalu lemah dibanding yg lain","Aku suka samsung dari cuma sekarang sudah pindah, masalahnya tangkapan sinyal samsung terlalu lemah dibanding yg lain",aku suka samsung cuma sekarang pindah masalah tangkap sinyal samsung terlalu lemah banding lain
Bang mohon info nya apakah samsung yang yg seri A7 mentok di A73 kah bang ...,Bang mohon info nya apakah samsung yang yg seri A7 mentok di A73 kah bang ...,mohon info apakah samsung seri a7 mentok a73 kah
Baterainya berapa?,Baterainya berapa?,baterai berapa
Agak mahal mendekati harga S series😢,Agak mahal mendekati harga S series😢,agak mahal dekat harga series
Astaga taun lalu S25 FE dapet 9 hampir 10 kyknya,Astaga taun lalu S25 FE dapet 9 hampir 10 kyknya,astaga taun lalu s25 fe dapet hampir 10 kyknya
"Beli samsung itu beli seri sebelumnya karena emang nih hp buat jangka panjang bahkan yg rilis 2 tahun lalu pun masih wort it karena jaminan update nya, daripada beli yg baru rilis harga nya naik ga ngotak tapi upgrade nya dikit.","Beli samsung itu beli seri sebelumnya karena emang nih hp buat jangka panjang bahkan yg rilis 2 tahun lalu pun masih wort it karena jaminan update nya, daripada beli yg baru rilis harga nya naik ga ngotak tapi upgrade nya dikit.",beli samsung beli seri belum karena emang nih handphone buat jangka panjang bahkan rilis tahun lalu pun masih wort it karena jamin update daripada beli baru rilis harga naik tidak ngotak upgrade dikit
"Brandnya sih, samsung a10 ku aja masih idup. Blm pernah ganti batre juga dari awal, dipake anak buat muat main FF ama ML, bar bar lagi makenya 😂","Brandnya sih, samsung a10 ku aja masih idup. Blm pernah ganti batre juga dari awal, dipake anak buat muat main FF ama ML, bar bar lagi makenya 😂",brandnya sih samsung a10 ku masih idup blm pernah ganti batre juga awal dipake anak buat muat main ff ama ml bar bar lagi makenya
"betul samsung uda terlalu nyaman, makanya banyak yg rasis di korea 🗿","betul samsung uda terlalu nyaman, makanya banyak yg rasis di korea 🗿",betul samsung uda terlalu nyaman makanya banyak ras korea
Masih setia sama samsung a53 😂,Masih setia sama samsung a53 😂,masih setia sama samsung a53
jujur kek S series dan A series jadi makin mirip,jujur kek S series dan A series jadi makin mirip,jujur kek series series jadi makin mirip
HP KENTANG🔥,HP KENTANG🔥,handphone kentang
13:56  Bangg gw mau beli A56 masih worth it gak bangg?😢 Jadi bingung,13:56 Bangg gw mau beli A56 masih worth it gak bangg?😢 Jadi bingung,13 56 bangg gw mau beli a56 masih bagus tidak bangg jadi bingung
upgrade massive nya mungkin di serie A58,upgrade massive nya mungkin di serie A58,upgrade massive mungkin serie a58
Bismilah A57 bulan ini,Bismilah A57 bulan ini,bismilah a57 bulan
saking dikitt upgradenya david nulis pake kertas secuil😅,saking dikitt upgradenya david nulis pake kertas secuil😅,saking dikitt upgradenya david nulis pake kertas cuil
"Samsung tuh ibarat Honda di motor.. mau minor upgrade, harga terus2 naik pun ttp aja laku wkwk","Samsung tuh ibarat Honda di motor.. mau minor upgrade, harga terus2 naik pun ttp aja laku wkwk",samsung tuh ibarat honda motor mau minor upgrade harga terus2 naik pun ttp laku wkwk
"masih setia pakai A52s, gak tau kenapa ini HP nyaman banget jadi males beli HP baru,,","masih setia pakai A52s, gak tau kenapa ini HP nyaman banget jadi males beli HP baru,,",masih setia pakai a52s tidak tau kenapa handphone nyaman banget jadi males beli handphone baru
POCO X8 PRO LEBIH MENGGODA 😂,POCO X8 PRO LEBIH MENGGODA 😂,poco x8 pro lebih goda
Udh setahun pake a56 🫣,Udh setahun pake a56 🫣,tahun pake a56
"tahun 2026 masih pake samsung a33 5g, dan itupun dipake harian sama ngegame","tahun 2026 masih pake samsung a33 5g, dan itupun dipake harian sama ngegame",tahun 2026 masih pake samsung a33 5g itu dipake hari sama ngegame
Masih gacor poco F7 bang,Masih gacor poco F7 bang,masih gacor poco f7
"Bang david, tlg agkt isu terkait hp samsung kelas midrange dn dibwhny ttg susah nangkep sinyal  dong.. Coba baca komen lbh teliti, jgn cmn gembar gemborin views  konten a5 series yg banyak.. Ini byk minus di A5 series yg hrusny ga ada di sekelas midrange merk terkemuka. 

Byk isu susah nangkep sinyal provider dan gps. Dn ini sya alami sndri juga di a55 saya.. Trutama saat mggunakan fitur navigasi GPS/google map, layar hp sya matikan krn sya taruh kantong, biasany sya dengerun suara navigasuny aja utk tau kpn hrus belok atau lurus.. Tp yg trjdi sering ad notif sinyal gps hilang yg sya ga pernah alamin di 2th sya pkai rednote 13 4G.. Ini hp midrange loh bang.. Kualitas user experience yg sya alami bner² mengcwkan aplgi sya bndingkan dg rednote 13 4g yg kelas entry level xiaomi, berasa jauh lbh menyenangkan di rednote 13 4g..  Plis gemborin mslh sinyal ini biar samsung denger. Krn suara kecil kita para user biasa ga kan didenger.. Cmn influencer sperti bang david yg bsa agkt isu ini, plis","Bang david, tlg agkt isu terkait hp samsung kelas midrange dn dibwhny ttg susah nangkep sinyal dong.. Coba baca komen lbh teliti, jgn cmn gembar gemborin views konten a5 series yg banyak.. Ini byk minus di A5 series yg hrusny ga ada di sekelas midrange merk terkemuka. Byk isu susah nangkep sinyal provider dan gps. Dn ini sya alami sndri juga di a55 saya.. Trutama saat mggunakan fitur navigasi GPS/google map, layar hp sya matikan krn sya taruh kantong, biasany sya dengerun suara navigasuny aja utk tau kpn hrus belok atau lurus.. Tp yg trjdi sering ad notif sinyal gps hilang yg sya ga pernah alamin di 2th sya pkai rednote 13 4G.. Ini hp midrange loh bang.. Kualitas user experience yg sya alami bner² mengcwkan aplgi sya bndingkan dg rednote 13 4g yg kelas entry level xiaomi, berasa jauh lbh menyenangkan di rednote 13 4g.. Plis gemborin mslh sinyal ini biar samsung denger. Krn suara kecil kita para user biasa ga kan didenger.. Cmn influencer sperti bang david yg bsa agkt isu ini, plis",david tlg agkt isu kait handphone samsung kelas midrange dn dibwhny ttg susah nangkep sinyal dong coba baca komen lbh teliti jgn cmn gembar gemborin views konten a5 series banyak byk minus a5 series hrusny tidak kelas midrange merk muka byk isu susah nangkep sinyal provider gps dn sya alami sndri juga a55 trutama saat mggunakan fitur navigasi gps google map layar handphone sya mati karena sya taruh kantong biasany sya dengerun suara navigasuny utk tau kpn hrus belok lurus trjdi sering ad notif sinyal gps hilang sya tidak pernah alamin 2th sya pkai rednote 13 4g handphone midrange loh kualitas user experience sya alami bner mengcwkan aplgi sya bndingkan dg rednote 13 4g kelas entry level xiaomi asa jauh lbh senang rednote 13 4g plis gemborin mslh sinyal samsung denger karena suara kecil para user biasa tidak kan didenger cmn influencer sperti david bsa agkt isu plis
nonton pakai A54 kumpul sini 😂,nonton pakai A54 kumpul sini 😂,nonton pakai a54 kumpul sini
siapa yang masih punya Samsugn Galaxy A55? cung angkat tangan~,siapa yang masih punya Samsugn Galaxy A55? cung angkat tangan~,siapa masih punya samsugn galaxy a55 cung angkat tangan
"Terima kasih Samsung.. barisan user A5 khususnya A56 & A55 dimantapkan untuk saving money ditahun ini. 
tahu aja lagi gonjang ganjing duniawi. 😂wkwkwkwk",Terima kasih Samsung.. barisan user A5 khususnya A56 & A55 dimantapkan untuk saving money ditahun ini. tahu aja lagi gonjang ganjing duniawi. 😂wkwkwkwk,terima kasih samsung baris user a5 khusus a56 a55 mantap saving money tahun tahu lagi gonjang ganjing duniawi wkwkwkwk
"Ya biarin bang,, kan msh merasa diatas awan ga make otak,,,,, tp kan spt bb ato nokia,,,,.. pd hancur,,,, jgn dibahas spt itu,,,, liatin sj,...wkwkkwkw","Ya biarin bang,, kan msh merasa diatas awan ga make otak,,,,, tp kan spt bb ato nokia,,,,.. pd hancur,,,, jgn dibahas spt itu,,,, liatin sj,...wkwkkwkw",biarin kan msh rasa atas awan tidak make otak kan spt bb ato nokia pd hancur jgn bahas spt liatin sj wkwkkwkw
"Rekomendasiin kamera Hp yg bagus buat nnton konser Kpop dong bang, antara Samsung sma ViVo bagus d Series aph ?","Rekomendasiin kamera Hp yg bagus buat nnton konser Kpop dong bang, antara Samsung sma ViVo bagus d Series aph ?",rekomendasiin kamera handphone bagus buat nnton konser kpop dong antara samsung sma vivo bagus series aph
Yg di jelaskan upgradenya 1-3 menit... Yg saya rasakan hanya tetesan air,Yg di jelaskan upgradenya 1-3 menit... Yg saya rasakan hanya tetesan air,jelas upgradenya menit rasa hanya tetes air
Bang coba review tecno pova 7,Bang coba review tecno pova 7,coba review tecno pova
Kecil banget om kertas catatan upgrade samsung A57 nya,Kecil banget om kertas catatan upgrade samsung A57 nya,kecil banget om kertas catat upgrade samsung a57
Bangg review iqoo 15 ultra,Bangg review iqoo 15 ultra,bangg review iqoo 15 ultra
Alhamdulillah gw pake S25 ultra 256gb inter harga 9jt masih sangat worth it bgt,Alhamdulillah gw pake S25 ultra 256gb inter harga 9jt masih sangat worth it bgt,alhamdulillah gw pake s25 ultra 256gb inter harga 9jt masih sangat bagus banget
Pengguna A54 hadir 😂,Pengguna A54 hadir 😂,guna a54 hadir
"sebagai kaum mendang mending, sekalian s25fe","sebagai kaum mendang mending, sekalian s25fe",bagai kaum dang mending sekali s25fe
seri A5 sekarang udah hampir naik ke segmen Flagship wkwk,seri A5 sekarang udah hampir naik ke segmen Flagship wkwk,seri a5 sekarang hampir naik segmen flagship wkwk
Tim nonton review terus tanpa beli hihihi,Tim nonton review terus tanpa beli hihihi,tim nonton review terus tanpa beli hihihi
Mahal upgrade prosesor ampas,Mahal upgrade prosesor ampas,mahal upgrade prosesor ampas
"Masih pakek hp kentang redmi note 9 di era gempuran hp baru yg selalu muncul

Selama masih bisa dipakek ya disyukuri aja lah",Masih pakek hp kentang redmi note 9 di era gempuran hp baru yg selalu muncul Selama masih bisa dipakek ya disyukuri aja lah,masih pakek handphone kentang redmi note era gempur handphone baru selalu muncul lama masih dipakek syukur lah
"Wlo boikot produk s negara rasis, ttp nyimak video bang david","Wlo boikot produk s negara rasis, ttp nyimak video bang david",wlo boikot produk negara ras ttp nyimak video david
nonton video ini pake A55 kualitas 2160 p60 😅,nonton video ini pake A55 kualitas 2160 p60 😅,nonton video pake a55 kualitas 2160 p60
user a55 nyimak.....,user a55 nyimak.....,user a55 nyimak
"Skip, tunggu tahun depan lagi","Skip, tunggu tahun depan lagi",skip tunggu tahun depan lagi
"Klo untuk game dan kamera kayaknya lebih bagusan. Poco x8 pro, score antutu kancang ,harga lebih murah","Klo untuk game dan kamera kayaknya lebih bagusan. Poco x8 pro, score antutu kancang ,harga lebih murah",klo game kamera kayak lebih bagus poco x8 pro score antutu kancang harga lebih murah
Bodi lebih tipis dan berat lebih enteng tuh upgrade gak guna. 99% orang pasti pakai case yang bikin body nya jadi nambah tebel dan berat. Sama hape enteng menurut gw jadi berasa murah. Gw mau hape gw berat biar kerasa berbobot 😂,Bodi lebih tipis dan berat lebih enteng tuh upgrade gak guna. 99% orang pasti pakai case yang bikin body nya jadi nambah tebel dan berat. Sama hape enteng menurut gw jadi berasa murah. Gw mau hape gw berat biar kerasa berbobot 😂,bodi lebih tipis berat lebih enteng tuh upgrade tidak guna 99 orang pasti pakai case bikin body jadi nambah tebel berat sama hape enteng turut gw jadi asa murah gw mau hape gw berat rasa bobot
"Bg, rekomendasiin donk hp layar lengkung yg bagus","Bg, rekomendasiin donk hp layar lengkung yg bagus",bg rekomendasiin donk handphone layar lengkung bagus
"ah gw ganti ahhh, tapi pgn jual A55 gw dulu, gw jual 7,5 juta dahh ada yang mau? wakakakaa 😂😂","ah gw ganti ahhh, tapi pgn jual A55 gw dulu, gw jual 7,5 juta dahh ada yang mau? wakakakaa 😂😂",ah gw ganti ahhh pgn jual a55 gw dulu gw jual juta dahh mau wakakakaa
Samsung tiap upgrade sistem jd banyak sampah+nambah aplikasi ga berguna,Samsung tiap upgrade sistem jd banyak sampah+nambah aplikasi ga berguna,samsung tiap upgrade sistem jd banyak sampah nambah aplikasi tidak guna
A56 otw terjun harganya,A56 otw terjun harganya,a56 otw terjun harga
"bang, bikinin video list hp sesuai profesi dong: 
1. ojol (batere badak, layar di bawah sinar matahari masih terang, kena gerimis masih ok) 
2. karyawan kantoran ( batere kuat, kamera bagus, kirim file gede aman).
3. anak kuliah 
mudah2an di bikinin","bang, bikinin video list hp sesuai profesi dong: 1. ojol (batere badak, layar di bawah sinar matahari masih terang, kena gerimis masih ok) 2. karyawan kantoran ( batere kuat, kamera bagus, kirim file gede aman). 3. anak kuliah mudah2an di bikinin",bikinin video list handphone sesuai profesi dong ojol batere badak layar bawah sinar matahari masih terang kena gerimis masih ok karyawan kantor batere kuat kamera bagus kirim file gede aman anak kuliah mudah2an bikinin
Android 😂,Android 😂,android
Kapokk pake samsul baru 2 tahun siap2 banyak garis pelangi wkwk,Kapokk pake samsul baru 2 tahun siap2 banyak garis pelangi wkwk,kapokk pake samsul baru tahun siap2 banyak garis pelangi wkwk
"Berat di harga walaupun demi gengsi bos, ya mudah mudahan bisa ke beli 😅🤭","Berat di harga walaupun demi gengsi bos, ya mudah mudahan bisa ke beli 😅🤭",berat harga walaupun demi gengsi bos mudah mudah beli
Mending samsung A57 apa S24 Basic?,Mending samsung A57 apa S24 Basic?,mending samsung a57 apa s24 basic
Masih A73 2022,Masih A73 2022,masih a73 2022
"Samsung mantap, suka pantau review hp disini, jd pas waktunya ganti hp g salah pilih 😉","Samsung mantap, suka pantau review hp disini, jd pas waktunya ganti hp g salah pilih 😉",samsung mantap suka pantau review handphone sini jd pas waktu ganti handphone salah pilih
ditunggu review a37 bangg,ditunggu review a37 bangg,tunggu review a37 bangg
"10:27 izin jawab bg, alesannya a56 dan generasi sebelumnya itu patah pas switch antar lensa karena sistem kodingan kameranya (di sistem androidL itu beda dari a57 dan hp lain yg bisa seamless, gua pernah ngoding (make bahasa pemrograman dart kotlin) pas bikin aplikasi baru menyadari ini klo hp uppermid atau flagship itu bisa mulus karena klo di kodingan kita tinggal manggil ""zoom out"" jd gaada jeda dari main camera ke ultrawide, sedangkan klo kyk a56 itu setingan cameranya disimpen by camera id jadi klo main camnya mau pindah ke ultrawide/tele ya harus matiin lensa utamanya dulu dan sebaliknya, tp harusnya klo samsungnya mau ya bisa2 aja sih","10:27 izin jawab bg, alesannya a56 dan generasi sebelumnya itu patah pas switch antar lensa karena sistem kodingan kameranya (di sistem androidL itu beda dari a57 dan hp lain yg bisa seamless, gua pernah ngoding (make bahasa pemrograman dart kotlin) pas bikin aplikasi baru menyadari ini klo hp uppermid atau flagship itu bisa mulus karena klo di kodingan kita tinggal manggil ""zoom out"" jd gaada jeda dari main camera ke ultrawide, sedangkan klo kyk a56 itu setingan cameranya disimpen by camera id jadi klo main camnya mau pindah ke ultrawide/tele ya harus matiin lensa utamanya dulu dan sebaliknya, tp harusnya klo samsungnya mau ya bisa2 aja sih",10 27 izin jawab bg alesannya a56 generasi belum patah pas switch antar lensa karena sistem kodingan kamera sistem androidl beda a57 handphone lain seamless gua pernah ngoding make bahasa pemrograman dart kotlin pas bikin aplikasi baru sadar klo handphone uppermid flagship mulus karena klo kodingan tinggal manggil zoom out jd gaada jeda main camera ultrawide sedang klo kyk a56 ting cameranya disimpen by camera id jadi klo main cam mau pindah ultrawide tele harus matiin lensa utama dulu balik harus klo samsungnya mau bisa2 sih
Ditunggu rumor a77,Ditunggu rumor a77,tunggu rumor a77
"gw sbgai konsumen hp pasar mid range, gw lebih tertarik dan lebih menjajikan vivo v70","gw sbgai konsumen hp pasar mid range, gw lebih tertarik dan lebih menjajikan vivo v70",gw sbgai konsumen handphone pasar mid range gw lebih tarik lebih menjajikan vivo v70
Harga 8 juta.. mending s24 fe atau nambah sejuta ke s25 fe dapet spek setara flagship..,Harga 8 juta.. mending s24 fe atau nambah sejuta ke s25 fe dapet spek setara flagship..,harga juta mending s24 fe nambah juta s25 fe dapet spesifikasi tara flagship
Upgrade harga inimah 😂,Upgrade harga inimah 😂,upgrade harga inimah
Hp panasss,Hp panasss,handphone panasss
awas disemprot sama yang punya samsung 😂,awas disemprot sama yang punya samsung 😂,awas semprot sama punya samsung
"Minta saran dong guys, Tecno pova7 5G cocok buat gaming dan live streaming game ga yak? Lagi niat ngumpulin buat Tecno pova7 5G","Minta saran dong guys, Tecno pova7 5G cocok buat gaming dan live streaming game ga yak? Lagi niat ngumpulin buat Tecno pova7 5G",minta saran dong guys tecno pova7 5g cocok buat gaming live streaming game tidak yak lagi niat ngumpulin buat tecno pova7 5g
Hoaaammmzzzz,Hoaaammmzzzz,hoaaammmzzzz
Hp ku samsung dri dulu thn 2005,Hp ku samsung dri dulu thn 2005,handphone ku samsung dri dulu thn 2005
"Udah kapok pakai sumsang 😂 dari hp nya dari tab nya . Mana kalo hp nya bermasalah servis center nya ribet lecet dikit aja lasung jadi pertanyaan ujung "" nya garasi di hanguskan 😂","Udah kapok pakai sumsang 😂 dari hp nya dari tab nya . Mana kalo hp nya bermasalah servis center nya ribet lecet dikit aja lasung jadi pertanyaan ujung "" nya garasi di hanguskan 😂",kapok pakai sumsang handphone tab mana handphone masalah servis center ribet lecet dikit lasung jadi tanya ujung garasi hangus
Seri fe terakhir udah worth it,Seri fe terakhir udah worth it,seri fe akhir bagus
Nonton review A57 ini masih pake samsung J7 2016 dong.. lumayan bagus jg ya samsung a....... J7 2016 gw 😁,Nonton review A57 ini masih pake samsung J7 2016 dong.. lumayan bagus jg ya samsung a....... J7 2016 gw 😁,nonton review a57 masih pake samsung j7 2016 dong lumayan bagus juga samsung j7 2016 gw
A26 gmn bg,A26 gmn bg,a26 gmn bg
"gapernah tertarik sama midrange Samsung kecuali flagshipnya, lebih suka midrange brand lain walau ada iklan selama masih wajar gapapa aku bukan pemuja ui tapi pemuja spek soalnya diharga segitu brand lain banyak jauh lebih bagus dan hasil performa kamera dan chipset juga banyak yang lebih bagus kalau kalangan midrange harus jadi kalangan mendang mending kalau bukan kalangan itu yah jadi pengguna flagship, pengguna Samsung dikibulin software update padahal cuma midrange jirr","gapernah tertarik sama midrange Samsung kecuali flagshipnya, lebih suka midrange brand lain walau ada iklan selama masih wajar gapapa aku bukan pemuja ui tapi pemuja spek soalnya diharga segitu brand lain banyak jauh lebih bagus dan hasil performa kamera dan chipset juga banyak yang lebih bagus kalau kalangan midrange harus jadi kalangan mendang mending kalau bukan kalangan itu yah jadi pengguna flagship, pengguna Samsung dikibulin software update padahal cuma midrange jirr",gapernah tarik sama midrange samsung kecuali flagshipnya lebih suka midrange brand lain walau iklan lama masih wajar gapapa aku bukan puja ui puja spesifikasi soal harga segitu brand lain banyak jauh lebih bagus hasil performa kamera chipset juga banyak lebih bagus kalang midrange harus jadi kalang dang mending bukan kalang yah jadi guna flagship guna samsung dikibulin software update padahal cuma midrange jirr
Nonton ini pake x8Pro,Nonton ini pake x8Pro,nonton pake x8pro
Under 8jt minimal dapet hp comoact ukuran nya ya gaes yaa hahaa,Under 8jt minimal dapet hp comoact ukuran nya ya gaes yaa hahaa,under 8jt minimal dapet handphone comoact ukur gaes yaa hahaa
"Ini harganya jd naik banget alasannya sama dengan perangkat elektronik / PC kan ? Ada gila-gilanya harganya padahal bedanya setipis tisu sama A56.  Sabar nabung dikit lagi sekalian gas Galaxy F10 Fe aja deh kalau gini. :""","Ini harganya jd naik banget alasannya sama dengan perangkat elektronik / PC kan ? Ada gila-gilanya harganya padahal bedanya setipis tisu sama A56. Sabar nabung dikit lagi sekalian gas Galaxy F10 Fe aja deh kalau gini. :""",harga jd naik banget alas sama perangkat elektronik pc kan gila gila harga padahal beda setip tisu sama a56 sabar nabung dikit lagi sekali gas galaxy f10 fe deh gin
Lensa yg di naikin shanks mahal euyy,Lensa yg di naikin shanks mahal euyy,lensa naikin shanks mahal euyy
Punya sya a56 sudah enak,Punya sya a56 sudah enak,punya sya a56 enak
Maaf nanya a57 ada mode cinematic gak ya?,Maaf nanya a57 ada mode cinematic gak ya?,maaf nanya a57 mode cinematic tidak
Mending s24fe gak sih,Mending s24fe gak sih,mending s24fe tidak sih
coba review hp infinix note 60 ultra min,coba review hp infinix note 60 ultra min,coba review handphone infinix note 60 ultra min
bang camon 50 pro 5g bang,bang camon 50 pro 5g bang,camon 50 pro 5g
Kata sellernya sendiri S series aja masih bisa hangat apalagi A series woahh meloncot yg pegang tuh hp dengan dipakai seharian 😂,Kata sellernya sendiri S series aja masih bisa hangat apalagi A series woahh meloncot yg pegang tuh hp dengan dipakai seharian 😂,kata sellernya sendiri series masih hangat apalagi series woahh meloncot pegang tuh handphone pakai hari
"Udh muak pake samsung,Punya S9 S21 Layar garis hiju masalahnya dan nambah padahal jatuh h juga ngga..Bentar lagi juga ancur ini","Udh muak pake samsung,Punya S9 S21 Layar garis hiju masalahnya dan nambah padahal jatuh h juga ngga..Bentar lagi juga ancur ini",muak pake samsung punya s9 s21 layar garis hiju masalah nambah padahal jatuh juga ngga bentar lagi juga ancur
nonton smbil masih pake generasi A50 pertama 😅,nonton smbil masih pake generasi A50 pertama 😅,nonton smbil masih pake generasi a50 pertama
"spek seada nya, upgrade secuil, harga nya gila gilaan😂 samsung serie A5 udh offside bngt sih","spek seada nya, upgrade secuil, harga nya gila gilaan😂 samsung serie A5 udh offside bngt sih",spesifikasi ada upgrade cuil harga gila gila samsung serie a5 offside bngt sih
Masih di s23 ultra siapa,Masih di s23 ultra siapa,masih s23 ultra siapa
"Kenapa A7 nya gak keluar ya, stuck di A72 apa A73 si?","Kenapa A7 nya gak keluar ya, stuck di A72 apa A73 si?",kenapa a7 tidak keluar stuck a72 apa a73 si
"Nyimak pakai samsung lawas banget ini note 20U,, pengen ganti baru kalah sama kebutuhan 😂😂","Nyimak pakai samsung lawas banget ini note 20U,, pengen ganti baru kalah sama kebutuhan 😂😂",nyimak pakai samsung lawas banget note 20u ken ganti baru kalah sama butuh
Alhamdulillah... Kemaren bimbang antara vivo v70fe sama samsung... Akhirnya ngambil si vivo V70 Fe.,Alhamdulillah... Kemaren bimbang antara vivo v70fe sama samsung... Akhirnya ngambil si vivo V70 Fe.,alhamdulillah kemaren bimbang antara vivo v70fe sama samsung akhir ngambil si vivo v70 fe
"Saran dong beli hp Samsung apa? Jujur, Kemarin mau ganti ini tapi kok harganya beda tipis sama yg S series","Saran dong beli hp Samsung apa? Jujur, Kemarin mau ganti ini tapi kok harganya beda tipis sama yg S series",saran dong beli handphone samsung apa jujur kemarin mau ganti kok harga beda tipis sama series
Nonton dengan Redmi Note 9 Pro yang backdoor nya retak..,Nonton dengan Redmi Note 9 Pro yang backdoor nya retak..,nonton redmi note pro backdoor retak
Menurut ku upgrade nya udah lumayan ya kan udah ada galaxy AI Nya sekarang,Menurut ku upgrade nya udah lumayan ya kan udah ada galaxy AI Nya sekarang,turut ku upgrade lumayan kan galaxy ai sekarang
next samsung A17 LTE/5g!!!,next samsung A17 LTE/5g!!!,next samsung a17 lte 5g
beli adaptor charger nya di mna,beli adaptor charger nya di mna,beli adaptor charger mna
Blm BS 4k 60 ya,Blm BS 4k 60 ya,blm bs 4k 60
Najis bangettttt midrange Samsung makin ke sini,Najis bangettttt midrange Samsung makin ke sini,najis bangettttt midrange samsung makin sini
"Bezel nya mas, dengan harga segitu Lo, tipisin dikit kek","Bezel nya mas, dengan harga segitu Lo, tipisin dikit kek",bezel mas harga segitu lo tipisin dikit kek
Samsung makin malesin.... sudah waktunya pindah brand,Samsung makin malesin.... sudah waktunya pindah brand,samsung makin malesin waktu pindah brand
Gak worth lama lama samsung,Gak worth lama lama samsung,tidak worth lama lama samsung
Harga flagship kualitas sulit,Harga flagship kualitas sulit,harga flagship kualitas sulit
"mayan beli s25fe 2 bulan lalu dpt harga 8,2","mayan beli s25fe 2 bulan lalu dpt harga 8,2",mayan beli s25fe bulan lalu dapat harga
"A55 gaca mic.

Yg ini mau apalagi ya..",A55 gaca mic. Yg ini mau apalagi ya..,a55 gaca mic mau apalagi
A55 masih yang terbaik,A55 masih yang terbaik,a55 masih baik
"overprice seperti biasa. ufs masih 3.1 dipake ngedit kurang kenceng (ini 7jutaan loh minimal 4.0), chip ampas exynos masih aja dipake, maen game sampe 47°c😂. yang bilang ini kan bukan hp gaming, lah yang namannya allrounder harus bagus di segala aspek termasuk di chipsetnya. layar juga yang lain udah 1,5k ini masih 1080p!😂😂. coba sebutin kelebihan hp ini😹","overprice seperti biasa. ufs masih 3.1 dipake ngedit kurang kenceng (ini 7jutaan loh minimal 4.0), chip ampas exynos masih aja dipake, maen game sampe 47°c😂. yang bilang ini kan bukan hp gaming, lah yang namannya allrounder harus bagus di segala aspek termasuk di chipsetnya. layar juga yang lain udah 1,5k ini masih 1080p!😂😂. coba sebutin kelebihan hp ini😹",overprice seperti biasa ufs masih dipake ngedit kurang kenceng 7jutaan loh minimal chip ampas exynos masih dipake maen game sampe 47 bilang kan bukan handphone gaming lah namannya allrounder harus bagus segala aspek masuk chipsetnya layar juga lain 5k masih 1080p coba sebutin lebih handphone
entah knp klo liat layar samsung itu nyaman banget ketimbang mid range lain walau yg lain bezel tipis tipis tapi nama nya samsung yg brand dengan kualitas layar terbaik no 1 mo gimana lagi,entah knp klo liat layar samsung itu nyaman banget ketimbang mid range lain walau yg lain bezel tipis tipis tapi nama nya samsung yg brand dengan kualitas layar terbaik no 1 mo gimana lagi,entah knp klo liat layar samsung nyaman banget ketimbang mid range lain walau lain bezel tipis tipis nama samsung brand kualitas layar baik no mo gimana lagi
"Rencananya mau ganti dari a56 ke a57, apakah worthead?","Rencananya mau ganti dari a56 ke a57, apakah worthead?",rencana mau ganti a56 a57 apakah worthead
A55 😂😂,A55 😂😂,a55
Nonton pakai A50 😊,Nonton pakai A50 😊,nonton pakai a50
nambah dikit aja blayy ambil 25fe,nambah dikit aja blayy ambil 25fe,nambah dikit blayy ambil 25fe
"Akhirnya bisa milih antara A57 dan Poco X 8 Pro Max, ya jelas aku pilih Poco 🥰","Akhirnya bisa milih antara A57 dan Poco X 8 Pro Max, ya jelas aku pilih Poco 🥰",akhir milih antara a57 poco pro max jelas aku pilih poco
Kabulkan doa doa kami Ya Alloh,Kabulkan doa doa kami Ya Alloh,kabul doa doa kami alloh
"Peningkatan performa hp nya cuma belasan persen dari pendahulunya, kamera depannya downgrade","Peningkatan performa hp nya cuma belasan persen dari pendahulunya, kamera depannya downgrade",tingkat performa handphone cuma bas persen dahulu kamera depan downgrade
Masih nyaman di a55 aja😊,Masih nyaman di a55 aja😊,masih nyaman a55
upgrade harga aja😂,upgrade harga aja😂,upgrade harga
"(gw a56) ada yang ngerasa kalo samsung susah sinyal? kaya diawal doang kalo nyalain data itu kenceng, trs setelah 1 menit kaya gada sinyal gitu, kaya ga stabil nangkep sinyal nya. kenapa ya kira²?","(gw a56) ada yang ngerasa kalo samsung susah sinyal? kaya diawal doang kalo nyalain data itu kenceng, trs setelah 1 menit kaya gada sinyal gitu, kaya ga stabil nangkep sinyal nya. kenapa ya kira²?",gw a56 ngerasa samsung susah sinyal kaya awal doang nyalain data kenceng trs telah menit kaya gada sinyal gitu kaya tidak stabil nangkep sinyal kenapa kira
Sama aja ngak bisa pake memory😂,Sama aja ngak bisa pake memory😂,sama ngak pake memory
skip,skip,skip
Bang review hp lama dong samsung a06 5g,Bang review hp lama dong samsung a06 5g,review handphone lama dong samsung a06 5g
"Masi pake A55 dan kayanya mau tunggu S27 atau 28 FE aja nnti mngkn baru upgrade😂 hp midrange itu untuk buat dipake 3-5 tahun, kalo mau upgrade tiap tahun ya mending pake flagship aja sekalian jangan nanggung, kalo punya banyak uang kok beli nya yg overprice😂","Masi pake A55 dan kayanya mau tunggu S27 atau 28 FE aja nnti mngkn baru upgrade😂 hp midrange itu untuk buat dipake 3-5 tahun, kalo mau upgrade tiap tahun ya mending pake flagship aja sekalian jangan nanggung, kalo punya banyak uang kok beli nya yg overprice😂",mas pake a55 kaya mau tunggu s27 28 fe nnti mngkn baru upgrade handphone midrange buat dipake tahun mau upgrade tiap tahun mending pake flagship sekali jangan nanggung punya banyak uang kok beli overprice
Nontonin ini sambil scroll pake A52,Nontonin ini sambil scroll pake A52,nontonin sambil scroll pake a52
"nonton review A57 5G lewat A50, izin sepuhhh 🙏","nonton review A57 5G lewat A50, izin sepuhhh 🙏",nonton review a57 5g lewat a50 izin sepuhhh
"setiap tahun dari a53 - a56 selalu beli, tapi untuk seri tahun ini Skipp aja  yup karena harganya terlalu over.","setiap tahun dari a53 - a56 selalu beli, tapi untuk seri tahun ini Skipp aja yup karena harganya terlalu over.",tiap tahun a53 a56 selalu beli seri tahun skipp yup karena harga terlalu over
Misteri box,Misteri box,misteri box
Harganya tetap ga worth it ya kalau pertimbangkan kenaikan harga karena RAM-pocalypse?,Harganya tetap ga worth it ya kalau pertimbangkan kenaikan harga karena RAM-pocalypse?,harga tetap tidak bagus timbang naik harga karena ram pocalypse
"Pusing lihat hp keluar series baru terus 😂
Mana duitnya nggak ada 🤣",Pusing lihat hp keluar series baru terus 😂 Mana duitnya nggak ada 🤣,pusing lihat handphone keluar series baru terus mana duit tidak
kalo menurut saya untuk kaum mendang mending kalo udh selisih 1jtan kayanya geser ke brand sebelah dehh....,kalo menurut saya untuk kaum mendang mending kalo udh selisih 1jtan kayanya geser ke brand sebelah dehh....,turut kaum dang mending selisih 1jtan kaya geser brand belah dehh
"Oppo a57❌
Samsung a57✅",Oppo a57❌ Samsung a57✅,oppo a57 samsung a57
"Ngecas sambil disiram air bang, biar kayak abang2 ojol yg ngecas di motor sambil narik ojol","Ngecas sambil disiram air bang, biar kayak abang2 ojol yg ngecas di motor sambil narik ojol",ngecas sambil siram air kayak abang2 ojol ngecas motor sambil narik ojol
HP sampah 😂😅,HP sampah 😂😅,handphone sampah
Bawah....,Bawah....,bawah
"Bolongan kecil dibawah biasanya buat ngebuang air yg masuk , saya soalnya pernah nyobain di Samsung S20 fe , koreksi kalo salah 🙏🏻😁","Bolongan kecil dibawah biasanya buat ngebuang air yg masuk , saya soalnya pernah nyobain di Samsung S20 fe , koreksi kalo salah 🙏🏻😁",bolong kecil bawah biasa buat ngebuang air masuk soal pernah nyobain samsung s20 fe koreksi salah
"Klo yg seri A73 k atas nya msh ada kga c? 
O msh ada d review dunk min...",Klo yg seri A73 k atas nya msh ada kga c? O msh ada d review dunk min...,klo seri a73 atas msh kga msh review dunk min
"Brand HP yg saya kenal dan saya pakai hanya SAMSUNG dan Apple saja, selain itu tidak berani coba.","Brand HP yg saya kenal dan saya pakai hanya SAMSUNG dan Apple saja, selain itu tidak berani coba.",brand handphone kenal pakai hanya samsung apple selain tidak berani coba
Jadi bingung mau ambil yang mana recomend gaa sih kalo semisal ambil yang a37😂,Jadi bingung mau ambil yang mana recomend gaa sih kalo semisal ambil yang a37😂,jadi bingung mau ambil mana recomend gaa sih misal ambil a37
"Udah 2026
Udah A57
Harga 8jt an
Kwalitas vidio masih aja mentok di 4k 30fps...🤦🤦 ampun dah...

Bukan membandingkan.. Tp klu pribadi aku lebih milih iphone 14🙏",Udah 2026 Udah A57 Harga 8jt an Kwalitas vidio masih aja mentok di 4k 30fps...🤦🤦 ampun dah... Bukan membandingkan.. Tp klu pribadi aku lebih milih iphone 14🙏,2026 a57 harga 8jt an kwalitas vidio masih mentok 4k 30fps ampun dah bukan banding klu pribadi aku lebih milih iphone 14
"Bang, cari telefon gaming harga murah","Bang, cari telefon gaming harga murah",cari telefon gaming harga murah
bg knp gk pernah giveway?,bg knp gk pernah giveway?,bg knp tidak pernah giveway
OPPO RENO 15 VS 15F 5G VS 15 PRO,OPPO RENO 15 VS 15F 5G VS 15 PRO,oppo reno 15 vs 15f 5g vs 15 pro
8jt buat dapetin hp ini sih rugi hahahaha,8jt buat dapetin hp ini sih rugi hahahaha,8jt buat dapetin handphone sih rugi hahahaha
Dan harganya 9 juta :),Dan harganya 9 juta :),harga juta
Nonton pake Samsung A54 nih kitaa😊,Nonton pake Samsung A54 nih kitaa😊,nonton pake samsung a54 nih kitaa
Masih Pakai A52 sampai sekarang hehe...,Masih Pakai A52 sampai sekarang hehe...,masih pakai a52 sampai sekarang hehe
Kenapa Samsung ga pake chipset Snapdragon?,Kenapa Samsung ga pake chipset Snapdragon?,kenapa samsung tidak pake chipset snapdragon
Channel paling waras kalau review gak pake babibu,Channel paling waras kalau review gak pake babibu,channel paling waras review tidak pake babibu
"Agak mengecewakan ya wkwk, kirain bakal ada update yang lumayan, taunya hampir sama aja kayak a56.","Agak mengecewakan ya wkwk, kirain bakal ada update yang lumayan, taunya hampir sama aja kayak a56.",agak kecewa wkwk kirain bakal update lumayan tau hampir sama kayak a56
Beli HP s25fe harga segitu dimana kak,Beli HP s25fe harga segitu dimana kak,beli handphone s25fe harga segitu mana kak
Jangan lupa masih ada motorola edge 60 pro,Jangan lupa masih ada motorola edge 60 pro,jangan lupa masih motorola edge 60 pro
"Gw suka pake samsung, khususnya flagship karena konsumen gw dikasi kesempatan untuk merasakan fitur starwars","Gw suka pake samsung, khususnya flagship karena konsumen gw dikasi kesempatan untuk merasakan fitur starwars",gw suka pake samsung khusus flagship karena konsumen gw kasi sempat rasa fitur starwars
Nonton pake A52s yang backdoornya copot2an,Nonton pake A52s yang backdoornya copot2an,nonton pake a52s backdoornya copot2an
Tim yang masih setia dengan A54  ----->,Tim yang masih setia dengan A54 ----->,tim masih setia a54
"Dulu Samsung anti-banget sama design yg mirip iphone gini..tapi sekarang dah mulai menurunkan ego-nya😅

*jadi inget brand dulu yg gak mau ngikutin selera pasar akhirnya tumbang 🙂",Dulu Samsung anti-banget sama design yg mirip iphone gini..tapi sekarang dah mulai menurunkan ego-nya😅 *jadi inget brand dulu yg gak mau ngikutin selera pasar akhirnya tumbang 🙂,dulu samsung anti banget sama design mirip iphone gin sekarang dah mulai turun ego jadi inget brand dulu tidak mau ngikutin selera pasar akhir tumbang
"memang bukan hape orang2 yg suka kebaruan sih, hape orang2 yg sudah selesai dengan semua itu, tidak terlalu fomo dengan teknologi, suka dengan ke stabilan dan beli utk dipakai 4-5 tahun lalu diwariskan ke anak.","memang bukan hape orang2 yg suka kebaruan sih, hape orang2 yg sudah selesai dengan semua itu, tidak terlalu fomo dengan teknologi, suka dengan ke stabilan dan beli utk dipakai 4-5 tahun lalu diwariskan ke anak.",memang bukan hape orang2 suka baru sih hape orang2 selesai semua tidak terlalu fomo teknologi suka stabil beli utk pakai tahun lalu waris anak
Nonton pake SAMSUNG A56 pink ❤,Nonton pake SAMSUNG A56 pink ❤,nonton pake samsung a56 pink
Samsung a37 ga di reviuw bg,Samsung a37 ga di reviuw bg,samsung a37 tidak reviuw bg
Poco x8 pro max vs samsung a57,Poco x8 pro max vs samsung a57,poco x8 pro max vs samsung a57
Aku gak tau kenapa hape kaya gitu kok ada fansnya 😅,Aku gak tau kenapa hape kaya gitu kok ada fansnya 😅,aku tidak tau kenapa hape kaya gitu kok fansnya
Marketing peralatan elektronik memang gitu sebenarnya pabrik nya bisa buat produk yang langsung sempurna cuman demi cuan ya ada yang dikurangi2 jadi biar kita beli terus tiap ada produk baru yang keluar padahal spek nya cuman beda tipis dengan yang versi sebelum nya,Marketing peralatan elektronik memang gitu sebenarnya pabrik nya bisa buat produk yang langsung sempurna cuman demi cuan ya ada yang dikurangi2 jadi biar kita beli terus tiap ada produk baru yang keluar padahal spek nya cuman beda tipis dengan yang versi sebelum nya,marketing alat elektronik memang gitu benar pabrik buat produk langsung sempurna cuman demi cuan dikurangi2 jadi beli terus tiap produk baru keluar padahal spesifikasi cuman beda tipis versi belum
"Harga segitu beli kingfinix untungnya udah banyak banget. Dari jamannya kuliah udah gak pernah beli brand Samsung, alasannya karena dari Korea (Si rasis yang tiada tanding). 😅","Harga segitu beli kingfinix untungnya udah banyak banget. Dari jamannya kuliah udah gak pernah beli brand Samsung, alasannya karena dari Korea (Si rasis yang tiada tanding). 😅",harga segitu beli kingfinix untung banyak banget jaman kuliah tidak pernah beli brand samsung alas karena korea si ras tiada tanding
"Dari 8/128 harga 7.5, perfoma biasa aja kamera juga biasa, udah termasuk gak worth it di kelas harga segitu bnyak yang lebih unggul.","Dari 8/128 harga 7.5, perfoma biasa aja kamera juga biasa, udah termasuk gak worth it di kelas harga segitu bnyak yang lebih unggul.",128 harga perfoma biasa kamera juga biasa masuk tidak bagus kelas harga segitu bnyak lebih unggul
"Baru beli kemarin malem..beralih dri a55 skrang pakai a57..
Nyaman""","Baru beli kemarin malem..beralih dri a55 skrang pakai a57.. Nyaman""",baru beli kemarin malem alih dri a55 skrang pakai a57 nyaman
"Gue punya a56 gatot gess alias barang gagal, bagus a55
Masukin video ke status WA koq pecah, bingung di apain pengaturannya, pdhal msh bawaan pabrik, kalah sama a55 bening bgt video masuk ke status WA","Gue punya a56 gatot gess alias barang gagal, bagus a55 Masukin video ke status WA koq pecah, bingung di apain pengaturannya, pdhal msh bawaan pabrik, kalah sama a55 bening bgt video masuk ke status WA",gue punya a56 gatot gess alias barang gagal bagus a55 masukin video status wa koq pecah bingung apain atur pdhal msh bawa pabrik kalah sama a55 bening banget video masuk status wa
Lebih ke Upgrade Harga sih,Lebih ke Upgrade Harga sih,lebih upgrade harga sih
"Beli ....beli....beli....beli ... biar puas.
😂😂😂",Beli ....beli....beli....beli ... biar puas. 😂😂😂,beli beli beli beli puas
"Setrika dan boros , knapa masih pake eksinos","Setrika dan boros , knapa masih pake eksinos",setrika boros knapa masih pake eksinos
wkwk piro?,wkwk piro?,wkwk piro
Nyimak pake samsung a37,Nyimak pake samsung a37,nyimak pake samsung a37
Mending Tecno camon 40 pro,Mending Tecno camon 40 pro,mending tecno camon 40 pro
"Akhirnya a52s dan redmi note 10 pro saya sudah selesai masa tugasnya, dan sekarang a57 dan redmi note 15 pro yg harus bertugas. Redmi note pro dan samsung a5 itu selalu jadi hp favorit saya, hp lain belum bisa menggantikan dua tipe ini 😁","Akhirnya a52s dan redmi note 10 pro saya sudah selesai masa tugasnya, dan sekarang a57 dan redmi note 15 pro yg harus bertugas. Redmi note pro dan samsung a5 itu selalu jadi hp favorit saya, hp lain belum bisa menggantikan dua tipe ini 😁",akhir a52s redmi note 10 pro selesai masa tugas sekarang a57 redmi note 15 pro harus tugas redmi note pro samsung a5 selalu jadi handphone favorit handphone lain belum ganti dua tipe
A57 mandul ngk ada terobosan,A57 mandul ngk ada terobosan,a57 mandul ngk terobos
"Dari dulu suka Samsung, cuma kebeli Samsung Duos ntah tahun berapa, sampai sekarang 2026 gx pernah kebeli. 😢","Dari dulu suka Samsung, cuma kebeli Samsung Duos ntah tahun berapa, sampai sekarang 2026 gx pernah kebeli. 😢",dulu suka samsung cuma kebel samsung duos ntah tahun berapa sampai sekarang 2026 gx pernah kebel
Sayang sekali masih mainan makro😭,Sayang sekali masih mainan makro😭,sayang sekali masih main makro
"8.999 cmn dapet kamera makro 5 mp lawakkk, disaat brand lain udah dikasih telephoto. Memanfaatkan harga ram buat cari cuan lebih banyak sung sung","8.999 cmn dapet kamera makro 5 mp lawakkk, disaat brand lain udah dikasih telephoto. Memanfaatkan harga ram buat cari cuan lebih banyak sung sung",999 cmn dapet kamera makro mp lawakkk saat brand lain kasih telephoto manfaat harga ram buat cari cuan lebih banyak sung sung
sepanjang video ni orang sarkasnya gokil parah😂😂😂,sepanjang video ni orang sarkasnya gokil parah😂😂😂,panjang video ni orang sarkasnya gokil parah
Cocoknya jadi a56s😂,Cocoknya jadi a56s😂,cocok jadi a56s
"Dulu beli A52s berasa paling tinggi dibanding series A yg sebelumnya, eh sekarang udh di series A57 😮😂 cepet banget wkwk tapi Alhamdulillah masih setia di A52s 😅","Dulu beli A52s berasa paling tinggi dibanding series A yg sebelumnya, eh sekarang udh di series A57 😮😂 cepet banget wkwk tapi Alhamdulillah masih setia di A52s 😅",dulu beli a52s asa paling tinggi banding series belum eh sekarang series a57 cepet banget wkwk alhamdulillah masih setia a52s
Bang Davit ngomong jawa cokkk 🤣🤣 11:59,Bang Davit ngomong jawa cokkk 🤣🤣 11:59,davit ngomong jawa cokkk 11 59
"Ada yang punya saran hp bekas atau baru under 4 juta soalnya bingung, sekarang punya Poco X6 (bukan yang pro) buat game dan mau beli hp kedua buat daily driver jd gak pentingin performa","Ada yang punya saran hp bekas atau baru under 4 juta soalnya bingung, sekarang punya Poco X6 (bukan yang pro) buat game dan mau beli hp kedua buat daily driver jd gak pentingin performa",punya saran handphone bekas baru under juta soal bingung sekarang punya poco x6 bukan pro buat game mau beli handphone dua buat daily driver jd tidak pentingin performa
"Sayang nya harga mahal, kamera yg di pake cuma 2,yg 1 gimik, kamera macro buat apa?","Sayang nya harga mahal, kamera yg di pake cuma 2,yg 1 gimik, kamera macro buat apa?",sayang harga mahal kamera pake cuma gimik kamera macro buat apa
Bang review tecno 50,Bang review tecno 50,review tecno 50
Untung gajadi beli a57😂😂... mendingan poco x8 pro Max😁,Untung gajadi beli a57😂😂... mendingan poco x8 pro Max😁,untung gajadi beli a57 mending poco x8 pro max
"Ada yang pernah bahas quick sharenya samsung ngga sih..
Yang sama sekali ngga quick..
Ngeselin",Ada yang pernah bahas quick sharenya samsung ngga sih.. Yang sama sekali ngga quick.. Ngeselin,pernah bahas quick sharenya samsung ngga sih sama sekali ngga quick ngeselin
Camon 50pro dong bang,Camon 50pro dong bang,camon 50pro dong
"masih setia ma A35,,
sambil nunggu harga nya turun 3 juta an..🤣🤣🤣🤣","masih setia ma A35,, sambil nunggu harga nya turun 3 juta an..🤣🤣🤣🤣",masih setia ma a35 sambil nunggu harga turun juta an
Nunggu a58 aja😂,Nunggu a58 aja😂,nunggu a58
"Btw itu s25fe juga udh naik 1jt dari pas saya ngambil 2 minggu yg lalu, saya ambil yg 512gb dapet di 9jt kecil yg 256 saya liat 7.8 (voucher akun saya sih segitu)","Btw itu s25fe juga udh naik 1jt dari pas saya ngambil 2 minggu yg lalu, saya ambil yg 512gb dapet di 9jt kecil yg 256 saya liat 7.8 (voucher akun saya sih segitu)",btw s25fe juga naik 1jt pas ngambil minggu lalu ambil 512gb dapet 9jt kecil 256 liat voucher akun sih segitu
"Lagi nonton pake samsung A50
Beli maret 2019",Lagi nonton pake samsung A50 Beli maret 2019,lagi nonton pake samsung a50 beli maret 2019
REVIEW INFINIX GT 50 PRO BANG,REVIEW INFINIX GT 50 PRO BANG,review infinix gt 50 pro
"Masih nunggu sampai ada hp Samsung yang mid range Bezel tipis semua(seimbang) tanpa dagu, design belakang udah bagus tapi depannya masih dagu😅","Masih nunggu sampai ada hp Samsung yang mid range Bezel tipis semua(seimbang) tanpa dagu, design belakang udah bagus tapi depannya masih dagu😅",masih nunggu sampai handphone samsung mid range bezel tipis semua imbang tanpa dagu design belakang bagus depan masih dagu
bang review tecno camon 50,bang review tecno camon 50,review tecno camon 50
Mau beli a56 stok kosong akhirnya ke a57 hufftt,Mau beli a56 stok kosong akhirnya ke a57 hufftt,mau beli a56 stok kosong akhir a57 hufftt
Wkwkwk samsung semakin ketinggalan 😂👎🏿,Wkwkwk samsung semakin ketinggalan 😂👎🏿,wkwkwk samsung makin tinggal
"ahh... nice samsung. upgrade bodynya yg makin tipis dan ringan lumayan menggoda 🤤 saatnya nabung buat beli second nih hp tahun depan (pas A58 rilis) 😁

*untuk saat ini pake A55 masih cukup",ahh... nice samsung. upgrade bodynya yg makin tipis dan ringan lumayan menggoda 🤤 saatnya nabung buat beli second nih hp tahun depan (pas A58 rilis) 😁 *untuk saat ini pake A55 masih cukup,ahh nice samsung upgrade bodynya makin tipis ringan lumayan goda saat nabung buat beli second nih handphone tahun depan pas a58 rilis saat pake a55 masih cukup
Masih bertahan di samsung S10 😁,Masih bertahan di samsung S10 😁,masih tahan samsung s10
Mending foco f7,Mending foco f7,mending foco f7
Masih setia dengan samsung A54 5G..😅,Masih setia dengan samsung A54 5G..😅,masih setia samsung a54 5g
"Masih nyaman pakai si batu bata Samsung A55 5g. Kayaknya kalau insyaallah nanti ganti, langsung loncat ke seri S atau FE ajalah wkwkwkwk 😂","Masih nyaman pakai si batu bata Samsung A55 5g. Kayaknya kalau insyaallah nanti ganti, langsung loncat ke seri S atau FE ajalah wkwkwkwk 😂",masih nyaman pakai si batu bata samsung a55 5g kayak insyaallah nanti ganti langsung loncat seri fe aja wkwkwkwk
"Wah techno camon 50 pro 5G bener"" gk di review gadget in , padahal udah excited buat stay tune notifnya 😮‍💨","Wah techno camon 50 pro 5G bener"" gk di review gadget in , padahal udah excited buat stay tune notifnya 😮‍💨",wah techno camon 50 pro 5g bener tidak review gadget in padahal excited buat stay tune notifnya
Benar jauh lebih worth S25 FE😅,Benar jauh lebih worth S25 FE😅,benar jauh lebih worth s25 fe
"Samsung dulu jadi pelopor, skarang jd pengekor. Harga makin tinggi upgrade minor. Apalagi soal batre...batre...batreee 😒","Samsung dulu jadi pelopor, skarang jd pengekor. Harga makin tinggi upgrade minor. Apalagi soal batre...batre...batreee 😒",samsung dulu jadi pelopor skarang jd ekor harga makin tinggi upgrade minor apalagi soal batre batre batreee
abng keren,abng keren,abng bagus
.Dengan kesadaran penuh saya pasti memilih S25 FE,.Dengan kesadaran penuh saya pasti memilih S25 FE,sadar penuh pasti pilih s25 fe
Masih setia dg Samsung A55😂,Masih setia dg Samsung A55😂,masih setia dg samsung a55
bang coba series di bawahnya d8ikit A37 NYA BANG,bang coba series di bawahnya d8ikit A37 NYA BANG,coba series bawah d8ikit a37
Nonton ini masih pake samsung A52 wkwkwkwk jaraknya udh hampir 5th🤣,Nonton ini masih pake samsung A52 wkwkwkwk jaraknya udh hampir 5th🤣,nonton masih pake samsung a52 wkwkwkwk jarak hampir 5th
cakep,cakep,cakep
A55 masih mantap😊,A55 masih mantap😊,a55 masih mantap
Masih nyaman pakai s23😌,Masih nyaman pakai s23😌,masih nyaman pakai s23
"upgrade tipis ,beda harga rilis 1,4jt .gokil emang samsung","upgrade tipis ,beda harga rilis 1,4jt .gokil emang samsung",upgrade tipis beda harga rilis 4jt gokil emang samsung
Hallooo Pengguna SAMSUNG A54 sampai sekarang🎉,Hallooo Pengguna SAMSUNG A54 sampai sekarang🎉,hallooo guna samsung a54 sampai sekarang
Kalo zfold 6 pemakaian layar depan aja vs samsung a57 ini masih bagus mana?,Kalo zfold 6 pemakaian layar depan aja vs samsung a57 ini masih bagus mana?,zfold pakai layar depan vs samsung a57 masih bagus mana
masih setia di a51🤭🤭,masih setia di a51🤭🤭,masih setia a51
"Aku gak bisa move on dari samsung bang 😢 , dari 2014 sampai sekarang samsung terus padahal batre boros","Aku gak bisa move on dari samsung bang 😢 , dari 2014 sampai sekarang samsung terus padahal batre boros",aku tidak move on samsung 2014 sampai sekarang samsung terus padahal batre boros
Samsung sudah insaf mulai dari A55 material kembali seperti generasi A dulu macam A5 A7 2015 2016 2017,Samsung sudah insaf mulai dari A55 material kembali seperti generasi A dulu macam A5 A7 2015 2016 2017,samsung insaf mulai a55 material kembali seperti generasi dulu macam a5 a7 2015 2016 2017
Samsung : buat apa mikirin spec? Yg penting desainnya cakep dan ada tulisan samsungnya,Samsung : buat apa mikirin spec? Yg penting desainnya cakep dan ada tulisan samsungnya,samsung buat apa mikirin spec penting desain cakep tulis samsungnya
"Yang bikin ngantuk setiap review HP Samsung Mid-range atau apalagi High-range itu karena gak ada duit, jadi percuma tau semakin canggih-nya HP itu tapi kitanya gak bisa dapetin di tangan. 😂","Yang bikin ngantuk setiap review HP Samsung Mid-range atau apalagi High-range itu karena gak ada duit, jadi percuma tau semakin canggih-nya HP itu tapi kitanya gak bisa dapetin di tangan. 😂",bikin ngantuk tiap review handphone samsung mid range apalagi high range karena tidak duit jadi percuma tau makin canggih handphone kita tidak dapetin tangan
Upgrade nya begitu doang tapi harganya gila banget. Emang lagi ancur ekonomi dimana mana,Upgrade nya begitu doang tapi harganya gila banget. Emang lagi ancur ekonomi dimana mana,upgrade begitu doang harga gila banget emang lagi ancur ekonomi mana mana
Wkwk...price to performance nya 🗿,Wkwk...price to performance nya 🗿,wkwk price to performance
Bang a37 kpn?,Bang a37 kpn?,a37 kpn
Bang tuker topi bang,Bang tuker topi bang,tuker topi
masih setia di samsung A52,masih setia di samsung A52,masih setia samsung a52
Samsung seri A50 sampai a5X(keatas) . Penyakitnya CPUnya cepet ambrol,Samsung seri A50 sampai a5X(keatas) . Penyakitnya CPUnya cepet ambrol,samsung seri a50 sampai a5x atas sakit cpunya cepet ambrol
Masih setia sm ss a50s 2019,Masih setia sm ss a50s 2019,masih setia sama ss a50s 2019
Nonton pake Samsung A52 😅😅,Nonton pake Samsung A52 😅😅,nonton pake samsung a52
Pasti Samsung a52s yg dimaksud diakhir video,Pasti Samsung a52s yg dimaksud diakhir video,pasti samsung a52s maksud akhir video
Review tacno camon 50 pro dong bang,Review tacno camon 50 pro dong bang,review tacno camon 50 pro dong
Spil Samsung a26,Spil Samsung a26,spil samsung a26
Exynos terkenal kompor,Exynos terkenal kompor,exynos kenal kompor
sekarang punya A56 mungkin upgrade nanti pas udah di A60 😊,sekarang punya A56 mungkin upgrade nanti pas udah di A60 😊,sekarang punya a56 mungkin upgrade nanti pas a60
A55 : pada kentang bet penerus gue,A55 : pada kentang bet penerus gue,a55 pada kentang bet terus gue
Coba nubia neo gt 5,Coba nubia neo gt 5,coba nubia neo gt
"Harga makin meroket. spesifikasi biasa, minimal peningkatan kapasitas baterai lah😅, kalah sama brand sebelah.","Harga makin meroket. spesifikasi biasa, minimal peningkatan kapasitas baterai lah😅, kalah sama brand sebelah.",harga makin roket spesifikasi biasa minimal tingkat kapasitas baterai lah kalah sama brand belah
Yg masih setia dgn A34 5g angkat kaki...eh angkat tangan😂,Yg masih setia dgn A34 5g angkat kaki...eh angkat tangan😂,masih setia dgn a34 5g angkat kaki eh angkat tangan
REVEW OPPO RENO 15 5G DONG,REVEW OPPO RENO 15 5G DONG,revew oppo reno 15 5g dong
Seri A emang the best,Seri A emang the best,seri emang the best
poco x8 pro🎉🎉🎉,poco x8 pro🎉🎉🎉,poco x8 pro
"Bener kata gua, gua komen tentang chipset terus di setiap review HP samsung, seri A yang pake exynos pasti panas, gua pengalaman pake samsung S21, S22, malah lebih adem di samsung A52S chipset naga 778g😂😂","Bener kata gua, gua komen tentang chipset terus di setiap review HP samsung, seri A yang pake exynos pasti panas, gua pengalaman pake samsung S21, S22, malah lebih adem di samsung A52S chipset naga 778g😂😂",bener kata gua gua komen tentang chipset terus tiap review handphone samsung seri pake exynos pasti panas gua alam pake samsung s21 s22 malah lebih adem samsung a52s chipset naga 778g
Awal kehancuran,Awal kehancuran,awal hancur
Daguuunya ahh nyebelin.. pdahal hp mahal,Daguuunya ahh nyebelin.. pdahal hp mahal,daguuunya ahh nyebelin pdahal handphone mahal
Kan Samsung punya A.I yang sangat bagus,Kan Samsung punya A.I yang sangat bagus,kan samsung punya sangat bagus
Chip set nya aja exinos terus... setelah a52,Chip set nya aja exinos terus... setelah a52,chip set exinos terus telah a52
Benda yg bikin S series reguler keliatan gk terlalu spesial terutama secara bentuk.. menurut gw ya..,Benda yg bikin S series reguler keliatan gk terlalu spesial terutama secara bentuk.. menurut gw ya..,benda bikin series reguler liat tidak terlalu spesial utama cara bentuk turut gw
Yah kirain soc-nya Snapdragon,Yah kirain soc-nya Snapdragon,yah kirain soc snapdragon
Kalau ngomong seri A...paling kangen abis pakai A8+ 4tahun ganti ke A72 4tahun..enakk betul..sedap betul...produk menengah terbaik..,Kalau ngomong seri A...paling kangen abis pakai A8+ 4tahun ganti ke A72 4tahun..enakk betul..sedap betul...produk menengah terbaik..,ngomong seri paling kangen abis pakai a8 4tahun ganti a72 4tahun enakk betul sedap betul produk tengah baik
nonton review samsung a57 pake samsung a53😂 ini juga masih mantep hahaha,nonton review samsung a57 pake samsung a53😂 ini juga masih mantep hahaha,nonton review samsung a57 pake samsung a53 juga masih mantep hahaha
"upgradenya cuma efek yang halus saat pindah video dari 1 ke 0.6 atau sebaliknya, ga ""jeglek jeglek"" lagi. menurut keyakinan saya.","upgradenya cuma efek yang halus saat pindah video dari 1 ke 0.6 atau sebaliknya, ga ""jeglek jeglek"" lagi. menurut keyakinan saya.",upgradenya cuma efek halus saat pindah video balik tidak jeglek jeglek lagi turut yakin
"Dulu nahan ganti hp, mau ganti a57 samsung, pas a57 keluar dan liat spek serta harganya, akhirnya beli a56 aja","Dulu nahan ganti hp, mau ganti a57 samsung, pas a57 keluar dan liat spek serta harganya, akhirnya beli a56 aja",dulu nahan ganti handphone mau ganti a57 samsung pas a57 keluar liat spesifikasi serta harga akhir beli a56
Skip parah,Skip parah,skip parah
"Udah sampe a57 aja ya , btw tetep stay pake a5 2017 yg tahun depan genap 10thn sejak awal rilis ya klo gk salah","Udah sampe a57 aja ya , btw tetep stay pake a5 2017 yg tahun depan genap 10thn sejak awal rilis ya klo gk salah",sampe a57 btw tetep stay pake a5 2017 tahun depan genap 10thn sejak awal rilis klo tidak salah
Bang David review OPPO RENO 15 kapan ?,Bang David review OPPO RENO 15 kapan ?,david review oppo reno 15 kapan
"Nyimak pake A52. Ga kerasa udah 5 tahun, walaupun back cover dan tombol2nya copot tapi bisa dilem lagi, masih layak pake sehari-hari bwt gw yg bukan gamer.","Nyimak pake A52. Ga kerasa udah 5 tahun, walaupun back cover dan tombol2nya copot tapi bisa dilem lagi, masih layak pake sehari-hari bwt gw yg bukan gamer.",nyimak pake a52 tidak rasa tahun walaupun back cover tombol2nya copot lem lagi masih layak pake hari hari bwt gw bukan gamer
Lanjut ke adeknya bos a37 ya please...🙂,Lanjut ke adeknya bos a37 ya please...🙂,lanjut adeknya bos a37 please
"Saya beli A56. Selama ini udah puas. A57 emang buat yang mau beli hp baru sih. Bukan untuk yg udah punya A56/A55. Saya suka produk samsung cuma yang punya duit banyak, pakailah semua merek hp wkwkw","Saya beli A56. Selama ini udah puas. A57 emang buat yang mau beli hp baru sih. Bukan untuk yg udah punya A56/A55. Saya suka produk samsung cuma yang punya duit banyak, pakailah semua merek hp wkwkw",beli a56 lama puas a57 emang buat mau beli handphone baru sih bukan punya a56 a55 suka produk samsung cuma punya duit banyak pakai semua merek handphone wkwkw
"infinix hot 60 pro kayanya sama g sih,di 2,5 worth it","infinix hot 60 pro kayanya sama g sih,di 2,5 worth it",infinix hot 60 pro kaya sama sih bagus
"Udah muncul lagi A57 ,semakin menyala dompetku 😭","Udah muncul lagi A57 ,semakin menyala dompetku 😭",muncul lagi a57 makin nyala dompet
"saat nya beralih ke vivo atau oppo basic flagship tahun lalu kalau midrange samsung aja segitu harganya, wkwkw lawak emang.
terakhir pakai seri A itu A52S. trs nyobain s23 basic pas udah murahhhhh bgt. makin kemari makin ga ngotak harga samsung wkwkwkwk","saat nya beralih ke vivo atau oppo basic flagship tahun lalu kalau midrange samsung aja segitu harganya, wkwkw lawak emang. terakhir pakai seri A itu A52S. trs nyobain s23 basic pas udah murahhhhh bgt. makin kemari makin ga ngotak harga samsung wkwkwkwk",saat alih vivo oppo basic flagship tahun lalu midrange samsung segitu harga wkwkw lawak emang akhir pakai seri a52s trs nyobain s23 basic pas murahhhhh banget makin kemari makin tidak ngotak harga samsung wkwkwkwk
di kentutin ama poco,di kentutin ama poco,kentutin ama poco
"Udah nunggu A57 dari Februari, dan cek sana sini rumor tanggal rilisnya, tapi gak nemu, akhirnya saya meminang A56 8/256 di Februari akhir di harga 5.6, dan ada diskon di ecommerce ijo 800rb, jadi dapet harga 4.8.

Awalnya ragu karena takut harga A56 bakal lebih miring lagi saat nanti ada info rilis A57, yang mana dari tren Samsung A seri 5 biasanya begitu.

Liat video ini, liat upgradenya, liat juga harga rilisnya, saya rasa saya beruntung. Ditambah lagi, anehnya, harga A56 malah NAIK, ini anomali banget sih, dan saya beruntung udah meminang di rentang waktu yang tepat 😂","Udah nunggu A57 dari Februari, dan cek sana sini rumor tanggal rilisnya, tapi gak nemu, akhirnya saya meminang A56 8/256 di Februari akhir di harga 5.6, dan ada diskon di ecommerce ijo 800rb, jadi dapet harga 4.8. Awalnya ragu karena takut harga A56 bakal lebih miring lagi saat nanti ada info rilis A57, yang mana dari tren Samsung A seri 5 biasanya begitu. Liat video ini, liat upgradenya, liat juga harga rilisnya, saya rasa saya beruntung. Ditambah lagi, anehnya, harga A56 malah NAIK, ini anomali banget sih, dan saya beruntung udah meminang di rentang waktu yang tepat 😂",nunggu a57 februari cek sana sini rumor tanggal rilis tidak nemu akhir pinang a56 256 februari akhir harga diskon ecommerce ijo 800rb jadi dapet harga awal ragu karena takut harga a56 bakal lebih miring lagi saat nanti info rilis a57 mana tren samsung seri biasa begitu liat video liat upgradenya liat juga harga rilis rasa untung tambah lagi aneh harga a56 malah naik anomali banget sih untung pinang rentang waktu tepat
"a52s paling lengkap ,gabakal ada lagi yg keluar kaya a52s ,snapdragon buat ml 120 fps ultra ultra","a52s paling lengkap ,gabakal ada lagi yg keluar kaya a52s ,snapdragon buat ml 120 fps ultra ultra",a52s paling lengkap gabakal lagi keluar kaya a52s snapdragon buat ml 120 fps ultra ultra
Fokus nabung kita ni😅,Fokus nabung kita ni😅,fokus nabung ni
Bang kok GK pernah review Poco pad M1 & Redmi pad 2 PRO??,Bang kok GK pernah review Poco pad M1 & Redmi pad 2 PRO??,kok tidak pernah review poco pad m1 redmi pad pro
Punya qu masih pakai a54 5 g,Punya qu masih pakai a54 5 g,punya qu masih pakai a54
Nonton ini pake samsung A52 ... sekarang udah 57 ajaa dah cepet amat,Nonton ini pake samsung A52 ... sekarang udah 57 ajaa dah cepet amat,nonton pake samsung a52 sekarang 57 ajaa dah cepet amat
A55 hdir ni mas.saya cinta samsung.saya punya hp samsung tipe A25X taun 2008 abis itu ganti lagi samsung J2 2015.smpai saat ini msih pegang samsung S24ultra terahir yg gw pake samsung A55..ILOVE YOU SAMSUNG ❤❤,A55 hdir ni mas.saya cinta samsung.saya punya hp samsung tipe A25X taun 2008 abis itu ganti lagi samsung J2 2015.smpai saat ini msih pegang samsung S24ultra terahir yg gw pake samsung A55..ILOVE YOU SAMSUNG ❤❤,a55 hdir ni mas cinta samsung punya handphone samsung tipe a25x taun 2008 abis ganti lagi samsung j2 2015 smpai saat msih pegang samsung s24ultra terahir gw pake samsung a55 ilove you samsung
"Gw mah langsung pake Galaxy A58, sumpah enak bnget","Gw mah langsung pake Galaxy A58, sumpah enak bnget",gw mah langsung pake galaxy a58 sumpah enak bnget
Hp pertama samsung semoga cocok,Hp pertama samsung semoga cocok,handphone pertama samsung moga cocok
"Bang DAVID, A77 beneran mau keluar apa enggak?","Bang DAVID, A77 beneran mau keluar apa enggak?",david a77 beneran mau keluar apa tidak
"Baru aja pake a56, belum juga setahun 😂","Baru aja pake a56, belum juga setahun 😂",baru pake a56 belum juga tahun
Dengan harga segitu orang waras dengan kesadaran penuh jelas ambil produk xiomi😂,Dengan harga segitu orang waras dengan kesadaran penuh jelas ambil produk xiomi😂,harga segitu orang waras sadar penuh jelas ambil produk xiomi
Motorola g67 power aja udah bagus,Motorola g67 power aja udah bagus,motorola g67 power bagus
Masih setia a54😅😅😅,Masih setia a54😅😅😅,masih setia a54
"Aku user A34, sempat mau upgrade ke A56 tapi malah kecantolnya ke realme GT 7T.  Sekarang pake keduanya, A34 buat multimedia streaming dan musik karena speakernya emang seenak itu, dan GT 7T buat muasin hobi gamingku 😂","Aku user A34, sempat mau upgrade ke A56 tapi malah kecantolnya ke realme GT 7T. Sekarang pake keduanya, A34 buat multimedia streaming dan musik karena speakernya emang seenak itu, dan GT 7T buat muasin hobi gamingku 😂",aku user a34 sempat mau upgrade a56 malah kecantol realme gt 7t sekarang pake dua a34 buat multimedia streaming musik karena speakernya emang enak gt 7t buat muasin hobi gamingku
Masih pakai a54..ok ok aja.,Masih pakai a54..ok ok aja.,masih pakai a54 ok ok
Mending iphone,Mending iphone,mending iphone
"Setuju sih apa yg dibilang tdi,mending ambil s25 FE sekalian dari pada A57 ganti baju doang😅
Nambah sedikit lagi dapat yg bagus","Setuju sih apa yg dibilang tdi,mending ambil s25 FE sekalian dari pada A57 ganti baju doang😅 Nambah sedikit lagi dapat yg bagus",tuju sih apa bilang tdi mending ambil s25 fe sekali pada a57 ganti baju doang nambah sedikit lagi dapat bagus
exynos?,exynos?,exynos
Masih nyaman di A52S,Masih nyaman di A52S,masih nyaman a52s
Sedang menunggu Huawei Mate 80 pro dan Moto edge 70 fusion dan fusion plus masuk Indonesia,Sedang menunggu Huawei Mate 80 pro dan Moto edge 70 fusion dan fusion plus masuk Indonesia,sedang tunggu huawei mate 80 pro moto edge 70 fusion fusion plus masuk indonesia
"Gw yg masih pake Galaxy A50s  Beli sejak awal rilis di 2019 lalu cuma terus menyimak hp² keluaran terbaru teruss😂
Ada lawan kah🤣🤣",Gw yg masih pake Galaxy A50s Beli sejak awal rilis di 2019 lalu cuma terus menyimak hp² keluaran terbaru teruss😂 Ada lawan kah🤣🤣,gw masih pake galaxy a50s beli sejak awal rilis 2019 lalu cuma terus simak handphone keluar baru teruss lawan kah
"kalau channel ini udh bilang begini, berarti untuk tahun ini skip dlu deh beli hp samsung nya","kalau channel ini udh bilang begini, berarti untuk tahun ini skip dlu deh beli hp samsung nya",channel bilang begini arti tahun skip dlu deh beli handphone samsung
penerus A73 MANA..?,penerus A73 MANA..?,terus a73 mana
Bang GK mau bahas teckni camon 50 pro kah,Bang GK mau bahas teckni camon 50 pro kah,tidak mau bahas teckni camon 50 pro kah
Nonton pake A56 😄😄,Nonton pake A56 😄😄,nonton pake a56
"Malam bang
Kalo redmi 13x itu bagus ga ya?, saya mau ganti hp hp sebelumnya Oppo a3x baru 1 tahun pemakaian udah terasa lemotnya buat game sama buka sosmed","Malam bang Kalo redmi 13x itu bagus ga ya?, saya mau ganti hp hp sebelumnya Oppo a3x baru 1 tahun pemakaian udah terasa lemotnya buat game sama buka sosmed",malam redmi 13x bagus tidak mau ganti handphone handphone belum oppo a3x baru tahun pakai asa lot buat game sama buka sosmed
0:28 lebay lu sok ngartis,0:28 lebay lu sok ngartis,28 lebay lu sok ngartis
Masih nyaman pake A55,Masih nyaman pake A55,masih nyaman pake a55
"Disaat a57 keluar,sy masih pakek a32 4g+7x ganti lcd","Disaat a57 keluar,sy masih pakek a32 4g+7x ganti lcd",saat a57 keluar sy masih pakek a32 4g 7x ganti lcd
Masih pake A52... 😂 nyari alesan buat ganti tpi... ini hp gk rusak2😂,Masih pake A52... 😂 nyari alesan buat ganti tpi... ini hp gk rusak2😂,masih pake a52 nyari alesan buat ganti tpi handphone tidak rusak2
"Alhamdulillah udh Upgrade Dari A55 Ke A57, lumayan jauh bedanya. Lebih ringan Sama Lebih Awet Batre Yg A57😍😍😍","Alhamdulillah udh Upgrade Dari A55 Ke A57, lumayan jauh bedanya. Lebih ringan Sama Lebih Awet Batre Yg A57😍😍😍",alhamdulillah upgrade a55 a57 lumayan jauh beda lebih ringan sama lebih awet batre a57
Review hp itel city 200 dong bang,Review hp itel city 200 dong bang,review handphone itel city 200 dong
A50s nyimak..,A50s nyimak..,a50s nyimak
"terlalu pelit ngasih upgrednya, kayaknya sepi peminat
itungannya kagak beda jauh sma a56 😢","terlalu pelit ngasih upgrednya, kayaknya sepi peminat itungannya kagak beda jauh sma a56 😢",terlalu pelit ngasih upgrednya kayak sepi minat itungannya kagak beda jauh sma a56
bang request huawei,bang request huawei,request huawei
"even klo mau dibandingin,Galaxy A55 A56 juga masih bagus bangey klo emang masih dipake sih

ini A57 udah mentok banget rasanya,klo bijak sih mending ke 25FE sih","even klo mau dibandingin,Galaxy A55 A56 juga masih bagus bangey klo emang masih dipake sih ini A57 udah mentok banget rasanya,klo bijak sih mending ke 25FE sih",even klo mau dibandingin galaxy a55 a56 juga masih bagus bangey klo emang masih dipake sih a57 mentok banget rasa klo bijak sih mending 25fe sih
Harga 4jt masih masuk lah ini gak ngotak,Harga 4jt masih masuk lah ini gak ngotak,harga 4jt masih masuk lah tidak ngotak
untung kemarin gajadi beli A56,untung kemarin gajadi beli A56,untung kemarin gajadi beli a56
"Masih kalah sama poco F7 gw skor antutu nya 😅 kameranya jg gak bagus bagus bgt, standar aja 😅","Masih kalah sama poco F7 gw skor antutu nya 😅 kameranya jg gak bagus bagus bgt, standar aja 😅",masih kalah sama poco f7 gw skor antutu kamera juga tidak bagus bagus banget standar
Coba deh baterai nya 6000 pasti joss,Coba deh baterai nya 6000 pasti joss,coba deh baterai 6000 pasti joss
A52s msh nyaman sampe skrg,A52s msh nyaman sampe skrg,a52s msh nyaman sampe skrg
Gila ni samsung gak Ada perubahan segnifikan di HP A57 tapi harga nya naik sampai 2 juta lebih serakah amat loe Samsung cari untung nya,Gila ni samsung gak Ada perubahan segnifikan di HP A57 tapi harga nya naik sampai 2 juta lebih serakah amat loe Samsung cari untung nya,gila ni samsung tidak ubah segnifikan handphone a57 harga naik sampai juta lebih serakah amat loe samsung cari untung
Hp mahal dagu masih tebal update sedikit sengaja biar harga naik terus di A58 dll,Hp mahal dagu masih tebal update sedikit sengaja biar harga naik terus di A58 dll,handphone mahal dagu masih tebal update sedikit sengaja harga naik terus a58 dll
"Masih pke x3gt, mudh²n kita bisa beli hp yng baru nanti🤲🏼","Masih pke x3gt, mudh²n kita bisa beli hp yng baru nanti🤲🏼",masih pke x3gt mudh beli handphone yng baru nanti
Nonton ini pakai a21😂,Nonton ini pakai a21😂,nonton pakai a21
request Tecno Camon Pro 5G bang,request Tecno Camon Pro 5G bang,request tecno camon pro 5g
"Bng David, ga review Oppo Reno 15 5G bng?","Bng David, ga review Oppo Reno 15 5G bng?",bng david tidak review oppo reno 15 5g bng
Sayangnya Exynos,Sayangnya Exynos,sayang exynos
salfok wallpapernya ip 17,salfok wallpapernya ip 17,salfok wallpapernya ip 17
berarti tunggu A58 aja,berarti tunggu A58 aja,arti tunggu a58
Nanya mas..knpa hp samsung skrg cepat rusak ya mas..apa krn chipsetnya buatan samsung sendiri atau gmna mas,Nanya mas..knpa hp samsung skrg cepat rusak ya mas..apa krn chipsetnya buatan samsung sendiri atau gmna mas,nanya mas knpa handphone samsung skrg cepat rusak mas apa karena chipsetnya buat samsung sendiri gmna mas
Blm lama a56....eh nongol a57,Blm lama a56....eh nongol a57,blm lama a56 eh nongol a57
A54 lebih bagus kameranya,A54 lebih bagus kameranya,a54 lebih bagus kamera
Masih setia pake a33..wkwkwkwkkw pengen upgrade masih ragu lihat2 postingan di fb samsung keluaran terbaru2 rentan garis ijo..hihihi,Masih setia pake a33..wkwkwkwkkw pengen upgrade masih ragu lihat2 postingan di fb samsung keluaran terbaru2 rentan garis ijo..hihihi,masih setia pake a33 wkwkwkwkkw ken upgrade masih ragu lihat2 postingan fb samsung keluar terbaru2 rentan garis ijo hihihi
"alhamdulillah A55 aman, pengen banget upgrade S ultra😁","alhamdulillah A55 aman, pengen banget upgrade S ultra😁",alhamdulillah a55 aman ken banget upgrade ultra
"Coba bedain bang, di hp midrange lain yg baterai nya 6500-7500mAh. Sama Samsung A57 yg baterai nya 5000mAh. Mana yg lebih awet di pake seharian. Sehebat apa baterai Samsung di 5000 nya..","Coba bedain bang, di hp midrange lain yg baterai nya 6500-7500mAh. Sama Samsung A57 yg baterai nya 5000mAh. Mana yg lebih awet di pake seharian. Sehebat apa baterai Samsung di 5000 nya..",coba bedain handphone midrange lain baterai 6500 7500mah sama samsung a57 baterai 5000mah mana lebih awet pake hari hebat apa baterai samsung 5000
masih bertahan pake samsung A50 😂,masih bertahan pake samsung A50 😂,masih tahan pake samsung a50
Bang riview Tecno camon 50,Bang riview Tecno camon 50,riview tecno camon 50
a50s gua udah ngelag banget buat nonton yutub wkwk,a50s gua udah ngelag banget buat nonton yutub wkwk,a50s gua ngelag banget buat nonton yutub wkwk
"nanggung cuma review A57 sekalian sama barengannya A37 dong,,","nanggung cuma review A57 sekalian sama barengannya A37 dong,,",nanggung cuma review a57 sekali sama bareng a37 dong
"Dah di tunggu tungguin dari tahun lalu 57
Angka spesial
Kecewa berat A57 seperti ini.... Niat hati mw upgrade A33 ini... Dh la... Merk lain wah wahhh soal layar dan chipset 😮... Saat nya ucap kan... Goodby samsung A33 😊",Dah di tunggu tungguin dari tahun lalu 57 Angka spesial Kecewa berat A57 seperti ini.... Niat hati mw upgrade A33 ini... Dh la... Merk lain wah wahhh soal layar dan chipset 😮... Saat nya ucap kan... Goodby samsung A33 😊,dah tunggu tungguin tahun lalu 57 angka spesial kecewa berat a57 seperti niat hati mw upgrade a33 dh la merk lain wah wahhh soal layar chipset saat ucap kan goodby samsung a33
"btw karena harga a57 yg mengecewakan ini harga a56 jadi naik, saya beli di pertengahan maret kemarin masih 5,4 sekarang nyaris 6juta lagi wkwkwkw nyebelin","btw karena harga a57 yg mengecewakan ini harga a56 jadi naik, saya beli di pertengahan maret kemarin masih 5,4 sekarang nyaris 6juta lagi wkwkwkw nyebelin",btw karena harga a57 kecewa harga a56 jadi naik beli tengah maret kemarin masih sekarang nyaris 6juta lagi wkwkwkw nyebelin
masih pake a50s😊,masih pake a50s😊,masih pake a50s
"Sekarang seri A Samsung sudah bukan value for money sih. Urusan software, yang lain juga sudah bagus. Ini bukan tahun 2020-an yang software hp china masih tertinggal. Tipsnya cukup jangan cari hp iklan.","Sekarang seri A Samsung sudah bukan value for money sih. Urusan software, yang lain juga sudah bagus. Ini bukan tahun 2020-an yang software hp china masih tertinggal. Tipsnya cukup jangan cari hp iklan.",sekarang seri samsung bukan value for money sih urus software lain juga bagus bukan tahun 2020 an software handphone china masih tinggal tipsnya cukup jangan cari handphone iklan
"tapi gede size nya 😭
adakah samsung terbaru yang seukuran iphone 13 mini?",tapi gede size nya 😭 adakah samsung terbaru yang seukuran iphone 13 mini?,gede size ada samsung baru ukur iphone 13 mini
"Pribadi saya cukup stay di A56 dulu, ntar seri A selanjutnya kalo uograde nya besar baru pindah, contoh mungkin ngchas lebih kenceng 60 watt mungkin dan desain berubah baru ganti ...","Pribadi saya cukup stay di A56 dulu, ntar seri A selanjutnya kalo uograde nya besar baru pindah, contoh mungkin ngchas lebih kenceng 60 watt mungkin dan desain berubah baru ganti ...",pribadi cukup stay a56 dulu ntar seri lanjut uograde besar baru pindah contoh mungkin ngchas lebih kenceng 60 watt mungkin desain ubah baru ganti
"7:18 bang dapid, gimana biar lockscreennya gitu gmana","7:18 bang dapid, gimana biar lockscreennya gitu gmana",18 dapid gimana lockscreennya gitu gmana
Bang david coba bahas tecno camon 8 series,Bang david coba bahas tecno camon 8 series,david coba bahas tecno camon series
Masi make Samsung A52,Masi make Samsung A52,mas make samsung a52
Masih memantau komen dengan Redmi Note 8,Masih memantau komen dengan Redmi Note 8,masih pantau komen redmi note
"Aku tetap redmi note 12 aja lah, masih berfungsi baik koq","Aku tetap redmi note 12 aja lah, masih berfungsi baik koq",aku tetap redmi note 12 lah masih fungsi baik koq
"yg masih stay di A52, dan cuma punya backburner ip 15 🙋🏻‍♀️","yg masih stay di A52, dan cuma punya backburner ip 15 🙋🏻‍♀️",masih stay a52 cuma punya backburner ip 15
Gratis kah?,Gratis kah?,gratis kah
"ini yang bawa² a56 apa nga sadar yah jaman sekarang udah gak relevan lagi buat ganti hape tiap tahun utk android, apalagi samsung. modelan midrange dari pabrikan cina aja minimal ngasih 2x update os yg artinya hapenya minimal bisa dipakai nyaman 3 tahun. a57 ini cocoknya ganti hape seangkatan a52s karena masa os dan security patch-nya udah habis.","ini yang bawa² a56 apa nga sadar yah jaman sekarang udah gak relevan lagi buat ganti hape tiap tahun utk android, apalagi samsung. modelan midrange dari pabrikan cina aja minimal ngasih 2x update os yg artinya hapenya minimal bisa dipakai nyaman 3 tahun. a57 ini cocoknya ganti hape seangkatan a52s karena masa os dan security patch-nya udah habis.",bawa a56 apa nga sadar yah jaman sekarang tidak relevan lagi buat ganti hape tiap tahun utk android apalagi samsung model midrange pabrikan cina minimal ngasih 2x update os arti hapenya minimal pakai nyaman tahun a57 cocok ganti hape angkat a52s karena masa os security patch habis
Keknya samsung emang kudu ada yang ngejar sih yah biar samsung melek kaya waktu awal awal Seris A5x,Keknya samsung emang kudu ada yang ngejar sih yah biar samsung melek kaya waktu awal awal Seris A5x,kek samsung emang kudu ngejar sih yah samsung melek kaya waktu awal awal seris a5x
"""Piro?"" 
wkwkwk","""Piro?"" wkwkwk",piro wkwkwk
samsung ibarat HONDA dari rangka pipa tubular ke rangka esaf seng tipis,samsung ibarat HONDA dari rangka pipa tubular ke rangka esaf seng tipis,samsung ibarat honda rangka pipa tubular rangka esaf seng tipis
Ud beli sih tp ya biasa aja....,Ud beli sih tp ya biasa aja....,ud beli sih biasa
"Berasa balik ke 2022, lebih baik beli A52s dibanding A53. Bedanya waktu itu samsung lebih milih downgrade chipset dibanding naik harga, eh sekarang malah kebalikannya, chipset gitu2 aja harga melonjak jauh","Berasa balik ke 2022, lebih baik beli A52s dibanding A53. Bedanya waktu itu samsung lebih milih downgrade chipset dibanding naik harga, eh sekarang malah kebalikannya, chipset gitu2 aja harga melonjak jauh",asa balik 2022 lebih baik beli a52s banding a53 beda waktu samsung lebih milih downgrade chipset banding naik harga eh sekarang malah balik chipset gitu2 harga lonjak jauh
"Di kamera cuma beda posisi aja
Dikamera beda dikit di responsifnya",Di kamera cuma beda posisi aja Dikamera beda dikit di responsifnya,kamera cuma beda posisi kamera beda dikit responsif
nonton pakai j7 2016. wkwkwk,nonton pakai j7 2016. wkwkwk,nonton pakai j7 2016 wkwkwk
Paling nggak memorinya lah dobel,Paling nggak memorinya lah dobel,paling tidak memori lah dobel
"masih setia pake Samsung Galaxy A55 5G karena masih ada slot MicroSD, ga ribet soal storage","masih setia pake Samsung Galaxy A55 5G karena masih ada slot MicroSD, ga ribet soal storage",masih setia pake samsung galaxy a55 5g karena masih slot microsd tidak ribet soal storage
"Kayaknyq gw stuck di A55
Makin keeini kurang suka bentuk kameranya",Kayaknyq gw stuck di A55 Makin keeini kurang suka bentuk kameranya,kayaknyq gw stuck a55 makin keeini kurang suka bentuk kamera
"Kamera depannya bikin bibir pucet sama kyk a55, jadi pucet kek org sakit","Kamera depannya bikin bibir pucet sama kyk a55, jadi pucet kek org sakit",kamera depan bikin bibir pucet sama kyk a55 jadi pucet kek org sakit
Pingin beli ya bismillah ya Alloh,Pingin beli ya bismillah ya Alloh,pingin beli bismillah alloh
Kamera mending ini apa Poco x8pro ya?,Kamera mending ini apa Poco x8pro ya?,kamera mending apa poco x8pro
Gpp lah keluar Gen A Baru. Jadi ada kesempatan buat beli A56 yg turun harga 😂,Gpp lah keluar Gen A Baru. Jadi ada kesempatan buat beli A56 yg turun harga 😂,gpp lah keluar gen baru jadi sempat buat beli a56 turun harga
"Dr pd Exynos&klo Snapdragon lbh mahal,kenapa gak pkek Mediatek ja.😢","Dr pd Exynos&klo Snapdragon lbh mahal,kenapa gak pkek Mediatek ja.😢",pd exynos klo snapdragon lbh mahal kenapa tidak pkek mediatek ja
Untuk proteksi kaca kamera menurut sy pribadi lebih baik desain kamera a56,Untuk proteksi kaca kamera menurut sy pribadi lebih baik desain kamera a56,proteksi kaca kamera turut sy pribadi lebih baik desain kamera a56
Gak ada yg istimewa dr upgrade nya selain Harganya,Gak ada yg istimewa dr upgrade nya selain Harganya,tidak istimewa upgrade selain harga
Review camon 50 pro bang,Review camon 50 pro bang,review camon 50 pro
bbg gadgetin review ertry level redmi a7 pro🙏,bbg gadgetin review ertry level redmi a7 pro🙏,bbg gadgetin review ertry level redmi a7 pro
Samsung sekarang punya Samsung Knox.. sama updatenya 6 tahun,Samsung sekarang punya Samsung Knox.. sama updatenya 6 tahun,samsung sekarang punya samsung knox sama updatenya tahun
mending nonton iklan tapi value nya banyak XD,mending nonton iklan tapi value nya banyak XD,mending nonton iklan value banyak xd
"Kalo merk selain samsung, memang bagus dari segi spek bang, tpi utk interface kebanyakan iklan bang, sma kyk ga simpel aj, klo samsung agak simpel aja","Kalo merk selain samsung, memang bagus dari segi spek bang, tpi utk interface kebanyakan iklan bang, sma kyk ga simpel aj, klo samsung agak simpel aja",merk selain samsung memang bagus segi spesifikasi tpi utk interface banyak iklan sma kyk tidak simpel aj klo samsung agak simpel
Overrated,Overrated,overrated
Review infinix gt50 bang,Review infinix gt50 bang,review infinix gt50
Review adiknya bg🎉🎉 a37,Review adiknya bg🎉🎉 a37,review adik bg a37
Yang di upgrade berati harganya wkwk,Yang di upgrade berati harganya wkwk,upgrade berat harga wkwk
"justru itu yg pembeli inginkan, bodi, ketahanan, dan layar yang lebih bagus, bezel nya ga tebel, jadi tuh🗿👏","justru itu yg pembeli inginkan, bodi, ketahanan, dan layar yang lebih bagus, bezel nya ga tebel, jadi tuh🗿👏",justru beli ingin bodi tahan layar lebih bagus bezel tidak tebel jadi tuh
Cuma dagu doang itu tanggung banget... heran sama samsung pelit² banget sama tampilan tinggal dikit lagi padahal,Cuma dagu doang itu tanggung banget... heran sama samsung pelit² banget sama tampilan tinggal dikit lagi padahal,cuma dagu doang tanggung banget heran sama samsung pelit banget sama tampil tinggal dikit lagi padahal
samsung a37 bng,samsung a37 bng,samsung a37 bng
"8,3jt 12/256?? 🤨 busett..","8,3jt 12/256?? 🤨 busett..",3jt 12 256 busett
dari segi harga nambah dikit udah kebeli S25 fe 😂,dari segi harga nambah dikit udah kebeli S25 fe 😂,segi harga nambah dikit kebel s25 fe
Kameranya bagus nggak ya sudah makek?,Kameranya bagus nggak ya sudah makek?,kamera bagus tidak makek
Masih stay di A55,Masih stay di A55,masih stay a55
"Selama sekitar dua tahun menggunakan A55, performanya masih stabil dan nyaman digunakan. Saya akan mempertimbangkan upgrade jika ada peningkatan besar dari seri A5 berikutnya.","Selama sekitar dua tahun menggunakan A55, performanya masih stabil dan nyaman digunakan. Saya akan mempertimbangkan upgrade jika ada peningkatan besar dari seri A5 berikutnya.",lama sekitar dua tahun guna a55 performa masih stabil nyaman guna akan timbang upgrade jika tingkat besar seri a5 ikut
"Kesimpulan gimmick dagang:
S4msung A56 sudah ganteng dan cantik tapi....
S4msung A57 operasi plastik lagi biar makin ganteng dan cantik tapi....
Eternal to be continued alias bersambung kek sinetron...❤😊😅",Kesimpulan gimmick dagang: S4msung A56 sudah ganteng dan cantik tapi.... S4msung A57 operasi plastik lagi biar makin ganteng dan cantik tapi.... Eternal to be continued alias bersambung kek sinetron...❤😊😅,simpul gimmick dagang s4msung a56 ganteng cantik s4msung a57 operasi plastik lagi makin ganteng cantik eternal to be continued alias sambung kek sinetron
Baterai harusnya 6000mah,Baterai harusnya 6000mah,baterai harus 6000mah
"Kayaknya samsung lebih fokus ke seri S, seri A kaya di tirikan wkwk","Kayaknya samsung lebih fokus ke seri S, seri A kaya di tirikan wkwk",kayak samsung lebih fokus seri seri kaya tiri wkwk
Batre nya berapa ? 😂😂😂,Batre nya berapa ? 😂😂😂,batre berapa
Masih setia dengan s22+,Masih setia dengan s22+,masih setia s22
Kalo panas kek gitu mana ada yg beli gak nyaman lah,Kalo panas kek gitu mana ada yg beli gak nyaman lah,panas kek gitu mana beli tidak nyaman lah
A56 skrng harganya berapa ya?,A56 skrng harganya berapa ya?,a56 skrng harga berapa
Samsung mulai lagi,Samsung mulai lagi,samsung mulai lagi
"Copypaste aja masih laku banget cik 😁
Jangan lupa embel embel EyAy",Copypaste aja masih laku banget cik 😁 Jangan lupa embel embel EyAy,copypaste masih laku banget cik jangan lupa embel embel eyay
Jangan sampe kena racun samsung... dah kena nempel susah pindah k hp lain... tpi tergantung kalian pakinya gmna sih...,Jangan sampe kena racun samsung... dah kena nempel susah pindah k hp lain... tpi tergantung kalian pakinya gmna sih...,jangan sampe kena racun samsung dah kena nempel susah pindah handphone lain tpi gantung kalian pakinya gmna sih
Saya yang madih pakai a52 4g😂😂,Saya yang madih pakai a52 4g😂😂,madih pakai a52 4g
Review infinix smart 20,Review infinix smart 20,review infinix smart 20
Video nya juga keliatan slow bgt wkwkwk,Video nya juga keliatan slow bgt wkwkwk,video juga liat slow banget wkwkwk
Emang setres deh ini harganya 😂,Emang setres deh ini harganya 😂,emang tres deh harga
Rating doang ip68 kena Aer ujan layar jdi bercak ungu sialan,Rating doang ip68 kena Aer ujan layar jdi bercak ungu sialan,rating doang ip68 kena aer ujan layar jdi bercak ungu sial
"Gw paling beli Poco X8 pro max aja, dah dapet dimensity 9500s, 12/512, HyperOs 3, eSim, 8500mah+100Wcharge, dll. Itupun 7,2-7,3 jt harganya

Selain hp itu ada juga iqoo 15r kalo suka pake OriginOs, sekitar 9 jt lebih seingetku

(Catatan : ini semua cuma opiniku aja, kalo ada yg gk setuju, yaudah)","Gw paling beli Poco X8 pro max aja, dah dapet dimensity 9500s, 12/512, HyperOs 3, eSim, 8500mah+100Wcharge, dll. Itupun 7,2-7,3 jt harganya Selain hp itu ada juga iqoo 15r kalo suka pake OriginOs, sekitar 9 jt lebih seingetku (Catatan : ini semua cuma opiniku aja, kalo ada yg gk setuju, yaudah)",gw paling beli poco x8 pro max dah dapet dimensity 9500s 12 512 hyperos esim 8500mah 100wcharge dll itu jt harga selain handphone juga iqoo 15r suka pake originos sekitar jt lebih seingetku catat semua cuma opini tidak tuju yaudah
masih setia sama s23 hahahahah,masih setia sama s23 hahahahah,masih setia sama s23 hahahahah
"Kemaren liat harga A57 syok wkwk, jadinya langsung beli S25 FE 😌","Kemaren liat harga A57 syok wkwk, jadinya langsung beli S25 FE 😌",kemaren liat harga a57 syok wkwk jadi langsung beli s25 fe
7-8 juta gak ada magsafe 😭,7-8 juta gak ada magsafe 😭,juta tidak magsafe
😂panas,😂panas,panas
Sangat TIDAK WORTHED!😂,Sangat TIDAK WORTHED!😂,sangat tidak worthed
Gatgetin kok ga pernah review Infinix hot 60i ya,Gatgetin kok ga pernah review Infinix hot 60i ya,gatgetin kok tidak pernah review infinix hot 60i
Lagi nonton Galaxy A57 pake Galaxy A56,Lagi nonton Galaxy A57 pake Galaxy A56,lagi nonton galaxy a57 pake galaxy a56
"Mending S25 FE lah 8,5JT di shopee drpd A57 😂😂😂","Mending S25 FE lah 8,5JT di shopee drpd A57 😂😂😂",mending s25 fe lah 5jt shopee drpd a57
"Nonton pake a57 nih semoga awet😅 dapet harga 6,2 8/256 free adpt 25watt","Nonton pake a57 nih semoga awet😅 dapet harga 6,2 8/256 free adpt 25watt",nonton pake a57 nih moga awet dapet harga 256 free adpt 25watt
Samsung blunder,Samsung blunder,samsung blunder
samsung gk cuma jual mesin tapi jual juga rom,samsung gk cuma jual mesin tapi jual juga rom,samsung tidak cuma jual mesin jual juga rom
"Hehe iya dulu saya jg gitu, kalo gak samsung ya mending nggak beli hape. 
Tp skrng lbh memilih tecno camon 40, sudah lebih dari cukup.","Hehe iya dulu saya jg gitu, kalo gak samsung ya mending nggak beli hape. Tp skrng lbh memilih tecno camon 40, sudah lebih dari cukup.",hehe iya dulu juga gitu tidak samsung mending tidak beli hape skrng lbh pilih tecno camon 40 lebih cukup
Samsung itu cari aman meskipun jaminan update+UI makin bagus itu saja jika pake main game gk ada bedanya A56    jika ada hp A56 jgn uprage ke A57 karna gk ada beda cuman beda body doang,Samsung itu cari aman meskipun jaminan update+UI makin bagus itu saja jika pake main game gk ada bedanya A56 jika ada hp A56 jgn uprage ke A57 karna gk ada beda cuman beda body doang,samsung cari aman meski jamin update ui makin bagus jika pake main game tidak beda a56 jika handphone a56 jgn uprage a57 karna tidak beda cuman beda body doang
"Semoga hpnya gak laku, biar samsung bisa intropeksi diri","Semoga hpnya gak laku, biar samsung bisa intropeksi diri",moga hpnya tidak laku samsung intropeksi diri
Nonton ini pakai A55 yg masih lancarrrr,Nonton ini pakai A55 yg masih lancarrrr,nonton pakai a55 masih lancarrrr
Msh kngen hp compact,Msh kngen hp compact,msh kngen handphone compact
Nonton via a54😅🙏,Nonton via a54😅🙏,nonton via a54
Bang Riviu kingvinik not 60,Bang Riviu kingvinik not 60,riviu kingvinik not 60
"pada nungguin, buat mau hujat samsung lagi wwkwk","pada nungguin, buat mau hujat samsung lagi wwkwk",pada nungguin buat mau hujat samsung lagi wwkwk
kak..review motorola dong...salah satu brand legend,kak..review motorola dong...salah satu brand legend,kak review motorola dong salah satu brand legend
"Trik marketing, spek naik tipis2 tapi harga upgradenya cukup kaget.
Mending a56 sih udah dapet semuanya di kalangan midrange 😁","Trik marketing, spek naik tipis2 tapi harga upgradenya cukup kaget. Mending a56 sih udah dapet semuanya di kalangan midrange 😁",trik marketing spesifikasi naik tipis2 harga upgradenya cukup kaget mending a56 sih dapet semua kalang midrange
Boleh la skrg bezel tak nampak besar sangat!,Boleh la skrg bezel tak nampak besar sangat!,boleh la skrg bezel tak nampak besar sangat
Spil harga dong berapa,Spil harga dong berapa,spil harga dong berapa
Tim yang masih pake a53🙂🤯🥵,Tim yang masih pake a53🙂🤯🥵,tim masih pake a53
Yang upgrade cuma harga nya😂,Yang upgrade cuma harga nya😂,upgrade cuma harga
Belum sempat kebeli A55 udah keluar aja A57,Belum sempat kebeli A55 udah keluar aja A57,belum sempat kebel a55 keluar a57
"Samsung A50 aku yang di beli pertengahan tahun 2019 justru kembali jadi hp utamaku, sempat di wariskan ke suami, tapi makin hari kebutuhan suami butuh yang lebih satset dan penyimpanan lebih besar, belilah hp baru(Samsung lagi)karna sebelum Samsung menurun ke dia udah 2x ganti hp china😆 alhasil dia minta di beliin Samsung, katanya yang pasti pasti aja...dan sekarang ipongku dikit dikit lowbet capek kali aku bolak balik ngecas, jadi tempatnya di laci aja, nanti ada bugetnya baru di benerin..jadi temannya kali ini(KEMBALI KE LAPTO)😂","Samsung A50 aku yang di beli pertengahan tahun 2019 justru kembali jadi hp utamaku, sempat di wariskan ke suami, tapi makin hari kebutuhan suami butuh yang lebih satset dan penyimpanan lebih besar, belilah hp baru(Samsung lagi)karna sebelum Samsung menurun ke dia udah 2x ganti hp china😆 alhasil dia minta di beliin Samsung, katanya yang pasti pasti aja...dan sekarang ipongku dikit dikit lowbet capek kali aku bolak balik ngecas, jadi tempatnya di laci aja, nanti ada bugetnya baru di benerin..jadi temannya kali ini(KEMBALI KE LAPTO)😂",samsung a50 aku beli tengah tahun 2019 justru kembali jadi handphone utama sempat waris suami makin hari butuh suami butuh lebih satset simpan lebih besar bilah handphone baru samsung lagi karna belum samsung turun dia 2x ganti handphone china alhasil dia minta beliin samsung kata pasti pasti sekarang ipongku dikit dikit lowbet capek kali aku bolak balik ngecas jadi tempat laci nanti bugetnya baru benerin jadi teman kali kembali lapto
Request dong brre mau lihat OUKITEL WP100,Request dong brre mau lihat OUKITEL WP100,request dong brre mau lihat oukitel wp100
worth upgrade kalau dari A51,worth upgrade kalau dari A51,worth upgrade a51
"Najis bet harganya, jauh mending beli seri FE","Najis bet harganya, jauh mending beli seri FE",najis bet harga jauh mending beli seri fe
Setia dengan galaxy m52 dengan layar bergaris-garis,Setia dengan galaxy m52 dengan layar bergaris-garis,setia galaxy m52 layar gar garis
Cocok buat ibu ibu.,Cocok buat ibu ibu.,cocok buat ibu ibu
Samsung A33 gue ternyata tidak seburuk itu 😂,Samsung A33 gue ternyata tidak seburuk itu 😂,samsung a33 gue nyata tidak buruk
Makin yakin lebih mending S25 FE 😂,Makin yakin lebih mending S25 FE 😂,makin yakin lebih mending s25 fe
"Nonton ini masih pakek hp kentang. A14 4g. Jalan 3 thn 😂

Sukak user interface nya, mau pindah ke hp China yg murah spek tinggi tp dirasa blm cocok untuk jangka panjang. Jd ya bertahan dulu🤣🙏🏼","Nonton ini masih pakek hp kentang. A14 4g. Jalan 3 thn 😂 Sukak user interface nya, mau pindah ke hp China yg murah spek tinggi tp dirasa blm cocok untuk jangka panjang. Jd ya bertahan dulu🤣🙏🏼",nonton masih pakek handphone kentang a14 4g jalan thn sukak user interface mau pindah handphone china murah spesifikasi tinggi rasa blm cocok jangka panjang jd tahan dulu
"Masih nyaman di a55, ga berasa udh ada a57 aj😂","Masih nyaman di a55, ga berasa udh ada a57 aj😂",masih nyaman a55 tidak asa a57 aj
auto skip,auto skip,auto skip
A55 5G TERBAEKKK,A55 5G TERBAEKKK,a55 5g terbaekkk
Kemahalan 😂😂,Kemahalan 😂😂,mahal
Aku menonton video ini seperti aku menonton review Pixel 10a,Aku menonton video ini seperti aku menonton review Pixel 10a,aku tonton video seperti aku tonton review pixel 10a
Baru aja migrasi dari a50 ke a56 berasa banget perbedaannya setelah pemakaian 7th😂 samsung pokoknya mantep,Baru aja migrasi dari a50 ke a56 berasa banget perbedaannya setelah pemakaian 7th😂 samsung pokoknya mantep,baru migrasi a50 a56 asa banget beda telah pakai 7th samsung pokok mantep
"Yang di tunggu"" telah tiba","Yang di tunggu"" telah tiba",tunggu telah tiba
12:59 SARAN-SARAN YANG SANGAT MEREKOMENDASIKAN🤣👏👍,12:59 SARAN-SARAN YANG SANGAT MEREKOMENDASIKAN🤣👏👍,12 59 saran saran sangat rekomendasi
Saya masih pake samsung A5 16 bg 🤣🤣.  Waĺaupun nonton yt hrus di crome 😂.,Saya masih pake samsung A5 16 bg 🤣🤣. Waĺaupun nonton yt hrus di crome 😂.,masih pake samsung a5 16 bg wa aupun nonton yt hrus crome
"mending s24 fe wkwkw, harganya sama","mending s24 fe wkwkw, harganya sama",mending s24 fe wkwkw harga sama
Saya request hp mito a57,Saya request hp mito a57,request handphone mito a57
"Bang, review xiaomi pad 8","Bang, review xiaomi pad 8",review xiaomi pad
"W SEBAGAI FANATIK SAMSUNG, KAPOK 
BILANGNYA SPEK IP69
UDH SETAHUN TRS KENA AIR RUSAK, EMBEL² IP68/IP69 
GA LAGI W MILIH BRAND SAMSUNG","W SEBAGAI FANATIK SAMSUNG, KAPOK BILANGNYA SPEK IP69 UDH SETAHUN TRS KENA AIR RUSAK, EMBEL² IP68/IP69 GA LAGI W MILIH BRAND SAMSUNG",bagai fanatik samsung kapok bilang spesifikasi ip69 tahun trs kena air rusak embel ip68 ip69 tidak lagi milih brand samsung
"Getaran hasil videony ciri khas android banget, i phone seri 11 paling tertinggal saat ini bisa di bilang jauh di atas  se kelas itu, jadi alasan memilih i phone bekas sudah bukan gengsi lagi, tapi fungsi hehehehe (kamera)","Getaran hasil videony ciri khas android banget, i phone seri 11 paling tertinggal saat ini bisa di bilang jauh di atas se kelas itu, jadi alasan memilih i phone bekas sudah bukan gengsi lagi, tapi fungsi hehehehe (kamera)",getar hasil videony ciri khas android banget phone seri 11 paling tinggal saat bilang jauh atas se kelas jadi alas pilih phone bekas bukan gengsi lagi fungsi hehehehe kamera
"Lama lama keliatan banget Samsung ini bener bener brand kikir njir , sederhana nya mereka bisa kasih konsumen 100 tapi mereka lebih milih buat ngasih 80 seri berikut nya 81 dan seterus nya ,ini terbukti dari upgrade mereka dari seri ke seri yang terkesan di cicil","Lama lama keliatan banget Samsung ini bener bener brand kikir njir , sederhana nya mereka bisa kasih konsumen 100 tapi mereka lebih milih buat ngasih 80 seri berikut nya 81 dan seterus nya ,ini terbukti dari upgrade mereka dari seri ke seri yang terkesan di cicil",lama lama liat banget samsung bener bener brand kikir njir sederhana kasih konsumen 100 lebih milih buat ngasih 80 seri ikut 81 terus bukti upgrade seri seri kes cicil
"Setelah gw nonton video ini gw berfikir GK jadi beli A57,..
Kebelinya A56 saja dah","Setelah gw nonton video ini gw berfikir GK jadi beli A57,.. Kebelinya A56 saja dah",telah gw nonton video gw berfikir tidak jadi beli a57 kebel a56 dah
"Bang bahas tablet dong, lenovo legion tab y700 gen4 atau gen5 dong","Bang bahas tablet dong, lenovo legion tab y700 gen4 atau gen5 dong",bahas tablet dong lenovo legion tab y700 gen4 gen5 dong
Review a37 banggg,Review a37 banggg,review a37 banggg
Next camon 50 series bg,Next camon 50 series bg,next camon 50 series bg
Motorola g86 power dong,Motorola g86 power dong,motorola g86 power dong
Review macbook dan ipad dong bang,Review macbook dan ipad dong bang,review macbook ipad dong
"Mau tanya bang, aku bingung ortu ku minta di beliin hp yg kamera & videonya bagus tapi dananya cuman ada 2jt, kira"" Bagusnya hp apa ya bg?","Mau tanya bang, aku bingung ortu ku minta di beliin hp yg kamera & videonya bagus tapi dananya cuman ada 2jt, kira"" Bagusnya hp apa ya bg?",mau tanya aku bingung ortu ku minta beliin handphone kamera video bagus dana cuman 2jt kira bagus handphone apa bg
"Udah slot micro sd nya gak ada, trus gak ada varian 512. Tahun ini skip samsung 🗿

Tidak masalah harga naik, tapi samsung sediain varian 512 atau 256 + slot micro sd pasti sy lanjut pake seri A5xxx

Karena skrg sy pakai A52s 5G yg udah uzur.","Udah slot micro sd nya gak ada, trus gak ada varian 512. Tahun ini skip samsung 🗿 Tidak masalah harga naik, tapi samsung sediain varian 512 atau 256 + slot micro sd pasti sy lanjut pake seri A5xxx Karena skrg sy pakai A52s 5G yg udah uzur.",slot micro sd tidak trus tidak varian 512 tahun skip samsung tidak masalah harga naik samsung ain varian 512 256 slot micro sd pasti sy lanjut pake seri a5xxx karena skrg sy pakai a52s 5g uzur
"heran kenapa samsung pelit bgt dah, a57 12/256 di olshop 8jutaan, hampir masuk flagship tapi yg didapet ampas 😵","heran kenapa samsung pelit bgt dah, a57 12/256 di olshop 8jutaan, hampir masuk flagship tapi yg didapet ampas 😵",heran kenapa samsung pelit banget dah a57 12 256 olshop 8jutaan hampir masuk flagship didapet ampas
Dg sadar q beli A56 kmren 4.4 samsung official kena 6 jt pas,Dg sadar q beli A56 kmren 4.4 samsung official kena 6 jt pas,dg sadar beli a56 kmren samsung official kena jt pas
Infinix gt 40 pro dong bang,Infinix gt 40 pro dong bang,infinix gt 40 pro dong
Mending yang lain😂,Mending yang lain😂,mending lain
"Alhamdulillah dapat A57 8/256 di harga 6,5","Alhamdulillah dapat A57 8/256 di harga 6,5",alhamdulillah dapat a57 256 harga
Bang kapan tecno 50pro nya,Bang kapan tecno 50pro nya,kapan tecno 50pro
Brrti a56 masih bisa lahh,Brrti a56 masih bisa lahh,brrti a56 masih lahh
"Iya, pakai samsul terlalu comfort, dan jadinya boring, dulu ambilin A55 buat istri... Akhirnya aku ambil sharp aja yang lebih menantang.. wkwkwk, hp eksperimental","Iya, pakai samsul terlalu comfort, dan jadinya boring, dulu ambilin A55 buat istri... Akhirnya aku ambil sharp aja yang lebih menantang.. wkwkwk, hp eksperimental",iya pakai samsul terlalu comfort jadi boring dulu ambilin a55 buat istri akhir aku ambil sharp lebih tantang wkwkwk handphone eksperimental
Nah ini dia penilaian  nya,Nah ini dia penilaian nya,nah dia nilai
upgrade harga doang kalo ini mah 😆,upgrade harga doang kalo ini mah 😆,upgrade harga doang mah
Samsung overprice,Samsung overprice,samsung overprice
Harganya ga ngotak wkwkwk,Harganya ga ngotak wkwkwk,harga tidak ngotak wkwkwk
"Aku user s24 ultra ganti ke A57 Worth it gak ya ?
Kayak nya enak di pandang",Aku user s24 ultra ganti ke A57 Worth it gak ya ? Kayak nya enak di pandang,aku user s24 ultra ganti a57 bagus tidak kayak enak pandang
Tecno camon 50 pro bang🙏,Tecno camon 50 pro bang🙏,tecno camon 50 pro
"Gara2 beliin istri a56 jadi pengin punya a5 series buat sendiri, feel pemakaiannya paling enak emang samsung, tapi sayangnya ada yg lebih baik dan lebih terjangkau di sektor performa ( bukan grup BB* ), tapi BB* grup yg  Real** sama Iq** masih rekomen si 😁, sektor ini memang bikin kaum mendang mending bingung.","Gara2 beliin istri a56 jadi pengin punya a5 series buat sendiri, feel pemakaiannya paling enak emang samsung, tapi sayangnya ada yg lebih baik dan lebih terjangkau di sektor performa ( bukan grup BB* ), tapi BB* grup yg Real** sama Iq** masih rekomen si 😁, sektor ini memang bikin kaum mendang mending bingung.",gara2 beliin istri a56 jadi pengin punya a5 series buat sendiri feel pakai paling enak emang samsung sayang lebih baik lebih jangkau sektor performa bukan grup bb bb grup real sama iq masih rekomen si sektor memang bikin kaum dang mending bingung
Bang rivew vivo x300 ultra,Bang rivew vivo x300 ultra,rivew vivo x300 ultra
Upgrade besar dlu di a55.. ksni kureng..,Upgrade besar dlu di a55.. ksni kureng..,upgrade besar dlu a55 ksni reng
"Samsung Gila Ngasi Harga 😂😂 Padahal Oppo Reno 15 ,Xiomi 15T aja harga segitu ada lensa telenya ..Samsung2 woiii 😂😂","Samsung Gila Ngasi Harga 😂😂 Padahal Oppo Reno 15 ,Xiomi 15T aja harga segitu ada lensa telenya ..Samsung2 woiii 😂😂",samsung gila ngasi harga padahal oppo reno 15 xiomi 15t harga segitu lensa tele samsung2 woiii
Su 57 lebih bagus👍,Su 57 lebih bagus👍,su 57 lebih bagus
Poco ajah nga sih. Toh kalau mau foto2 tetap ajah yg punya iPhone yg di suru😅,Poco ajah nga sih. Toh kalau mau foto2 tetap ajah yg punya iPhone yg di suru😅,poco ajah nga sih toh mau foto2 tetap ajah punya iphone suru
Gua ada OPPO A57 (2016) bang,Gua ada OPPO A57 (2016) bang,gua oppo a57 2016
Dulu pakai samsung A71 Sekarang pakai infinix gt30 pro tapi rasa yang mau tukar samsung A57,Dulu pakai samsung A71 Sekarang pakai infinix gt30 pro tapi rasa yang mau tukar samsung A57,dulu pakai samsung a71 sekarang pakai infinix gt30 pro rasa mau tukar samsung a57
Nonton video ini masih pake A52 😢,Nonton video ini masih pake A52 😢,nonton video masih pake a52
Samsung terlalu mahal harusnya,Samsung terlalu mahal harusnya,samsung terlalu mahal harus
"Kita lihat kedepannya karena sudah memakai layar Super Amoled+ , apakah seri A perdana yg bakal terkena lightsaber ataupun greenscreen","Kita lihat kedepannya karena sudah memakai layar Super Amoled+ , apakah seri A perdana yg bakal terkena lightsaber ataupun greenscreen",lihat depan karena pakai layar super amoled apakah seri perdana bakal kena lightsaber atau greenscreen
"gajadi beli deh kirain beda jauh sama a 56
samsung emang terlalu nyaman",gajadi beli deh kirain beda jauh sama a 56 samsung emang terlalu nyaman,gajadi beli deh kirain beda jauh sama 56 samsung emang terlalu nyaman
"dah sampe a57 aja, masih setia sama a52s. masih setia sama snapdragon. chiaaaha ahah ahaha","dah sampe a57 aja, masih setia sama a52s. masih setia sama snapdragon. chiaaaha ahah ahaha",dah sampe a57 masih setia sama a52s masih setia sama snapdragon chiaaaha ahah ahaha
Masih pakai a 52 ...masih lancar dan bagus ...,Masih pakai a 52 ...masih lancar dan bagus ...,masih pakai 52 masih lancar bagus
Nnton vdeo ini dngan a26😊,Nnton vdeo ini dngan a26😊,nnton vdeo dngan a26
"Samsung hp mahal, fitur dan spek pas2an, hp harga elit tapi spek pelit, berkali2 pake S3 tapi layar agak gelap/suram dibanding saingan, battery mending yg mah jumbo, camera ngk ada istimewanya, layar kurang responsif, meski hp baru, dibanding hp Hon** ku","Samsung hp mahal, fitur dan spek pas2an, hp harga elit tapi spek pelit, berkali2 pake S3 tapi layar agak gelap/suram dibanding saingan, battery mending yg mah jumbo, camera ngk ada istimewanya, layar kurang responsif, meski hp baru, dibanding hp Hon** ku",samsung handphone mahal fitur spesifikasi pas2an handphone harga elit spesifikasi pelit berkali2 pake s3 layar agak gelap suram banding saing battery mending mah jumbo camera ngk istimewa layar kurang responsif meski handphone baru banding handphone hon ku
"Harga nya mirip2 seri S FE, mending S FE sekalian ga sih ?","Harga nya mirip2 seri S FE, mending S FE sekalian ga sih ?",harga mirip2 seri fe mending fe sekali tidak sih
Maruk banget Samsung wkwkwkw.,Maruk banget Samsung wkwkwkw.,maruk banget samsung wkwkwkw
"upgrade naik dikit
harga naik jauh😅😅",upgrade naik dikit harga naik jauh😅😅,upgrade naik dikit harga naik jauh
"Persis honda kalo di mobil, pelit yg penting nyaman krn fanboy nya. Tapi lama2 akan tergerus juga.","Persis honda kalo di mobil, pelit yg penting nyaman krn fanboy nya. Tapi lama2 akan tergerus juga.",persis honda mobil pelit penting nyaman karena fanboy lama2 akan gerus juga
Goreng aja bang biar samsung sadar😂,Goreng aja bang biar samsung sadar😂,goreng samsung sadar
Jagan pernah celupin air niru bang david meskipun  ss a55 a56 a57 dibekali ip68 /ip69 karna samsung yang dibuat dindonesia kualitas lemnya buruk karna setelah samsung a56 saya cuci malah layarnya macet² kameranya ngebun air😢,Jagan pernah celupin air niru bang david meskipun ss a55 a56 a57 dibekali ip68 /ip69 karna samsung yang dibuat dindonesia kualitas lemnya buruk karna setelah samsung a56 saya cuci malah layarnya macet² kameranya ngebun air😢,jagan pernah celupin air niru david meski ss a55 a56 a57 bekal ip68 ip69 karna samsung buat dindonesia kualitas lem buruk karna telah samsung a56 cuci malah layar macet kamera ngebun air
Masih adem pakai 07,Masih adem pakai 07,masih adem pakai 07
Ya iyalah byk yg nanyain secara mereka percaya sama on David dan om David skrg gak trllu update hp hp baru rilis gitu malah justru bsa di bilang kalah gercep sama kreator reells/tiktok yg semenit semenit yg udh bahas ngalor ngidul,Ya iyalah byk yg nanyain secara mereka percaya sama on David dan om David skrg gak trllu update hp hp baru rilis gitu malah justru bsa di bilang kalah gercep sama kreator reells/tiktok yg semenit semenit yg udh bahas ngalor ngidul,iya byk nanyain cara percaya sama on david om david skrg tidak trllu update handphone handphone baru rilis gitu malah justru bsa bilang kalah gercep sama kreator reells tiktok menit menit bahas ngalor ngidul
jadi sebenarnya bedanya apa?,jadi sebenarnya bedanya apa?,jadi benar beda apa
baru depat info dr ig toko offline daerah saya di enam koma tujuh untuk varian 8/128,baru depat info dr ig toko offline daerah saya di enam koma tujuh untuk varian 8/128,baru depat info ig toko offline daerah enam koma tujuh varian 128
Pantesan david tahun ini ga ikut ke event launchingnya samsung a57 ini. Ternyata upgrade nya ga sebanding sama harganya,Pantesan david tahun ini ga ikut ke event launchingnya samsung a57 ini. Ternyata upgrade nya ga sebanding sama harganya,pantesan david tahun tidak ikut event launchingnya samsung a57 nyata upgrade tidak banding sama harga
"Masih pake a50, mana retak2 lagi..","Masih pake a50, mana retak2 lagi..",masih pake a50 mana retak2 lagi
"Nontonnya masih pake XIAOMI 13T yg dulu pernah dibangga2in. Hihi.... 
Sini ngumpul",Nontonnya masih pake XIAOMI 13T yg dulu pernah dibangga2in. Hihi.... Sini ngumpul,nontonnya masih pake xiaomi 13t dulu pernah dibangga2in hihi sini ngumpul
Nonton pake samsung a57😂,Nonton pake samsung a57😂,nonton pake samsung a57
Bang A17 DONG,Bang A17 DONG,a17 dong
masih menggunakan A55 dan masih happy dengar review A56 & A57 yg gajauh beda sama A55 WKWK. Ssmsung A55 All rounder yg masih enak dipake udah 2 tahun,masih menggunakan A55 dan masih happy dengar review A56 & A57 yg gajauh beda sama A55 WKWK. Ssmsung A55 All rounder yg masih enak dipake udah 2 tahun,masih guna a55 masih happy dengar review a56 a57 gajauh beda sama a55 wkwk ssmsung a55 all rounder masih enak dipake tahun
Uhuy akhirnya A56 ada versi + nya,Uhuy akhirnya A56 ada versi + nya,uhuy akhir a56 versi
"Aku pake hp samsung A34 5G, baru ganti lcd di samsung center tp ada problem kadang sering restart sendiri dan kalau bukak video di x sering green screen itu kenapa ya? Disini apa ada yg pernah ngalamin","Aku pake hp samsung A34 5G, baru ganti lcd di samsung center tp ada problem kadang sering restart sendiri dan kalau bukak video di x sering green screen itu kenapa ya? Disini apa ada yg pernah ngalamin",aku pake handphone samsung a34 5g baru ganti lcd samsung center problem kadang sering restart sendiri bukak video sering green screen kenapa sini apa pernah ngalamin
riview camon 50 dong bang,riview camon 50 dong bang,riview camon 50 dong
Kalau mau upgrade dari samsung m31 ke A57 bisa lah yah,Kalau mau upgrade dari samsung m31 ke A57 bisa lah yah,mau upgrade samsung m31 a57 lah yah
Mending Reno 15 5g,Mending Reno 15 5g,mending reno 15 5g
Kelebihan samsung .baterai awet.. udah 5 tahunan masih bagus kondisinya,Kelebihan samsung .baterai awet.. udah 5 tahunan masih bagus kondisinya,lebih samsung baterai awet tahun masih bagus kondisi
"Alhamdulillah A31 Sdh 7 tahun pake msih hidup walaupun katanya sdh retak"" 😊","Alhamdulillah A31 Sdh 7 tahun pake msih hidup walaupun katanya sdh retak"" 😊",alhamdulillah a31 sdh tahun pake msih hidup walaupun kata sdh retak
"GA NGOTAK, OVERPRICED PARAH.
Lihat aja beberapa bulan, yg 7 juta bakal turun jadi 6,2 jt. 

Gue ada J7 pro.","GA NGOTAK, OVERPRICED PARAH. Lihat aja beberapa bulan, yg 7 juta bakal turun jadi 6,2 jt. Gue ada J7 pro.",tidak ngotak overpriced parah lihat beberapa bulan juta bakal turun jadi jt gue j7 pro
Baru beli A56 2bulan eh udah nongol aja A57.,Baru beli A56 2bulan eh udah nongol aja A57.,baru beli a56 2bulan eh nongol a57
Sayangnya hardisk 12/512   Gb  tidak dipasarkan di Indonesia.,Sayangnya hardisk 12/512 Gb tidak dipasarkan di Indonesia.,sayang hardisk 12 512 gb tidak pasar indonesia
kalo aku mending ambil s23 fe sekalian sih. dengan skor antutu yang mirip dan harga yang lebih murah tapi kamera lebih oke,kalo aku mending ambil s23 fe sekalian sih. dengan skor antutu yang mirip dan harga yang lebih murah tapi kamera lebih oke,aku mending ambil s23 fe sekali sih skor antutu mirip harga lebih murah kamera lebih oke
Tetap enak dan pas di samsung a54 😍,Tetap enak dan pas di samsung a54 😍,tetap enak pas samsung a54
samsung terlalu percaya diri😅,samsung terlalu percaya diri😅,samsung terlalu percaya diri
Nonton pakai A52s 😂,Nonton pakai A52s 😂,nonton pakai a52s
Tahun ini adalah (bukan) tahunnya Samsung seri A!,Tahun ini adalah (bukan) tahunnya Samsung seri A!,tahun bukan tahun samsung seri
A30s upgrade ke A54 atau A30s upgrade ke A57 bang David @GadgetIn 🙏🏼❤️,A30s upgrade ke A54 atau A30s upgrade ke A57 bang David @GadgetIn 🙏🏼❤️,a30s upgrade a54 a30s upgrade a57 david gadgetin
"Kalo mau upgrade mending series S
Dr pengguna A70 dr 2019 😎",Kalo mau upgrade mending series S Dr pengguna A70 dr 2019 😎,mau upgrade mending series guna a70 2019
"Nonton Samsung A57 ditahun 2026, Pake Samsung A03😄","Nonton Samsung A57 ditahun 2026, Pake Samsung A03😄",nonton samsung a57 tahun 2026 pake samsung a03
Mending oppo reno 15 promax lah😅😂,Mending oppo reno 15 promax lah😅😂,mending oppo reno 15 promax lah
Kamera a55 jelek banget bang nyesel dah beli a55,Kamera a55 jelek banget bang nyesel dah beli a55,kamera a55 jelek banget nyesel dah beli a55
samsung harganya  jadi kemahalan dibanding produk china...!dari spek sdh diatas samsung tapi harga jauh dibawah samsung...!samsung masih menang hanya di layar ..!super amoled pluss...yg lain .....sdh ketinggalan dibanding merk lain..!,samsung harganya jadi kemahalan dibanding produk china...!dari spek sdh diatas samsung tapi harga jauh dibawah samsung...!samsung masih menang hanya di layar ..!super amoled pluss...yg lain .....sdh ketinggalan dibanding merk lain..!,samsung harga jadi mahal banding produk china spesifikasi sdh atas samsung harga jauh bawah samsung samsung masih menang hanya layar super amoled pluss lain sdh tinggal banding merk lain
wkwkk hp modal WanYuAi doang ini mah,wkwkk hp modal WanYuAi doang ini mah,wkwkk handphone modal wanyuai doang mah
Bang Review oppo Reno 15 pro max,Bang Review oppo Reno 15 pro max,review oppo reno 15 pro max
A73 kok gak ada lanjutannya ya,A73 kok gak ada lanjutannya ya,a73 kok tidak lanjut
dapet A56 BNIB 3 bulan lalu harga 4.8 jt 😂,dapet A56 BNIB 3 bulan lalu harga 4.8 jt 😂,dapet a56 bnib bulan lalu harga jt
"Udah sampe A57, tapi nonton ini masih pake A51. 😢😂","Udah sampe A57, tapi nonton ini masih pake A51. 😢😂",sampe a57 nonton masih pake a51
Kaka gue beli nih a57 kmrn 7.5 jt dpt jam+ adaptor. Cuma karna dia penikmat samsung seri A katanya dari dulu pake tahan banting awet ampe bertahun2 dan skrg harus ganti akhirnya ambil a57. Org ga perlu mikir spek ini itu cuma karna udh nyaman 😂,Kaka gue beli nih a57 kmrn 7.5 jt dpt jam+ adaptor. Cuma karna dia penikmat samsung seri A katanya dari dulu pake tahan banting awet ampe bertahun2 dan skrg harus ganti akhirnya ambil a57. Org ga perlu mikir spek ini itu cuma karna udh nyaman 😂,kaka gue beli nih a57 kmrn jt dapat jam adaptor cuma karna dia nikmat samsung seri kata dulu pake tahan banting awet ampe bertahun2 skrg harus ganti akhir ambil a57 org tidak perlu mikir spesifikasi cuma karna nyaman
"Harga baru segitu seri A57 yaa, beralih ke S23 aja yang seken 😂😂","Harga baru segitu seri A57 yaa, beralih ke S23 aja yang seken 😂😂",harga baru segitu seri a57 yaa alih s23 ken
jadi dibandingkan dengan POCO X8 Pro Max mendingan mana mas wkwkwkw,jadi dibandingkan dengan POCO X8 Pro Max mendingan mana mas wkwkwkw,jadi banding poco x8 pro max mending mana mas wkwkwkw
"Msh unggul poco x8 pro,david","Msh unggul poco x8 pro,david",msh unggul poco x8 pro david
"Minggu kmren bulan maret S25 FE di 7,6 juta doang di Tiktok skrng mah dinaikkan ternyata biar yg seri A57 bisa laku 😂","Minggu kmren bulan maret S25 FE di 7,6 juta doang di Tiktok skrng mah dinaikkan ternyata biar yg seri A57 bisa laku 😂",minggu kmren bulan maret s25 fe juta doang tiktok skrng mah naik nyata seri a57 laku
"nyamannya di wanyuai aja kah? 
apa nyaman light sabernya kah? 
samsung jualan layar kah?",nyamannya di wanyuai aja kah? apa nyaman light sabernya kah? samsung jualan layar kah?,nyaman wanyuai kah apa nyaman light sabernya kah samsung jual layar kah
"Gw msh pake Samsung A52, pengen ganti, tp bener ini jd bingung banyak yg menarik seperti IQOO 15R atau POCO X8 Pro  ya? Klo A57 ini ntah knp sy kurang selera lagi ke Samsung, rasanya emang hp mid bgt klo samsung yg bagus cuma seri S, makanya gw msh simpen jg S10 gw wkkwkw","Gw msh pake Samsung A52, pengen ganti, tp bener ini jd bingung banyak yg menarik seperti IQOO 15R atau POCO X8 Pro ya? Klo A57 ini ntah knp sy kurang selera lagi ke Samsung, rasanya emang hp mid bgt klo samsung yg bagus cuma seri S, makanya gw msh simpen jg S10 gw wkkwkw",gw msh pake samsung a52 ken ganti bener jd bingung banyak tarik seperti iqoo 15r poco x8 pro klo a57 ntah knp sy kurang selera lagi samsung rasa emang handphone mid banget klo samsung bagus cuma seri makanya gw msh simpen juga s10 gw wkkwkw
"dihina tak tumbang, dipuji pun sulit wkwk 😂","dihina tak tumbang, dipuji pun sulit wkwk 😂",hina tak tumbang puji pun sulit wkwk
Nonton make a52s and masih bagus 😊😊,Nonton make a52s and masih bagus 😊😊,nonton make a52s and masih bagus
"Saran vid, sampaikan sama samsung kasih fitur infrared di HP nya","Saran vid, sampaikan sama samsung kasih fitur infrared di HP nya",saran vid sampai sama samsung kasih fitur infrared handphone
Masih nonton pakai S21FE,Masih nonton pakai S21FE,masih nonton pakai s21fe
Bang a27 kapan,Bang a27 kapan,a27 kapan
Mahal amat 6jt,Mahal amat 6jt,mahal amat 6jt
"Pernah pake A51 dan A55, kenapa ya kamera selfienya kelihatan kusem banget? apalagi klo kurang cahaya. Klo kamera belakang no komen bagus dan stabil videonya. trus aku ngerasa update OS samsung makin lama software kamera belakang makin burik, apalagi yg depan 😅, jd kya percuma upgrade android bisa sampe 6x hehe.. Cuma walaupun bisa upgrade 6x masih lancar ngga lemot"" kya hp lainnya, minus di software kamera aja sih yg aku rasain. Ada yg ngerasain hal yg sama?","Pernah pake A51 dan A55, kenapa ya kamera selfienya kelihatan kusem banget? apalagi klo kurang cahaya. Klo kamera belakang no komen bagus dan stabil videonya. trus aku ngerasa update OS samsung makin lama software kamera belakang makin burik, apalagi yg depan 😅, jd kya percuma upgrade android bisa sampe 6x hehe.. Cuma walaupun bisa upgrade 6x masih lancar ngga lemot"" kya hp lainnya, minus di software kamera aja sih yg aku rasain. Ada yg ngerasain hal yg sama?",pernah pake a51 a55 kenapa kamera selfienya lihat kusem banget apalagi klo kurang cahaya klo kamera belakang no komen bagus stabil video trus aku ngerasa update os samsung makin lama software kamera belakang makin burik apalagi depan jd kya percuma upgrade android sampe 6x hehe cuma walaupun upgrade 6x masih lancar ngga lot kya handphone lain minus software kamera sih aku rasain ngerasain hal sama
"Masih setia sama a52s, beli dari awal launch 2021 sampe 2026 gak ada lemot²nya, paling cuman backdoor aja lepas😁","Masih setia sama a52s, beli dari awal launch 2021 sampe 2026 gak ada lemot²nya, paling cuman backdoor aja lepas😁",masih setia sama a52s beli awal launch 2021 sampe 2026 tidak lot paling cuman backdoor lepas
Harga fitur google semakin mahal update nambah maka harga nambah. Kalo beli produk Pocin kurang suka sebab gimik judul lebay sofware ampas iklan.,Harga fitur google semakin mahal update nambah maka harga nambah. Kalo beli produk Pocin kurang suka sebab gimik judul lebay sofware ampas iklan.,harga fitur google makin mahal update nambah maka harga nambah beli produk pocin kurang suka sebab gimik judul lebay sofware ampas iklan
durasi video menentukan kualitas,durasi video menentukan kualitas,durasi video tentu kualitas
a17 nya bang,a17 nya bang,a17
Yah what ever samsung masih pertahankan kepelitannya mungkin sampai bumi ni hilang😅,Yah what ever samsung masih pertahankan kepelitannya mungkin sampai bumi ni hilang😅,yah what ever samsung masih tahan pelit mungkin sampai bumi ni hilang
Wkwkwkwkwkwkwk samsung,Wkwkwkwkwkwkwk samsung,wkwkwkwkwkwkwk samsung
Menurut gw ambil Poco X8 pro aja ges atau a56 aja,Menurut gw ambil Poco X8 pro aja ges atau a56 aja,turut gw ambil poco x8 pro ges a56
"Aku Dah kapok beli samsung, beli A56 baru dipakai belum genap 2 bulan udah rusak layarnya , aku bawa ke samsung service habis 1,6jt, aku kira beli samsung aman jangka panjang eh malah eror dari awal.. aku tanya garansi katanya gak ada.. tp pelayan enak, waktu ada rusaknya hp langsung gercep pelayan samsung service, bisa ditunggu 3 jam..","Aku Dah kapok beli samsung, beli A56 baru dipakai belum genap 2 bulan udah rusak layarnya , aku bawa ke samsung service habis 1,6jt, aku kira beli samsung aman jangka panjang eh malah eror dari awal.. aku tanya garansi katanya gak ada.. tp pelayan enak, waktu ada rusaknya hp langsung gercep pelayan samsung service, bisa ditunggu 3 jam..",aku dah kapok beli samsung beli a56 baru pakai belum genap bulan rusak layar aku bawa samsung service habis 6jt aku kira beli samsung aman jangka panjang eh malah eror awal aku tanya garansi kata tidak layan enak waktu rusak handphone langsung gercep layan samsung service tunggu jam
A37 nya nggak sekalian di review bang ? 😅,A37 nya nggak sekalian di review bang ? 😅,a37 tidak sekali review
"Aq pengen punya hape samsung S21 ultra aja belom keturutan, udah ada baru aja 😂😂","Aq pengen punya hape samsung S21 ultra aja belom keturutan, udah ada baru aja 😂😂",aq ken punya hape samsung s21 ultra bom turut baru
"4:32 semenjak A56 kemarin, liat samsung seri A5x udah ga semenarik itu. Padahal jelas kelas midrange, tapi kenapa hilangin slot sd card? Ngikut2 kelas flagship. Sementara pilihan memori paling besarnya cuma 256GB. Ngalahin slot sd card biar bisa dual nano sim tuh kayak suatu hal yg mubazir, padahal seri mid range samsung udah support esim. Jadi sampe saat ini masih betah di A55, gatau kalo misal nanti A58 dan seterusnya bakal ada upgrade memori sampe 512GB atau bahkan 1TB 😅","4:32 semenjak A56 kemarin, liat samsung seri A5x udah ga semenarik itu. Padahal jelas kelas midrange, tapi kenapa hilangin slot sd card? Ngikut2 kelas flagship. Sementara pilihan memori paling besarnya cuma 256GB. Ngalahin slot sd card biar bisa dual nano sim tuh kayak suatu hal yg mubazir, padahal seri mid range samsung udah support esim. Jadi sampe saat ini masih betah di A55, gatau kalo misal nanti A58 dan seterusnya bakal ada upgrade memori sampe 512GB atau bahkan 1TB 😅",32 semenjak a56 kemarin liat samsung seri a5x tidak tarik padahal jelas kelas midrange kenapa hilangin slot sd card ngikut2 kelas flagship sementara pilih memori paling besar cuma 256gb ngalahin slot sd card dual nano sim tuh kayak suatu hal mubazir padahal seri mid range samsung support esim jadi sampe saat masih betah a55 gatau misal nanti a58 terus bakal upgrade memori sampe 512gb bahkan 1tb
nonton ini di samsung A52 saking masih enak banget dipake 🥰 walopun udah bolak balik service. consider ganti HP brand lain tapi udah kadung kepincut OneUI nya 🎉,nonton ini di samsung A52 saking masih enak banget dipake 🥰 walopun udah bolak balik service. consider ganti HP brand lain tapi udah kadung kepincut OneUI nya 🎉,nonton samsung a52 saking masih enak banget dipake walopun bolak balik service consider ganti handphone brand lain kadung kepincut oneui
BETTER POCO X8 PRO,BETTER POCO X8 PRO,better poco x8 pro
"Dah males upgrade hp mahal, beli mahal pasti jatuh harga jauh bgt wkwk, kpake cuma game n wa doank. Kamera mah pisah aja pake 360 lbh puas","Dah males upgrade hp mahal, beli mahal pasti jatuh harga jauh bgt wkwk, kpake cuma game n wa doank. Kamera mah pisah aja pake 360 lbh puas",dah males upgrade handphone mahal beli mahal pasti jatuh harga jauh banget wkwk kpake cuma game wa doank kamera mah pisah pake 360 lbh puas
Bahas Oppo reno 15 5G,Bahas Oppo reno 15 5G,bahas oppo reno 15 5g
Akhirnya nongol juga nih video jujur dri bang gadetin 😅,Akhirnya nongol juga nih video jujur dri bang gadetin 😅,akhir nongol juga nih video jujur dri gadetin
"2:05 Diem², timbangannya seharga Samsung A55 😅","2:05 Diem², timbangannya seharga Samsung A55 😅",05 diem timbang harga samsung a55
Review Samsung a37 bang,Review Samsung a37 bang,review samsung a37
"kalo selisih setahun emang ga terlalu berasa upgradenya, kalo dari a54 atau a55, beli a57 nah itu berasa bedanya, 😀","kalo selisih setahun emang ga terlalu berasa upgradenya, kalo dari a54 atau a55, beli a57 nah itu berasa bedanya, 😀",selisih tahun emang tidak terlalu asa upgradenya a54 a55 beli a57 nah asa beda
A37 nanti ya bang,A37 nanti ya bang,a37 nanti
"setiap bang david bahas samsung selalu ketawa kalo ngomongin ""bezelnya"" 🤣","setiap bang david bahas samsung selalu ketawa kalo ngomongin ""bezelnya"" 🤣",tiap david bahas samsung selalu ketawa ngomongin bezelnya
bang rekomendasi iphone bang dari harga 5-15 juta bang,bang rekomendasi iphone bang dari harga 5-15 juta bang,rekomendasi iphone harga 15 juta
Mahal bangett 😢,Mahal bangett 😢,mahal bangett
"Nonton nya masih pakai samsung A50😂😂
2019",Nonton nya masih pakai samsung A50😂😂 2019,nonton masih pakai samsung a50 2019
Nonton pake samsung A11 3/32 beli tahun 2020 klo panas udah ngehang,Nonton pake samsung A11 3/32 beli tahun 2020 klo panas udah ngehang,nonton pake samsung a11 32 beli tahun 2020 klo panas ngehang
"Sudah ku duga bang davit bilang gini mending sekalian S25fe, kalo harga sudah tidak wajar akhirnya tembus 😂","Sudah ku duga bang davit bilang gini mending sekalian S25fe, kalo harga sudah tidak wajar akhirnya tembus 😂",ku duga davit bilang gin mending sekali s25fe harga tidak wajar akhir tembus
"Samsung A36 istri sy aja bgs hbs ftony, tpi sy ttp mnggnakan brand X krna ada Remote ny 😂","Samsung A36 istri sy aja bgs hbs ftony, tpi sy ttp mnggnakan brand X krna ada Remote ny 😂",samsung a36 istri sy bagus hbs ftony tpi sy ttp mnggnakan brand krna remote ny
Genshin doang berasa jadi strika 😂,Genshin doang berasa jadi strika 😂,genshin doang asa jadi strika
Terlalu overprice,Terlalu overprice,terlalu overprice
gua tetap realme c71 bg 🤣,gua tetap realme c71 bg 🤣,gua tetap realme c71 bg
Nothing phone 4 dong review?,Nothing phone 4 dong review?,nothing phone dong review
Gue kecewa sama samsung walaupun gue ud bawa s series tpi kenapa hp selain itu dagu nya tebel,Gue kecewa sama samsung walaupun gue ud bawa s series tpi kenapa hp selain itu dagu nya tebel,gue kecewa sama samsung walaupun gue ud bawa series tpi kenapa handphone selain dagu tebel
Samsung ngk keren dari segi nama. Kayak HP 1 jutawan seru a,Samsung ngk keren dari segi nama. Kayak HP 1 jutawan seru a,samsung ngk bagus segi nama kayak handphone jutawan seru
2:29 ip 57 wkwkwkwkwkwkw,2:29 ip 57 wkwkwkwkwkwkw,29 ip 57 wkwkwkwkwkwkw
Dengan kesadaran penuh gue ambil seri S25 fe,Dengan kesadaran penuh gue ambil seri S25 fe,sadar penuh gue ambil seri s25 fe
bikin samsung a37 vs a36 bang,bikin samsung a37 vs a36 bang,bikin samsung a37 vs a36
"Ini lebih cocok dikasih nama a56s
Krn lebih ke penyempurnaan seri sebelumnya y",Ini lebih cocok dikasih nama a56s Krn lebih ke penyempurnaan seri sebelumnya y,lebih cocok kasih nama a56s karena lebih sempurna seri belum
"Maaf dari zaman I-Phone 4 🤔
Sebelum nya aku beli samsung, eehh dpt replika. Alhasil sampe sekarang trauma 😂. 

Bayangin, tahun segitu 🤔 samsung udah di palsukan 😢","Maaf dari zaman I-Phone 4 🤔 Sebelum nya aku beli samsung, eehh dpt replika. Alhasil sampe sekarang trauma 😂. Bayangin, tahun segitu 🤔 samsung udah di palsukan 😢",maaf zaman phone belum aku beli samsung eehh dapat replika alhasil sampe sekarang trauma bayangin tahun segitu samsung palsu
Series samsung A yg worth it  cuma A52s dan A54,Series samsung A yg worth it cuma A52s dan A54,series samsung bagus cuma a52s a54
Pake A55 masih mantep sampe sekarang🔥,Pake A55 masih mantep sampe sekarang🔥,pake a55 masih mantep sampe sekarang
"Haha, udah jauh ya sampai A57. Saya pakai A50s dan baru ke beli seken 2023 kemarin. Telat banget ya wkwk","Haha, udah jauh ya sampai A57. Saya pakai A50s dan baru ke beli seken 2023 kemarin. Telat banget ya wkwk",haha jauh sampai a57 pakai a50s baru beli ken 2023 kemarin telat banget wkwk
keknya bulan depan lu baru bahas camon 50 bang,keknya bulan depan lu baru bahas camon 50 bang,kek bulan depan lu baru bahas camon 50
Bang review Tecno Camon 50 bang 🙏🙏,Bang review Tecno Camon 50 bang 🙏🙏,review tecno camon 50
"Upgrade nya Samsung cuma tobat dari model sebelum nya yg kaya batako tebel nya 😂😂😂
Spek & kamera nya tetap sampah dibanding lawan seharga nya 😢",Upgrade nya Samsung cuma tobat dari model sebelum nya yg kaya batako tebel nya 😂😂😂 Spek & kamera nya tetap sampah dibanding lawan seharga nya 😢,upgrade samsung cuma tobat model belum kaya batako tebel spesifikasi kamera tetap sampah banding lawan harga
"Pake samsung dari jaman s6 edge, entah kenapa betah aja mau pindah bran lain susah, tp sy suka gadget yg akhirnya nyoba² hp laen cmn jadi hp ke 2 pake brp bulan jual lagi 😅 blm nemu yg bs gantiin samsung jadi hp utama sy","Pake samsung dari jaman s6 edge, entah kenapa betah aja mau pindah bran lain susah, tp sy suka gadget yg akhirnya nyoba² hp laen cmn jadi hp ke 2 pake brp bulan jual lagi 😅 blm nemu yg bs gantiin samsung jadi hp utama sy",pake samsung jaman s6 edge entah kenapa betah mau pindah bran lain susah sy suka gadget akhir nyoba handphone laen cmn jadi handphone pake brp bulan jual lagi blm nemu bs gantiin samsung jadi handphone utama sy
7:21 mohon info link wallpaper nya,7:21 mohon info link wallpaper nya,21 mohon info link wallpaper
"baru pakek A56, abis pakai a52 selama 4 taun😊","baru pakek A56, abis pakai a52 selama 4 taun😊",baru pakek a56 abis pakai a52 lama taun
Bang David review tecno camon 50 pro 5g kapan bang,Bang David review tecno camon 50 pro 5g kapan bang,david review tecno camon 50 pro 5g kapan
Bagus ini HP. Soal beli atau tidak.. itu urusan pribadi masing2 jangan nge-judge yg mau beli atau yg ngga mau beli. Beli juga pakai duid masing2,Bagus ini HP. Soal beli atau tidak.. itu urusan pribadi masing2 jangan nge-judge yg mau beli atau yg ngga mau beli. Beli juga pakai duid masing2,bagus handphone soal beli tidak urus pribadi masing2 jangan nge judge mau beli ngga mau beli beli juga pakai duid masing2
Setelah nonton ini gw bersyukur ngangkut 15t 12/512gb tahun kemarin di harga 6.1 free xiaomi band 10 lagi yg harganya 600k,Setelah nonton ini gw bersyukur ngangkut 15t 12/512gb tahun kemarin di harga 6.1 free xiaomi band 10 lagi yg harganya 600k,telah nonton gw syukur ngangkut 15t 12 512gb tahun kemarin harga free xiaomi band 10 lagi harga 600k
nonton pake A52 hadir ☝️,nonton pake A52 hadir ☝️,nonton pake a52 hadir
Harusnya namanya A56S kali ya 😂,Harusnya namanya A56S kali ya 😂,harus nama a56s kali
Nonton pake galaxy A07 8/256,Nonton pake galaxy A07 8/256,nonton pake galaxy a07 256
"Brand kalo udah besar ya gituuu…
Jadi ingat nokia dan blackberry",Brand kalo udah besar ya gituuu… Jadi ingat nokia dan blackberry,brand besar gituuu jadi ingat nokia blackberry
Kesimpulan : Jangan Beli,Kesimpulan : Jangan Beli,simpul jangan beli
"Tetap aja kata bocil Sumsang: ""Gak bahas iklannya?"" ""Gak bahas UInya,?"" Makin dikit yak yg diunggulkan 😂😂😂","Tetap aja kata bocil Sumsang: ""Gak bahas iklannya?"" ""Gak bahas UInya,?"" Makin dikit yak yg diunggulkan 😂😂😂",tetap kata bocil sumsang tidak bahas iklan tidak bahas uinya makin dikit yak unggul
bangg coba review honor win pliss😭,bangg coba review honor win pliss😭,bangg coba review honor win pliss
"poco x8 pro worth it gasii, bingung banget mau ngambil poco apa samsung a56","poco x8 pro worth it gasii, bingung banget mau ngambil poco apa samsung a56",poco x8 pro bagus gasii bingung banget mau ngambil poco apa samsung a56
Males bgt denger nya ga bisa suport micro SD,Males bgt denger nya ga bisa suport micro SD,males banget denger tidak suport micro sd
"abang-abang ijin bertanya, hp saya sekitar 4 bulan yang lalu ganti kabel charger, sebulan pertama itu normal-normal aja gaada kendala apapun, lewat dari itu hp saya gampang panas, ditinggal tidur, gaada latar belakang aktif, data off, dan memang sebelum ganti charger tuh sambil muter spotify ditinggal tidur paling ngurangnya 10% (ga panas sama sekali) lah sekarang dari 100% hp didiemin doang panasnya minta ampun.
mohon pencerahannya buat abang-abang yang lebih faham..hp saya (itel rs4)","abang-abang ijin bertanya, hp saya sekitar 4 bulan yang lalu ganti kabel charger, sebulan pertama itu normal-normal aja gaada kendala apapun, lewat dari itu hp saya gampang panas, ditinggal tidur, gaada latar belakang aktif, data off, dan memang sebelum ganti charger tuh sambil muter spotify ditinggal tidur paling ngurangnya 10% (ga panas sama sekali) lah sekarang dari 100% hp didiemin doang panasnya minta ampun. mohon pencerahannya buat abang-abang yang lebih faham..hp saya (itel rs4)",abang abang ijin tanya handphone sekitar bulan lalu ganti kabel charger bulan pertama normal normal gaada kendala apa lewat handphone gampang panas tinggal tidur gaada latar belakang aktif data off memang belum ganti charger tuh sambil muter spotify tinggal tidur paling ngurangnya 10 tidak panas sama sekali lah sekarang 100 handphone didiemin doang panas minta ampun mohon cerah buat abang abang lebih faham handphone itel rs4
aku masih pake hp purba ip 13😂,aku masih pake hp purba ip 13😂,aku masih pake handphone purba ip 13
Mengding seri FE tahun lalu,Mengding seri FE tahun lalu,mengding seri fe tahun lalu
"Seri A 5 yg paling keren menurut sya A54, kecil dan kompak. Enak klo di pegang.","Seri A 5 yg paling keren menurut sya A54, kecil dan kompak. Enak klo di pegang.",seri paling bagus turut sya a54 kecil kompak enak klo pegang
"masih pakai A55 dari tahun 2024 masih nyaman.
bukan gamer berat 😂",masih pakai A55 dari tahun 2024 masih nyaman. bukan gamer berat 😂,masih pakai a55 tahun 2024 masih nyaman bukan gamer berat
HP bagus. Affordable,HP bagus. Affordable,handphone bagus affordable
"Ada yang nyadar gak, tecno camon 5 pro 5g kagak di riview 😂","Ada yang nyadar gak, tecno camon 5 pro 5g kagak di riview 😂",nyadar tidak tecno camon pro 5g kagak riview
Kebanyakan yg beli HP ini gak tau perkembangan teknologi. 😂😂,Kebanyakan yg beli HP ini gak tau perkembangan teknologi. 😂😂,banyak beli handphone tidak tau kembang teknologi
Masih nunggu camon 50 bng😊,Masih nunggu camon 50 bng😊,masih nunggu camon 50 bng
Nonton pakai A11 udah pernah nyempung rawa tapi belum pernah service / ganti batrai 😅..,Nonton pakai A11 udah pernah nyempung rawa tapi belum pernah service / ganti batrai 😅..,nonton pakai a11 pernah nyempung rawa belum pernah service ganti batrai
masih a32 4g we😅,masih a32 4g we😅,masih a32 4g we
"Gua baru beli a56. Lusanya muncul a57,hadehhh wkwkwk","Gua baru beli a56. Lusanya muncul a57,hadehhh wkwkwk",gua baru beli a56 lusa muncul a57 hadehhh wkwkwk
Redmi 14 c  User  nyimak  wkwk,Redmi 14 c User nyimak wkwk,redmi 14 user nyimak wkwk
"Kalau Pintar, mending beli Samsung S24 basic, jauh speknya tp harganya rapet sama A57, cek cek aja di Online shop msh ada yg jual 😁","Kalau Pintar, mending beli Samsung S24 basic, jauh speknya tp harganya rapet sama A57, cek cek aja di Online shop msh ada yg jual 😁",pintar mending beli samsung s24 basic jauh speknya harga rapet sama a57 cek cek online shop msh jual
Nonton dengan Samsung A54😂 next klau ganti hp mungkin mau coba POCO soalnya seri A yg gw ikutin dri dulu dah kurang worth it,Nonton dengan Samsung A54😂 next klau ganti hp mungkin mau coba POCO soalnya seri A yg gw ikutin dri dulu dah kurang worth it,nonton samsung a54 next klau ganti handphone mungkin mau coba poco soal seri gw ikutin dri dulu dah kurang bagus
Harganya lawakk 😂,Harganya lawakk 😂,harga lawakk
"Menurut gue satu satunya nilai jual HP samsung selain flagship itu ya keawetan HPnya. Gue pake A50s dari akhir 2019, ga pernah ada kendala serius sama sekali. Batre gak bocor, gak menggembung juga. Satu satunya yang rusak dari HP ini tuh fitur vibratenya, gara gara jatoh itu juga wkwk.","Menurut gue satu satunya nilai jual HP samsung selain flagship itu ya keawetan HPnya. Gue pake A50s dari akhir 2019, ga pernah ada kendala serius sama sekali. Batre gak bocor, gak menggembung juga. Satu satunya yang rusak dari HP ini tuh fitur vibratenya, gara gara jatoh itu juga wkwk.",turut gue satu satu nilai jual handphone samsung selain flagship awet hpnya gue pake a50s akhir 2019 tidak pernah kendala serius sama sekali batre tidak bocor tidak gembung juga satu satu rusak handphone tuh fitur vibratenya gara gara jatoh juga wkwk
bandingin sama yang sekelasnya bang,bandingin sama yang sekelasnya bang,bandingin sama kelas
gaslah tinggalkan dulu ip 13,gaslah tinggalkan dulu ip 13,gas tinggal dulu ip 13
Apa cuma saya yang ngerasain susahnya Indisplay fingerprint Samsung Galaxy A series?,Apa cuma saya yang ngerasain susahnya Indisplay fingerprint Samsung Galaxy A series?,apa cuma ngerasain susah indisplay fingerprint samsung galaxy series
"Bang request dong, bandingin kamera samsung seri A5 dari A50 sampe A57. Soalnya gue pake A50s kok kayak ga beda jauh sama A56 A57 😅","Bang request dong, bandingin kamera samsung seri A5 dari A50 sampe A57. Soalnya gue pake A50s kok kayak ga beda jauh sama A56 A57 😅",request dong bandingin kamera samsung seri a5 a50 sampe a57 soal gue pake a50s kok kayak tidak beda jauh sama a56 a57
Nokia nyimak,Nokia nyimak,nokia nyimak
inimah tdk worth it😂😂,inimah tdk worth it😂😂,inimah tdk bagus
Nonton pakai a54 hehe,Nonton pakai a54 hehe,nonton pakai a54 hehe
Masih nyaman pakai Samsung A52s,Masih nyaman pakai Samsung A52s,masih nyaman pakai samsung a52s
Masih stay di samsung a52s,Masih stay di samsung a52s,masih stay samsung a52s
A57 harga ?,A57 harga ?,a57 harga
Harga bajingan kualitas bujangan,Harga bajingan kualitas bujangan,harga bajing kualitas bujang
Setuju 😊,Setuju 😊,tuju
Mantappp,Mantappp,mantappp
Tinggal a37 nya,Tinggal a37 nya,tinggal a37
"Saya user samsung yg seri A terendah aja suka pakai samsung,,","Saya user samsung yg seri A terendah aja suka pakai samsung,,",user samsung seri rendah suka pakai samsung
Nonton pakai SamsulA73 pembuatan 2022 aman 😊,Nonton pakai SamsulA73 pembuatan 2022 aman 😊,nonton pakai samsula73 buat 2022 aman
Nunggu moto 70 pro dah,Nunggu moto 70 pro dah,nunggu moto 70 pro dah
Absen yg masih pke samsung A51,Absen yg masih pke samsung A51,absen masih pke samsung a51
Akhirnya direview juga sama Gadgetin,Akhirnya direview juga sama Gadgetin,akhir direview juga sama gadgetin
"pake A54 udah 3 tahun, tergiur bnget pngen ganti iq15r tpi sayang duitnya","pake A54 udah 3 tahun, tergiur bnget pngen ganti iq15r tpi sayang duitnya",pake a54 tahun giur bnget pngen ganti iq15r tpi sayang duit
"Makin overprice, skip dulu. Samsung makin kesini cuma ngandalin OS nya aja dpt update 5 tahun kedepan","Makin overprice, skip dulu. Samsung makin kesini cuma ngandalin OS nya aja dpt update 5 tahun kedepan",makin overprice skip dulu samsung makin kesini cuma ngandalin os dapat update tahun depan
Nonton pake samsung A35 alhamdulillah produktif dipake ngonten😅,Nonton pake samsung A35 alhamdulillah produktif dipake ngonten😅,nonton pake samsung a35 alhamdulillah produktif dipake ngonten
Kapan Infinix smart 20 bgggg❤❤❤❤,Kapan Infinix smart 20 bgggg❤❤❤❤,kapan infinix smart 20 bgggg
"Aku beli a56 8/256 di akhir tahun dapet 5,1 juta.","Aku beli a56 8/256 di akhir tahun dapet 5,1 juta.",aku beli a56 256 akhir tahun dapet juta
"A56 klo turun di 4.5 juta,pasti laris manis buat jegal brand china","A56 klo turun di 4.5 juta,pasti laris manis buat jegal brand china",a56 klo turun juta pasti laris manis buat jegal brand china
"Keknya bakal jadi type hp gagal jual di pasaran,😂 pake A56 keknya gak salah beli😂","Keknya bakal jadi type hp gagal jual di pasaran,😂 pake A56 keknya gak salah beli😂",kek bakal jadi type handphone gagal jual pasar pake a56 kek tidak salah beli
nanti kalo udah abis di a59 trus gnti ke a60 pasti gong bgt sih,nanti kalo udah abis di a59 trus gnti ke a60 pasti gong bgt sih,nanti abis a59 trus gnti a60 pasti gong banget sih
sip,sip,sip
"Samsung ttp gtu""aja, tpi samsung tu ttp stabil walaupun dipakai bertahun tahun, ketimbanv andro brand lain, mnrtku ya","Samsung ttp gtu""aja, tpi samsung tu ttp stabil walaupun dipakai bertahun tahun, ketimbanv andro brand lain, mnrtku ya",samsung ttp gtu tpi samsung tu ttp stabil walaupun pakai tahun tahun ketimbanv andro brand lain mnrtku
Next A37 5g kak,Next A37 5g kak,next a37 5g kak
Aku mah msh setia pakai A73😅 syg kalau mau dijual... belinya mahal... toh hpnya masih ok kok,Aku mah msh setia pakai A73😅 syg kalau mau dijual... belinya mahal... toh hpnya masih ok kok,aku mah msh setia pakai a73 syg mau jual beli mahal toh hpnya masih ok kok
Hp panas mahal😢😢😢,Hp panas mahal😢😢😢,handphone panas mahal
mending beli poco F8,mending beli poco F8,mending beli poco f8
Parah kalo masi laris wkwk,Parah kalo masi laris wkwk,parah mas laris wkwk
Seri A bezelnya 😂,Seri A bezelnya 😂,seri bezelnya
"Soc buatan samsung ga cocok gaming, literly pabrikannya sendiri
Beda ama tsmc, mau gimana lagi mesin bikinya beda kali","Soc buatan samsung ga cocok gaming, literly pabrikannya sendiri Beda ama tsmc, mau gimana lagi mesin bikinya beda kali",soc buat samsung tidak cocok gaming literly pabrikan sendiri beda ama tsmc mau gimana lagi mesin bik beda kali
Apakah ini termasuk overprice 🤔,Apakah ini termasuk overprice 🤔,apakah masuk overprice
"Benar sekali bung, Upgradenya samsung ini, bikin malas, bosan dan tidak menggairahkan.... saya penggemar berat samsung, sampai komen ini saya ketik, saya masih menggunakan hp Samsung A51, krn MENUNGGU hp midrange samsung yang upgradenya lebih bagus dan lebih kreen.. ternyata... upradenya hanya gitu gitu saja, terutama dalam hal desain body nya... hal ini, membuat saya mulai berpikir dan melirik merek lainnya... Samsung juga ini berasa di atas terus, makanya gak mau upgrade hp dengan serius, tapi nanti jangan kaget, kalau tiba2 konsumennya pada lari semua, takutnya samsung akan jatuh seperti nokia.","Benar sekali bung, Upgradenya samsung ini, bikin malas, bosan dan tidak menggairahkan.... saya penggemar berat samsung, sampai komen ini saya ketik, saya masih menggunakan hp Samsung A51, krn MENUNGGU hp midrange samsung yang upgradenya lebih bagus dan lebih kreen.. ternyata... upradenya hanya gitu gitu saja, terutama dalam hal desain body nya... hal ini, membuat saya mulai berpikir dan melirik merek lainnya... Samsung juga ini berasa di atas terus, makanya gak mau upgrade hp dengan serius, tapi nanti jangan kaget, kalau tiba2 konsumennya pada lari semua, takutnya samsung akan jatuh seperti nokia.",benar sekali bung upgradenya samsung bikin malas bosan tidak gairah gemar berat samsung sampai komen ketik masih guna handphone samsung a51 karena tunggu handphone midrange samsung upgradenya lebih bagus lebih kreen nyata upradenya hanya gitu gitu utama dalam hal desain body hal buat mulai pikir lirik merek lain samsung juga asa atas terus makanya tidak mau upgrade handphone serius nanti jangan kaget tiba2 konsumen pada lari semua takut samsung akan jatuh seperti nokia
"BRAND yang merasa diatas angin terus, baru beli seri S baru setahun dan gaada penggunaan berlebihan sesuai dengan komentar di forum kalo terlalu panas bakal bikin umur layar cepat greenline. tapi dengan penggunaan saya yang santai gapernah sampe panas, bahkan setiap ada update selalu memastikan dalam kondisi yang adem. komplain lah ke ceo samsung, malah disalahin penyebab kerusakan oleh pengguna padahal di bazel"" masih ada plastik dari barunya dan mereka gamau terima komplain itu. emang patut di jatohin sih ni brand biar mikir ke depannya","BRAND yang merasa diatas angin terus, baru beli seri S baru setahun dan gaada penggunaan berlebihan sesuai dengan komentar di forum kalo terlalu panas bakal bikin umur layar cepat greenline. tapi dengan penggunaan saya yang santai gapernah sampe panas, bahkan setiap ada update selalu memastikan dalam kondisi yang adem. komplain lah ke ceo samsung, malah disalahin penyebab kerusakan oleh pengguna padahal di bazel"" masih ada plastik dari barunya dan mereka gamau terima komplain itu. emang patut di jatohin sih ni brand biar mikir ke depannya",brand rasa atas angin terus baru beli seri baru tahun gaada guna lebih sesuai komentar forum terlalu panas bakal bikin umur layar cepat greenline guna santai gapernah sampe panas bahkan tiap update selalu pasti dalam kondisi adem komplain lah ceo samsung malah disalahin sebab rusa oleh guna padahal bazel masih plastik baru gamau terima komplain emang patut jatohin sih ni brand mikir depan
"Bosen modelnya gitu,, aja males lihatnya","Bosen modelnya gitu,, aja males lihatnya",bosen model gitu males lihat
Infinix GT 50 Pro kapan bang?,Infinix GT 50 Pro kapan bang?,infinix gt 50 pro kapan
12:49 akhir tahun kemarin beli A56 8/256 dapet 5 juta pas di online 😋,12:49 akhir tahun kemarin beli A56 8/256 dapet 5 juta pas di online 😋,12 49 akhir tahun kemarin beli a56 256 dapet juta pas online
terlalu nyaman jadinya gak inovasi,terlalu nyaman jadinya gak inovasi,terlalu nyaman jadi tidak inovasi
coba A37 bangg,coba A37 bangg,coba a37 bangg
"Parah bang david, mntang2 upgrade nya secuil buku catatan upgrade nya pun juga secuil😂","Parah bang david, mntang2 upgrade nya secuil buku catatan upgrade nya pun juga secuil😂",parah david mntang2 upgrade cuil buku catat upgrade pun juga cuil
respon gw: overprice malezz deh,respon gw: overprice malezz deh,respon gw overprice malezz deh
Samsung hemat banget baterai nya beda sama redmi note 14 pro ku 1jam YouTube wifi indor 10-12%,Samsung hemat banget baterai nya beda sama redmi note 14 pro ku 1jam YouTube wifi indor 10-12%,samsung hemat banget baterai beda sama redmi note 14 pro ku 1jam youtube wifi indor 10 12
Katanya ada varia 12/512 tapi sampai sekarang belum nemu olshop,Katanya ada varia 12/512 tapi sampai sekarang belum nemu olshop,kata varia 12 512 sampai sekarang belum nemu olshop
saya sih cuma nonton aja pake hp istri😊karna ga punya hp dn ga bisa beli juga😅,saya sih cuma nonton aja pake hp istri😊karna ga punya hp dn ga bisa beli juga😅,sih cuma nonton pake handphone istri karna tidak punya handphone dn tidak beli juga
"Kyk A53 dulu ya bang updatenya 😂
Mending rekomen HP tahun kmrn",Kyk A53 dulu ya bang updatenya 😂 Mending rekomen HP tahun kmrn,kyk a53 dulu updatenya mending rekomen handphone tahun kmrn
Ahh Skipp dahh😅,Ahh Skipp dahh😅,ahh skipp dahh
"Kalo menurutku sih mengecewakan bg.. gak ada gebrakan dari samsul... andaikan 1x geeebrakan dengan memori 512gb buat 2026 keatas wah.. langsung GGWP tuh.. wkkwkwk
Masih kalah sama Honor 400 5G, andaikan Honor 400 5G dapet OS update 4 tahun keatas dan Security 4 tahun keatas, samsul kalah telak tuh 🤣🤣🤣🤣","Kalo menurutku sih mengecewakan bg.. gak ada gebrakan dari samsul... andaikan 1x geeebrakan dengan memori 512gb buat 2026 keatas wah.. langsung GGWP tuh.. wkkwkwk Masih kalah sama Honor 400 5G, andaikan Honor 400 5G dapet OS update 4 tahun keatas dan Security 4 tahun keatas, samsul kalah telak tuh 🤣🤣🤣🤣",turut sih kecewa bg tidak gebrak samsul andai 1x geeebrakan memori 512gb buat 2026 atas wah langsung ggwp tuh wkkwkwk masih kalah sama honor 400 5g andai honor 400 5g dapet os update tahun atas security tahun atas samsul kalah telak tuh
"Samsung gapernh niat bikin hp mid range, tapi harga ga mid range","Samsung gapernh niat bikin hp mid range, tapi harga ga mid range",samsung gapernh niat bikin handphone mid range harga tidak mid range
Masih setia dgn a51😅😅,Masih setia dgn a51😅😅,masih setia dgn a51
Terima kasih gadgetin. Berkat anda akhirnya saya jadi beli samsung A55 dan banyak juga teman saya yg ngikutin pake samsung a55. Alhamdulillah udah 2 tahunan pake A55,Terima kasih gadgetin. Berkat anda akhirnya saya jadi beli samsung A55 dan banyak juga teman saya yg ngikutin pake samsung a55. Alhamdulillah udah 2 tahunan pake A55,terima kasih gadgetin berkat anda akhir jadi beli samsung a55 banyak juga teman ngikutin pake samsung a55 alhamdulillah tahun pake a55
"Blum kebeli yg A56 udah kluar aja A57, udah gtu hrgnya buat lbih mnding S25FE aja 😅","Blum kebeli yg A56 udah kluar aja A57, udah gtu hrgnya buat lbih mnding S25FE aja 😅",blum kebel a56 kluar a57 gtu hrgnya buat lbih mnding s25fe
Masih pake a56 ❤🎉,Masih pake a56 ❤🎉,masih pake a56
FE langsung ludes anjir gara-gara A57 series ngebadut 😂,FE langsung ludes anjir gara-gara A57 series ngebadut 😂,fe langsung ludes anjir gara gara a57 series ngebadut
ip15pro masih ok bg..,ip15pro masih ok bg..,ip15pro masih ok bg
Bang kapan review tecno camon 50 pro 5g?,Bang kapan review tecno camon 50 pro 5g?,kapan review tecno camon 50 pro 5g
Aq masih pakai Samsung A54 Joss,Aq masih pakai Samsung A54 Joss,aq masih pakai samsung a54 joss
Harga 7-8jt mending beli Xiaomi 15T gak sih 😅,Harga 7-8jt mending beli Xiaomi 15T gak sih 😅,harga 8jt mending beli xiaomi 15t tidak sih
"Alhamdulillah nonton pakai A52 dah cukup bngt buat sehari hari penyimpanan 8/256 nya juga sudah cukul
Semoga next bisa kebeli seri S 
😊",Alhamdulillah nonton pakai A52 dah cukup bngt buat sehari hari penyimpanan 8/256 nya juga sudah cukul Semoga next bisa kebeli seri S 😊,alhamdulillah nonton pakai a52 dah cukup bngt buat hari hari simpan 256 juga cukul moga next kebel seri
"Entry level mulai pada ngilang nih, Itel udah ngga wow lagi kah 😅, kangen jaman 3juta dapat banyak 🥺","Entry level mulai pada ngilang nih, Itel udah ngga wow lagi kah 😅, kangen jaman 3juta dapat banyak 🥺",entry level mulai pada ngilang nih itel ngga wow lagi kah kangen jaman 3juta dapat banyak
"aku stay di a56 . .
2:29-2:30 . .
a56 IP57 atau IP67 ? ?
satu lg ,coba cek mode dual cam . .bnr² dihilangkan kah ? ?","aku stay di a56 . . 2:29-2:30 . . a56 IP57 atau IP67 ? ? satu lg ,coba cek mode dual cam . .bnr² dihilangkan kah ? ?",aku stay a56 29 30 a56 ip57 ip67 satu lg coba cek mode dual cam bnr hilang kah
"Samsung S25 FE Harga di 9 Juta dan Samsung A56 di 5,7 Juta kalo Harga nya masih tetap bakalan Goib nih ,Samsung A57 OverPrice Parah Harga 7 Juta cuma Memory 128GB dan ndak ada 512GB Harga 9 Juta kebantai Poco Iqoo dkk ini .
Jangan lupa Kalian kalo beli Samsung Harganya harus nambah 500 Ribu lebih ya buat Nambah beli Charger yang tidak Gratis jadi kalo Kalian bukan beli One UI Samsung sangat disarankan mending beli HP Lain😂","Samsung S25 FE Harga di 9 Juta dan Samsung A56 di 5,7 Juta kalo Harga nya masih tetap bakalan Goib nih ,Samsung A57 OverPrice Parah Harga 7 Juta cuma Memory 128GB dan ndak ada 512GB Harga 9 Juta kebantai Poco Iqoo dkk ini . Jangan lupa Kalian kalo beli Samsung Harganya harus nambah 500 Ribu lebih ya buat Nambah beli Charger yang tidak Gratis jadi kalo Kalian bukan beli One UI Samsung sangat disarankan mending beli HP Lain😂",samsung s25 fe harga juta samsung a56 juta harga masih tetap bakal goib nih samsung a57 overprice parah harga juta cuma memory 128gb ndak 512gb harga juta bantai poco iqoo dkk jangan lupa kalian beli samsung harga harus nambah 500 ribu lebih buat nambah beli charger tidak gratis jadi kalian bukan beli one ui samsung sangat saran mending beli handphone lain
"Dgn harga segitu mending loncat ke s25fe aja,ini menurut gua.😁","Dgn harga segitu mending loncat ke s25fe aja,ini menurut gua.😁",dgn harga segitu mending loncat s25fe turut gua
Info tema nya,Info tema nya,info tema
Masih nyaman pakai SAMSUNG A52S.,Masih nyaman pakai SAMSUNG A52S.,masih nyaman pakai samsung a52s
"Wehh baru tahun kemarin beli A55 ,beberapa bulan kemudian rilis A56 dan rilis yg A57nya juga, cepet amat dah gw ngerasa A55 baru rilis kemarin sekarang udah A57 aja😭
Edit, pas liat harganya demi apa lebih baik pilih samsung S yg FE","Wehh baru tahun kemarin beli A55 ,beberapa bulan kemudian rilis A56 dan rilis yg A57nya juga, cepet amat dah gw ngerasa A55 baru rilis kemarin sekarang udah A57 aja😭 Edit, pas liat harganya demi apa lebih baik pilih samsung S yg FE",wehh baru tahun kemarin beli a55 beberapa bulan kemudian rilis a56 rilis a57nya juga cepet amat dah gw ngerasa a55 baru rilis kemarin sekarang a57 edit pas liat harga demi apa lebih baik pilih samsung fe
"Tim yang pakai A55
Walaupun nyesel kamera depan burik kebangetan 😂😂",Tim yang pakai A55 Walaupun nyesel kamera depan burik kebangetan 😂😂,tim pakai a55 walaupun nyesel kamera depan burik banget
Lagi nunggu review tecno camon 50,Lagi nunggu review tecno camon 50,lagi nunggu review tecno camon 50
Ada solusi pakai external mic enggak ?,Ada solusi pakai external mic enggak ?,solusi pakai external mic tidak
RINDU A52S SIH,RINDU A52S SIH,rindu a52s sih
"Pengen hp mahal tapi kerjaan ngurir cuma butuh hp 🦏 😂😂. Pengen satu yang awet, menurut kalian mending Xiaomi 15T, 25fe atau Vivo v70??","Pengen hp mahal tapi kerjaan ngurir cuma butuh hp 🦏 😂😂. Pengen satu yang awet, menurut kalian mending Xiaomi 15T, 25fe atau Vivo v70??",ken handphone mahal kerja ngurir cuma butuh handphone ken satu awet turut kalian mending xiaomi 15t 25fe vivo v70
"Nunggu yg A97 aja deh,, sambil nabung dulu","Nunggu yg A97 aja deh,, sambil nabung dulu",nunggu a97 deh sambil nabung dulu
bang coba samsung a17 5g,bang coba samsung a17 5g,coba samsung a17 5g
"Spek tambah dikit, harga tambah banyak","Spek tambah dikit, harga tambah banyak",spesifikasi tambah dikit harga tambah banyak
Pengen beli tapi masih punya A71 4G😅,Pengen beli tapi masih punya A71 4G😅,ken beli masih punya a71 4g
"awalnya mau nunggu ini, akhirnya jadi ngambil s25 FE bulan lalu. merasa tidak rugi walaupun agak nambah.","awalnya mau nunggu ini, akhirnya jadi ngambil s25 FE bulan lalu. merasa tidak rugi walaupun agak nambah.",awal mau nunggu akhir jadi ngambil s25 fe bulan lalu rasa tidak rugi walaupun agak nambah
"A56, A57, - A 100 mantap","A56, A57, - A 100 mantap",a56 a57 100 mantap
Tecno Camon 50 pro kapan di review bg?,Tecno Camon 50 pro kapan di review bg?,tecno camon 50 pro kapan review bg
Aku make A56 nganggap A57 ini scam 😂,Aku make A56 nganggap A57 ini scam 😂,aku make a56 nganggap a57 scam
"A5x series ini bs laku karena sebelumnya mngkn jd pengguna S FE series yg mulai S20 FE banyak yg kena lightsaber,  soalnya layar A series itu aman dari lightsaber, cm sayangnya A5x series g pernah dpt storage 512 GB, padahal kalau dapat 512 GB pasti tambah laris buat yg pakai hp untuk pekerja lapangan atau yg butuh buat motret rekam yg fokus ke kapasitas storage yg gede","A5x series ini bs laku karena sebelumnya mngkn jd pengguna S FE series yg mulai S20 FE banyak yg kena lightsaber, soalnya layar A series itu aman dari lightsaber, cm sayangnya A5x series g pernah dpt storage 512 GB, padahal kalau dapat 512 GB pasti tambah laris buat yg pakai hp untuk pekerja lapangan atau yg butuh buat motret rekam yg fokus ke kapasitas storage yg gede",a5x series bs laku karena belum mngkn jd guna fe series mulai s20 fe banyak kena lightsaber soal layar series aman lightsaber cm sayang a5x series pernah dapat storage 512 gb padahal dapat 512 gb pasti tambah laris buat pakai handphone kerja lapang butuh buat motret rekam fokus kapasitas storage gede
Mending s25fe sih 😂,Mending s25fe sih 😂,mending s25fe sih
tecno camon 50 pro kapan review bang,tecno camon 50 pro kapan review bang,tecno camon 50 pro kapan review
ok,ok,ok
"Paling malas kalo diilangin Jack Audio
padahal tuh fitur enak banget kalo mau game gamau berisik

dan juga gada gaming hub nya
ayolah masa di a23 punya gaming hub di a57 malah turun",Paling malas kalo diilangin Jack Audio padahal tuh fitur enak banget kalo mau game gamau berisik dan juga gada gaming hub nya ayolah masa di a23 punya gaming hub di a57 malah turun,paling malas diilangin jack audio padahal tuh fitur enak banget mau game gamau berisik juga gada gaming hub ayo masa a23 punya gaming hub a57 malah turun
"buset dengan harga segitu banyak banget hp yg lebih worth it. 
contoh Poco X8 Pro Max - Antutu 3jt. klo cari Camera bisa ambil Xiaomi 15T atau 15T Pro
jadi samsung ini cuman jualan namanya aja atw hp flagship, mereka ga jualan hp mid range flagship killer","buset dengan harga segitu banyak banget hp yg lebih worth it. contoh Poco X8 Pro Max - Antutu 3jt. klo cari Camera bisa ambil Xiaomi 15T atau 15T Pro jadi samsung ini cuman jualan namanya aja atw hp flagship, mereka ga jualan hp mid range flagship killer",buset harga segitu banyak banget handphone lebih bagus contoh poco x8 pro max antutu 3jt klo cari camera ambil xiaomi 15t 15t pro jadi samsung cuman jual nama atw handphone flagship tidak jual handphone mid range flagship killer
Yang nonton dengan hp samsung a55 cung...,Yang nonton dengan hp samsung a55 cung...,nonton handphone samsung a55 cung
"apa jangan jangan A57 produk decoy yah wkwkw biar S25 FE Keliatan makin worth it, atau emang udah ada pasarnya sendiri si A57 ini","apa jangan jangan A57 produk decoy yah wkwkw biar S25 FE Keliatan makin worth it, atau emang udah ada pasarnya sendiri si A57 ini",apa jangan jangan a57 produk decoy yah wkwkw s25 fe liat makin bagus emang pasar sendiri si a57
"Masih stay di s21 fe, klo ikutin zaman ga ada abisnya😅","Masih stay di s21 fe, klo ikutin zaman ga ada abisnya😅",masih stay s21 fe klo ikutin zaman tidak abis
"bang, review galaxy a37 trs bikin juga video a36 vs a37 lebih worth mana?","bang, review galaxy a37 trs bikin juga video a36 vs a37 lebih worth mana?",review galaxy a37 trs bikin juga video a36 vs a37 lebih worth mana
a55 atau a56 masih worth it cuman kalo mau beli a57 lebih baik s25fe ga sih,a55 atau a56 masih worth it cuman kalo mau beli a57 lebih baik s25fe ga sih,a55 a56 masih bagus cuman mau beli a57 lebih baik s25fe tidak sih
"A57 ❌️
A56+ ✅️",A57 ❌️ A56+ ✅️,a57 a56
Masih nonton pake a55,Masih nonton pake a55,masih nonton pake a55
"tetap bertahan pakai A55 aj 😮 nungguin A57 kira ada menyimpnan 512 meski gk ada memori, trnyta mmng samsung menengah mentok 256, zaman skrng penyimpnan penting bngt 😅","tetap bertahan pakai A55 aj 😮 nungguin A57 kira ada menyimpnan 512 meski gk ada memori, trnyta mmng samsung menengah mentok 256, zaman skrng penyimpnan penting bngt 😅",tetap tahan pakai a55 aj nungguin a57 kira menyimpnan 512 meski tidak memori trnyta mmng samsung tengah mentok 256 zaman skrng penyimpnan penting bngt
Masih bertahan di galaxy A15 4G 😅,Masih bertahan di galaxy A15 4G 😅,masih tahan galaxy a15 4g
"3:44 dicatat di kertas kecil, saking banyaknya yang di upgrade 😊","3:44 dicatat di kertas kecil, saking banyaknya yang di upgrade 😊",44 catat kertas kecil saking banyak upgrade
Dri 2021. Pake A22 4G masih aman aja.,Dri 2021. Pake A22 4G masih aman aja.,dri 2021 pake a22 4g masih aman
A50 saya beli tahun 2019 sampai sekrang tetap gasss awet hanya ganti batrai dan casing karet luar,A50 saya beli tahun 2019 sampai sekrang tetap gasss awet hanya ganti batrai dan casing karet luar,a50 beli tahun 2019 sampai sekrang tetap gasss awet hanya ganti batrai casing karet luar
"aku pake A51 dari 2020, sampai sekarang awet. sebelumnya pake A3 2016. pokoknya awet banget A-series ini buat pegawai kantoran ky aku, tapi tahun ini aku pengen update lebih jauh ke samsung z flip","aku pake A51 dari 2020, sampai sekarang awet. sebelumnya pake A3 2016. pokoknya awet banget A-series ini buat pegawai kantoran ky aku, tapi tahun ini aku pengen update lebih jauh ke samsung z flip",aku pake a51 2020 sampai sekarang awet belum pake a3 2016 pokok awet banget series buat pegawai kantor ky aku tahun aku ken update lebih jauh samsung flip
david pun gabisa nolong wkwk,david pun gabisa nolong wkwk,david pun gabisa nolong wkwk
Saya menyesal sih beli a55,Saya menyesal sih beli a55,sesal sih beli a55
jelek banget,jelek banget,jelek banget
Nonton pake samsung a52 hadir  tahan air tapi sekali nyemplung bakflip langsung copot hadehh,Nonton pake samsung a52 hadir tahan air tapi sekali nyemplung bakflip langsung copot hadehh,nonton pake samsung a52 hadir tahan air sekali nyemplung bakflip langsung copot hadehh
"Niatnya mao beli ini pas blm kluar,,eh pas udh keluar malah kaya gini ga ada yg spesial","Niatnya mao beli ini pas blm kluar,,eh pas udh keluar malah kaya gini ga ada yg spesial",niat mao beli pas blm kluar eh pas keluar malah kaya gin tidak spesial
Sinyalllllll gmn,Sinyalllllll gmn,sinyalllllll gmn
Ga ada alasan upgrade dari 56 ke 57 tahun ini 😅,Ga ada alasan upgrade dari 56 ke 57 tahun ini 😅,tidak alas upgrade 56 57 tahun
Lebih ke A56s kyk nya wkwkwkw,Lebih ke A56s kyk nya wkwkwkw,lebih a56s kyk wkwkwkw
Aku udah nungguin hp ini tapi aku malah agak kecewa 😢,Aku udah nungguin hp ini tapi aku malah agak kecewa 😢,aku nungguin handphone aku malah agak kecewa
Gatel liatnya kalo bezel masih belum simetris,Gatel liatnya kalo bezel masih belum simetris,gatel liat bezel masih belum simetris
Saya ttep nyaman di S10 plus sih masi wort it bngt buat pemakaian harian 😭,Saya ttep nyaman di S10 plus sih masi wort it bngt buat pemakaian harian 😭,ttep nyaman s10 plus sih mas wort it bngt buat pakai hari
hal yg gua pengen dr a57 adalah kemampuan rekam video 4k/60fps yang sangat membantu gua dalam buat konten. tapi kl dilihat2 mending beli iphone 11 soalnya hardware video milik samsung masih bagusan apple wkwkwk,hal yg gua pengen dr a57 adalah kemampuan rekam video 4k/60fps yang sangat membantu gua dalam buat konten. tapi kl dilihat2 mending beli iphone 11 soalnya hardware video milik samsung masih bagusan apple wkwkwk,hal gua ken a57 mampu rekam video 4k 60fps sangat bantu gua dalam buat konten kl dilihat2 mending beli iphone 11 soal hardware video milik samsung masih bagus apple wkwkwk
"Ini mah 70% harga modal khusus tu one ui taek kucheng,
30% modal jeroan🗿","Ini mah 70% harga modal khusus tu one ui taek kucheng, 30% modal jeroan🗿",mah 70 harga modal khusus tu one ui taek kucheng 30 modal jeroan
"Spek samsung upgrade trusss
Gaji kita gak upgrade
Fyi : hp yg saya pake samsung galaxy A10S",Spek samsung upgrade trusss Gaji kita gak upgrade Fyi : hp yg saya pake samsung galaxy A10S,spesifikasi samsung upgrade trusss gaji tidak upgrade fyi handphone pake samsung galaxy a10s
Harga overprice dengan spek segitu naggung masih banyak brand lain yg sebanding,Harga overprice dengan spek segitu naggung masih banyak brand lain yg sebanding,harga overprice spesifikasi segitu naggung masih banyak brand lain banding
Mending iphone 14 pro menang di segala hal,Mending iphone 14 pro menang di segala hal,mending iphone 14 pro menang segala hal
"Masih nyaman pake A50s,Hp udah 6 tahun Alhamdulillah masih normal,cuma batre udah lebih boros aja. Kualitas Samsung emang Ok.","Masih nyaman pake A50s,Hp udah 6 tahun Alhamdulillah masih normal,cuma batre udah lebih boros aja. Kualitas Samsung emang Ok.",masih nyaman pake a50s handphone tahun alhamdulillah masih normal cuma batre lebih boros kualitas samsung emang ok
Gue nonton video ini pake samsung A55,Gue nonton video ini pake samsung A55,gue nonton video pake samsung a55
"Nonton A57 pake A52, dengerin review nya kayaknya mending S25FE aja deh, beda tipis harganya 😅","Nonton A57 pake A52, dengerin review nya kayaknya mending S25FE aja deh, beda tipis harganya 😅",nonton a57 pake a52 dengerin review kayak mending s25fe deh beda tipis harga
"Jangan terlalu sesumbar kalian netizen, bro david kadang bisa nempatin hp ini jd rekomended kalo harga dah turun","Jangan terlalu sesumbar kalian netizen, bro david kadang bisa nempatin hp ini jd rekomended kalo harga dah turun",jangan terlalu sesumbar kalian netizen bro david kadang nempatin handphone jd rekomended harga dah turun
Mas da di jual g bekas y,Mas da di jual g bekas y,mas da jual bekas
buset harganya mahal banget tp spesifikasinya cuman segitu yg di upgrade. mending beli hp android lain lah. blm tentu jg layarnya bebas dr green screen atau green line. so skip beli hp ini.,buset harganya mahal banget tp spesifikasinya cuman segitu yg di upgrade. mending beli hp android lain lah. blm tentu jg layarnya bebas dr green screen atau green line. so skip beli hp ini.,buset harga mahal banget spesifikasi cuman segitu upgrade mending beli handphone android lain lah blm tentu juga layar bebas green screen green line so skip beli handphone
masih setia nonton pakai A52s,masih setia nonton pakai A52s,masih setia nonton pakai a52s
Mahal buat gua😂,Mahal buat gua😂,mahal buat gua
Kayakanya bakal jadi video review samsung seri A paling sedikit view nya,Kayakanya bakal jadi video review samsung seri A paling sedikit view nya,kayakanya bakal jadi video review samsung seri paling sedikit view
Sakit hati gue dapatnya A17 bukannya A36. Emak bilang itu aja cukup😢😭,Sakit hati gue dapatnya A17 bukannya A36. Emak bilang itu aja cukup😢😭,sakit hati gue dapat a17 bukan a36 emak bilang cukup
Nonton video ini pake Samsung A52s 5G 🥲,Nonton video ini pake Samsung A52s 5G 🥲,nonton video pake samsung a52s 5g
Motorola gak di sebut nih😢😅,Motorola gak di sebut nih😢😅,motorola tidak sebut nih
Nonton masih sama pake redmi note 8 Ginkgo 🎉🎉,Nonton masih sama pake redmi note 8 Ginkgo 🎉🎉,nonton masih sama pake redmi note ginkgo
Cuman ngiler liatnya,Cuman ngiler liatnya,cuman ngiler liat
Masih nyaman pakai samsung a55 😁,Masih nyaman pakai samsung a55 😁,masih nyaman pakai samsung a55
"harusnya A57 keluar dengan harga mepet-mepet S25 FE, harusnya S25FE harga dinaikin nggk sih ?
kecuali klo mau keluar S26 FE, dan S25FE stop diproduksi","harusnya A57 keluar dengan harga mepet-mepet S25 FE, harusnya S25FE harga dinaikin nggk sih ? kecuali klo mau keluar S26 FE, dan S25FE stop diproduksi",harus a57 keluar harga mepet mepet s25 fe harus s25fe harga dinaikin nggk sih kecuali klo mau keluar s26 fe s25fe stop produksi
"Kelemahan terburuk samsung itu di LCD nya gampang banget lightsaber 😂 di hampir semua seriesnya rata"" begitu.. 
Udah gitu dia gak cocok buat gamers yang bisa berjam jam di depan layar, ya itu ditakutkan layarnya yang tumbang. Beda ama iqoo, poco, xiaomi, redmagic yang emang diciptain buat gamers.
Soal kamera yaa hasilnya termasuk bagus, tapi kalo low light kalah telak njirr bahkan series S ultra aja gak ngelawan njir kalo dibanding iphone, huawei, atau vivo X series. 
Yaa intinya samsung mah cuman hape standard aja sih fiturnya cukup semua, gak gaming"" bgt, gak camera"" bgt, dan cuman sekedar hp dengan brand besar 😂","Kelemahan terburuk samsung itu di LCD nya gampang banget lightsaber 😂 di hampir semua seriesnya rata"" begitu.. Udah gitu dia gak cocok buat gamers yang bisa berjam jam di depan layar, ya itu ditakutkan layarnya yang tumbang. Beda ama iqoo, poco, xiaomi, redmagic yang emang diciptain buat gamers. Soal kamera yaa hasilnya termasuk bagus, tapi kalo low light kalah telak njirr bahkan series S ultra aja gak ngelawan njir kalo dibanding iphone, huawei, atau vivo X series. Yaa intinya samsung mah cuman hape standard aja sih fiturnya cukup semua, gak gaming"" bgt, gak camera"" bgt, dan cuman sekedar hp dengan brand besar 😂",lemah buruk samsung lcd gampang banget lightsaber hampir semua seriesnya rata begitu gitu dia tidak cocok buat gamers jam jam depan layar takut layar tumbang beda ama iqoo poco xiaomi redmagic emang diciptain buat gamers soal kamera yaa hasil masuk bagus low light kalah telak njirr bahkan series ultra tidak ngelawan njir banding iphone huawei vivo series yaa inti samsung mah cuman hape standard sih fiturnya cukup semua tidak gaming banget tidak camera banget cuman dar handphone brand besar
Pake samsung a70 hadirr,Pake samsung a70 hadirr,pake samsung a70 hadirr
"mak gw masi pake a54, katanya thn ini rencananya mau ganti a57. gw saranin s25 fe gamau, heran 😅","mak gw masi pake a54, katanya thn ini rencananya mau ganti a57. gw saranin s25 fe gamau, heran 😅",mak gw mas pake a54 kata thn rencana mau ganti a57 gw saranin s25 fe gamau heran
Dengan harga segitu keputusan buat nyuruh suami beli S25 Fe adalah keputusan terbaik 😂,Dengan harga segitu keputusan buat nyuruh suami beli S25 Fe adalah keputusan terbaik 😂,harga segitu putus buat nyuruh suami beli s25 fe putus baik
upgrade fitur nya nyantai upgrade harga nya yg gak nyantai🎉,upgrade fitur nya nyantai upgrade harga nya yg gak nyantai🎉,upgrade fitur nyantai upgrade harga tidak nyantai
"Menurut gua kelebihan samsung dari merk lain cuma upgrade OSnya lebih panjang aja, series samsung A sekarang upgrade OSnya bisa sampe 5 kali, jadi bisa dipake jangka panjang banget, dibanding merk lain yg cuma ngasih 2 dan paling banyak 3 kali upgrade OS","Menurut gua kelebihan samsung dari merk lain cuma upgrade OSnya lebih panjang aja, series samsung A sekarang upgrade OSnya bisa sampe 5 kali, jadi bisa dipake jangka panjang banget, dibanding merk lain yg cuma ngasih 2 dan paling banyak 3 kali upgrade OS",turut gua lebih samsung merk lain cuma upgrade osnya lebih panjang series samsung sekarang upgrade osnya sampe kali jadi dipake jangka panjang banget banding merk lain cuma ngasih paling banyak kali upgrade os
Nonton ini sambil minum kopi + kue + pake hp Samsung. Review yang ditunggu-tunggu tiba juga...,Nonton ini sambil minum kopi + kue + pake hp Samsung. Review yang ditunggu-tunggu tiba juga...,nonton sambil minum kopi kue pake handphone samsung review tunggu tunggu tiba juga
Org tl00I mna yg beli hp ini,Org tl00I mna yg beli hp ini,org tl00i mna beli handphone
"samsung "" nyantai aja sih pasti tetep laku koq kan kita nyaman ""","samsung "" nyantai aja sih pasti tetep laku koq kan kita nyaman """,samsung nyantai sih pasti tetep laku koq kan nyaman
User A51 memantau😂,User A51 memantau😂,user a51 pantau
Parah kamera depan gak ada 1060p 60 fps. Kalah sama A52s gw 😢,Parah kamera depan gak ada 1060p 60 fps. Kalah sama A52s gw 😢,parah kamera depan tidak 1060p 60 fps kalah sama a52s gw
kusus buat kaum pecinta samsung dan one ui,kusus buat kaum pecinta samsung dan one ui,sus buat kaum cinta samsung one ui
Redmi tetap pake nya,Redmi tetap pake nya,redmi tetap pake
Rivel nubia neo 5 gt,Rivel nubia neo 5 gt,rivel nubia neo gt
Betul sekali bang mending s25 Fe aja,Betul sekali bang mending s25 Fe aja,betul sekali mending s25 fe
reques realme c71 dong mass,reques realme c71 dong mass,reques realme c71 dong mass
Nonton video ini  pakai A52S.😂,Nonton video ini pakai A52S.😂,nonton video pakai a52s
"Dan saya masih pake A54 buat nonton, ini oke buat upgrade🤭","Dan saya masih pake A54 buat nonton, ini oke buat upgrade🤭",masih pake a54 buat nonton oke buat upgrade
HAHAHA UNTUNG DULU GA NUNGGUIN A57.. BELI A56 DI 5.2  TERUS UPGRADE S25 FE NAMBAH DIKIT😂,HAHAHA UNTUNG DULU GA NUNGGUIN A57.. BELI A56 DI 5.2 TERUS UPGRADE S25 FE NAMBAH DIKIT😂,hahaha untung dulu tidak nungguin a57 beli a56 terus upgrade s25 fe nambah dikit
hapenya abis di review dikemanain bang ?,hapenya abis di review dikemanain bang ?,hapenya abis review dikemanain
sama halnya poco yang jualan kamera UW 8 MP wkwk,sama halnya poco yang jualan kamera UW 8 MP wkwk,sama hal poco jual kamera uw mp wkwk
"bran gak beres,, harga mahal,, spek pelit","bran gak beres,, harga mahal,, spek pelit",bran tidak beres harga mahal spesifikasi pelit
2:29 Hah ip57?,2:29 Hah ip57?,29 hah ip57
Pakai A8 star nonton video ini full display,Pakai A8 star nonton video ini full display,pakai a8 star nonton video full display
Hp nya bagus bang,Hp nya bagus bang,handphone bagus
Akhirnya bang 😅,Akhirnya bang 😅,akhir
"Semoga firasat soal panel nih hp yaitu pake sAMOLED+ gak beneran kejadian. Krn kalo diliat-liat, seri A pada umumnya pake sAMOLED biasa itu udah perfect, dan jarang ada kena masalah massal","Semoga firasat soal panel nih hp yaitu pake sAMOLED+ gak beneran kejadian. Krn kalo diliat-liat, seri A pada umumnya pake sAMOLED biasa itu udah perfect, dan jarang ada kena masalah massal",moga firasat soal panel nih handphone yaitu pake samoled tidak beneran jadi karena liat liat seri pada umum pake samoled biasa perfect jarang kena masalah massal
"A55 was good for it's time

2 tahun kemudian ada A57 kek gini
Emang tabiat Samsung setelah bikin HP oke, disusul HP-HP yang upgradenya mediocre","A55 was good for it's time 2 tahun kemudian ada A57 kek gini Emang tabiat Samsung setelah bikin HP oke, disusul HP-HP yang upgradenya mediocre",a55 was good for it time tahun kemudian a57 kek gin emang tabiat samsung telah bikin handphone oke susul handphone handphone upgradenya mediocre
"bukan hp mendang mending, tapi punya tempat di hati konsumen","bukan hp mendang mending, tapi punya tempat di hati konsumen",bukan handphone dang mending punya tempat hati konsumen
user A55 angkat tangan ✋ wkwkwk,user A55 angkat tangan ✋ wkwkwk,user a55 angkat tangan wkwkwk
Yag make sumsang dari dulu kita sama🎉,Yag make sumsang dari dulu kita sama🎉,yag make sumsang dulu sama
Samsung memang yang terbaik,Samsung memang yang terbaik,samsung memang baik
Gak kerasa udah seri x7 aja😅 dulu mau beli Samsung A55 aja sampe sekarang belum kebli😂,Gak kerasa udah seri x7 aja😅 dulu mau beli Samsung A55 aja sampe sekarang belum kebli😂,tidak rasa seri x7 dulu mau beli samsung a55 sampe sekarang belum kebli
"Malesin, 256 ga ada 512 😅😅😅
(Ada garansi layar tiba"" lightsaber kah 😂😂😂)","Malesin, 256 ga ada 512 😅😅😅 (Ada garansi layar tiba"" lightsaber kah 😂😂😂)",malesin 256 tidak 512 garansi layar tiba lightsaber kah
Cocok untuk dokumentasi saja 😅,Cocok untuk dokumentasi saja 😅,cocok dokumentasi
"Adakah user smsg a07 disini yg sehabis update, layarnya mlah no respon? Musti dimatiin dlu layarnya n baru bisa normal. N kejadiannya berulang2 mulu.","Adakah user smsg a07 disini yg sehabis update, layarnya mlah no respon? Musti dimatiin dlu layarnya n baru bisa normal. N kejadiannya berulang2 mulu.",ada user smsg a07 sini habis update layar mlah no respon musti dimatiin dlu layar baru normal jadi berulang2 mulu
Tp kayaknya beneran di harga 8jtan bwang... Kemaren liad video sobat hape samsung a37 digerainya samsung dijual seharga 6.5jt lho 😂,Tp kayaknya beneran di harga 8jtan bwang... Kemaren liad video sobat hape samsung a37 digerainya samsung dijual seharga 6.5jt lho 😂,kayak beneran harga 8jtan bwang kemaren liad video sobat hape samsung a37 gera samsung jual harga 5jt lho
"Bang David, tolong dong kalo review HP Dolby atmos atau kwalitas merekam suaranya dibahas, karena kita kreator music butuh yg HP suara hasil rekamannya enak😊","Bang David, tolong dong kalo review HP Dolby atmos atau kwalitas merekam suaranya dibahas, karena kita kreator music butuh yg HP suara hasil rekamannya enak😊",david tolong dong review handphone dolby atmos kwalitas rekam suara bahas karena kreator music butuh handphone suara hasil rekam enak
skip 😅🤣 klo masih pke EXYNOS,skip 😅🤣 klo masih pke EXYNOS,skip klo masih pke exynos
Bang rivew realme p4 power 5g,Bang rivew realme p4 power 5g,rivew realme p4 power 5g
"Samsung tu enak banget. Ui nya enak, os update panjang, nggak ada iklan. Buat orang yang nggak perlu” amat sama spek, samsung emang pilihan paling best sih","Samsung tu enak banget. Ui nya enak, os update panjang, nggak ada iklan. Buat orang yang nggak perlu” amat sama spek, samsung emang pilihan paling best sih",samsung tu enak banget ui enak os update panjang tidak iklan buat orang tidak perlu amat sama spesifikasi samsung emang pilih paling best sih
Gua yang masih pake a52s karena belum rusak😅,Gua yang masih pake a52s karena belum rusak😅,gua masih pake a52s karena belum rusak
Review itel city 200,Review itel city 200,review itel city 200
Bang rivew realme p4 power bang,Bang rivew realme p4 power bang,rivew realme p4 power
"Worth it sih kalau harganya 6 jutaan yg 256, design nya udah kekinian bezel tipis beda dengan generasi sebelumnya yg rivalnya udah pada bezel tipis malah masih tebel kyk hp jadul","Worth it sih kalau harganya 6 jutaan yg 256, design nya udah kekinian bezel tipis beda dengan generasi sebelumnya yg rivalnya udah pada bezel tipis malah masih tebel kyk hp jadul",bagus sih harga juta 256 design kini bezel tipis beda generasi belum rival pada bezel tipis malah masih tebel kyk handphone jadul
"Samsung A55 juga udah cukup kalo mau midrange samsung mah, mendingan beli samsung S25 kalo mau yang lebih canggih","Samsung A55 juga udah cukup kalo mau midrange samsung mah, mendingan beli samsung S25 kalo mau yang lebih canggih",samsung a55 juga cukup mau midrange samsung mah mending beli samsung s25 mau lebih canggih
Telat lu gan,Telat lu gan,telat lu gan
Overprice nyerempet flagship ga dapet charger ga dapet case ga dapet tg 😂,Overprice nyerempet flagship ga dapet charger ga dapet case ga dapet tg 😂,overprice nyerempet flagship tidak dapet charger tidak dapet case tidak dapet tg
samsung seri nya ngacak gak beraturan spek sama sama desain sama gak rubah 😅 AHAMPAS,samsung seri nya ngacak gak beraturan spek sama sama desain sama gak rubah 😅 AHAMPAS,samsung seri ngacak tidak atur spesifikasi sama sama desain sama tidak rubah ahampas
"Nonton Samsung padahal masi pake A73, gaada lagi series A pakai snapdragon wkwkwk","Nonton Samsung padahal masi pake A73, gaada lagi series A pakai snapdragon wkwkwk",nonton samsung padahal mas pake a73 gaada lagi series pakai snapdragon wkwkwk
Sekarang warganet udah pada pinter. Mending hp china ato hp samsung flagship bekas daripada beli baru a57 😂,Sekarang warganet udah pada pinter. Mending hp china ato hp samsung flagship bekas daripada beli baru a57 😂,sekarang warganet pada pinter mending handphone china ato handphone samsung flagship bekas daripada beli baru a57
Harganya badut 🤡😂,Harganya badut 🤡😂,harga badut
"Sebagai user A55, A55 ini paling waras menurut gw kalopun mau upgrade mending ke FE sekalian daripada ini","Sebagai user A55, A55 ini paling waras menurut gw kalopun mau upgrade mending ke FE sekalian daripada ini",bagai user a55 a55 paling waras turut gw kalo mau upgrade mending fe sekali daripada
Honda : tryata di dunia gadget...kyknya kita saudara...😂😂,Honda : tryata di dunia gadget...kyknya kita saudara...😂😂,honda tryata dunia gadget kyknya saudara
Dapat pesanan family...Kemarin beli Samsung A56 /256 disale @comers online ..lumayan 5jt an kecil... Dari pada beli A57 udah kayak rudal naik tinggi hrg nyaa😅😅..tapi hati masih di POCO 😊😊😊,Dapat pesanan family...Kemarin beli Samsung A56 /256 disale @comers online ..lumayan 5jt an kecil... Dari pada beli A57 udah kayak rudal naik tinggi hrg nyaa😅😅..tapi hati masih di POCO 😊😊😊,dapat pesan family kemarin beli samsung a56 256 sale comers online lumayan 5jt an kecil pada beli a57 kayak rudal naik tinggi hrg nyaa hati masih poco
"Bismillah, saya nonton video bang david dari a57.. ganti dari a52s.. yang mana a52s saya dari casing backdrop sudah lepas, tombol volume juga sudah lepas kalau tdk di support casing, dan camera protector wide lens nya juga sudah lepas jd kamera 0,5 jika dipakai jadi berembun ada efek blur nya, dan dengan sistem ui yang sudah tidak bisa update..
Menurut saya dibalik semua kontra dari upgrade a57 ini, saya pribadi gak masalah karena saya juga sudah nyaman dengan ui samsung dan buat mobilitas sehari hari saya merasa cukup..
Dan rencana awal saya mau ganti a56 karena bentuk kamera nya baru dan mulai berbeda, tapi budget belum terkumpul, lalu saya tunggu a57 dgn harapan kamera nya masih sama dan harga yg gak jauh beda dan alhamdulillah sudah kebeli dengan harga yg tidak jauh pada saat saya beli a52s dulu di 6,5jt 8/256 dan a57 kemarin 6,7jt 12/256.. dan kalau mau ganti lagi ke series fe yang kata orang2 gak beda jauh harganya dan bisa nabung lagi, buat saya kayanya tidak perlu.. karena buat saya sudah cukup dan uangnya bisa saya pakai untuk budget ke yang lain.. jd buat teman2, sesuaikan kebutuhan kita, semoga selalu Allah mudahkan rezekinya yaa 🙏🏻","Bismillah, saya nonton video bang david dari a57.. ganti dari a52s.. yang mana a52s saya dari casing backdrop sudah lepas, tombol volume juga sudah lepas kalau tdk di support casing, dan camera protector wide lens nya juga sudah lepas jd kamera 0,5 jika dipakai jadi berembun ada efek blur nya, dan dengan sistem ui yang sudah tidak bisa update.. Menurut saya dibalik semua kontra dari upgrade a57 ini, saya pribadi gak masalah karena saya juga sudah nyaman dengan ui samsung dan buat mobilitas sehari hari saya merasa cukup.. Dan rencana awal saya mau ganti a56 karena bentuk kamera nya baru dan mulai berbeda, tapi budget belum terkumpul, lalu saya tunggu a57 dgn harapan kamera nya masih sama dan harga yg gak jauh beda dan alhamdulillah sudah kebeli dengan harga yg tidak jauh pada saat saya beli a52s dulu di 6,5jt 8/256 dan a57 kemarin 6,7jt 12/256.. dan kalau mau ganti lagi ke series fe yang kata orang2 gak beda jauh harganya dan bisa nabung lagi, buat saya kayanya tidak perlu.. karena buat saya sudah cukup dan uangnya bisa saya pakai untuk budget ke yang lain.. jd buat teman2, sesuaikan kebutuhan kita, semoga selalu Allah mudahkan rezekinya yaa 🙏🏻",bismillah nonton video david a57 ganti a52s mana a52s casing backdrop lepas tombol volume juga lepas tdk support casing camera protector wide lens juga lepas jd kamera jika pakai jadi embun efek blur sistem ui tidak update turut balik semua kontra upgrade a57 pribadi tidak masalah karena juga nyaman ui samsung buat mobilitas hari hari rasa cukup rencana awal mau ganti a56 karena bentuk kamera baru mulai beda budget belum kumpul lalu tunggu a57 dgn harap kamera masih sama harga tidak jauh beda alhamdulillah kebel harga tidak jauh pada saat beli a52s dulu 5jt 256 a57 kemarin 7jt 12 256 mau ganti lagi series fe kata orang2 tidak beda jauh harga nabung lagi buat kaya tidak perlu karena buat cukup uang pakai budget lain jd buat teman2 sesuai butuh moga selalu allah mudah rezeki yaa
"Masih nyaman di A73, mau upgrade FE belum ada duid wkwkw","Masih nyaman di A73, mau upgrade FE belum ada duid wkwkw",masih nyaman a73 mau upgrade fe belum duid wkwkw
bang david reviem oppo reno 15 dri series f hingga pro max mana paling berbaloi,bang david reviem oppo reno 15 dri series f hingga pro max mana paling berbaloi,david reviem oppo reno 15 dri series hingga pro max mana paling berbaloi
Pake samsung A52s dari 2022 sampe skrng setelah liat review bang david. Ok banget sampe skrng masih nyaman² aja,Pake samsung A52s dari 2022 sampe skrng setelah liat review bang david. Ok banget sampe skrng masih nyaman² aja,pake samsung a52s 2022 sampe skrng telah liat review david ok banget sampe skrng masih nyaman
"Tapi samsung A53 no no ya.. Kecewa berat, beli baru, 1 tahun tiba2 bngt, mati2an dan mati beneran. Di cek service centernya, katanya harus ganti seharga 2 jt. Terus saya malah disangka bongkar sendiri, katanya casingnya meletek, justru itu yg kita bingungkan. 😅😅😅","Tapi samsung A53 no no ya.. Kecewa berat, beli baru, 1 tahun tiba2 bngt, mati2an dan mati beneran. Di cek service centernya, katanya harus ganti seharga 2 jt. Terus saya malah disangka bongkar sendiri, katanya casingnya meletek, justru itu yg kita bingungkan. 😅😅😅",samsung a53 no no kecewa berat beli baru tahun tiba2 bngt mati2an mati beneran cek service centernya kata harus ganti harga jt terus malah sangka bongkar sendiri kata casingnya letek justru bingung
"Nggak ada yang spesial dari review A5... kali ini, harga mahal upgrade minim, padahal banyak yang nungguin 😢","Nggak ada yang spesial dari review A5... kali ini, harga mahal upgrade minim, padahal banyak yang nungguin 😢",tidak spesial review a5 kali harga mahal upgrade minim padahal banyak nungguin
"Bang review hp hp absurd lagi dong.
tiruan apple yg keluar welcome udah banyak banget tuh😂",Bang review hp hp absurd lagi dong. tiruan apple yg keluar welcome udah banyak banget tuh😂,review handphone handphone absurd lagi dong tiru apple keluar welcome banyak banget tuh
"SANGAT DI SAYANGKAN, 512 GB NYA GA MASHOOK INDO WKWKKW MEDIT BANGET EMG SAMSUL INI","SANGAT DI SAYANGKAN, 512 GB NYA GA MASHOOK INDO WKWKKW MEDIT BANGET EMG SAMSUL INI",sangat sayang 512 gb tidak mashook indo wkwkkw medit banget emg samsul
"Satu brand HP yg bikin aku trauma buat beli... 

Samsung 

Karena habis beli HP yg tipe A05 belum di pake setahun udah rewel kayak minta ganti LCD lah, batre lah, sama sekarang gk bisa nyala cuma bunyi aja ya udah ku biarin","Satu brand HP yg bikin aku trauma buat beli... Samsung Karena habis beli HP yg tipe A05 belum di pake setahun udah rewel kayak minta ganti LCD lah, batre lah, sama sekarang gk bisa nyala cuma bunyi aja ya udah ku biarin",satu brand handphone bikin aku trauma buat beli samsung karena habis beli handphone tipe a05 belum pake tahun rewel kayak minta ganti lcd lah batre lah sama sekarang tidak nyala cuma bunyi ku biarin
"hp impian nih, lgi nabung buat beli :)","hp impian nih, lgi nabung buat beli :)",handphone impi nih lgi nabung buat beli
SAMSUL HARGA SELANGIT SPEK PELIT 😁,SAMSUL HARGA SELANGIT SPEK PELIT 😁,samsul harga langit spesifikasi pelit
Bg review Tecno calon 50,Bg review Tecno calon 50,bg review tecno calon 50
"Skipp dulu a57..upgradenya ga signifikan dan harganya juga overatted..ga works sich menurut saya...
Stay di a55 aja masih awesome..😃😁😊☺️",Skipp dulu a57..upgradenya ga signifikan dan harganya juga overatted..ga works sich menurut saya... Stay di a55 aja masih awesome..😃😁😊☺️,skipp dulu a57 upgradenya tidak signifikan harga juga overatted tidak works sich turut stay a55 masih awesome
2026 saya masih pakai samsung J7 Pro.hehe Hp nya awet sampai sekrang baterainya blm pernah diganti.,2026 saya masih pakai samsung J7 Pro.hehe Hp nya awet sampai sekrang baterainya blm pernah diganti.,2026 masih pakai samsung j7 pro hehe handphone awet sampai sekrang baterai blm pernah ganti
"Sebenarnya kangen sih sama seri a8, dulu a8 series terlihat sangat mewah dan beda dari seri A yang lain😢","Sebenarnya kangen sih sama seri a8, dulu a8 series terlihat sangat mewah dan beda dari seri A yang lain😢",benar kangen sih sama seri a8 dulu a8 series lihat sangat mewah beda seri lain
"Bertahan dengan samsung a21s, niat nya mau upgrade ke a57 sekarang, tapi setelah melihat review jadi fikir ulang buat upgrade nya😅","Bertahan dengan samsung a21s, niat nya mau upgrade ke a57 sekarang, tapi setelah melihat review jadi fikir ulang buat upgrade nya😅",tahan samsung a21s niat mau upgrade a57 sekarang telah lihat review jadi fikir ulang buat upgrade
Yah keburu beli hp nya 😂,Yah keburu beli hp nya 😂,yah keburu beli handphone
Sampai sekarang pakai a54 sangat puasss😇🙏👍👍👍👍,Sampai sekarang pakai a54 sangat puasss😇🙏👍👍👍👍,sampai sekarang pakai a54 sangat puasss
apa setiap nambah satu fitur keluar produk baru si samsung ini,apa setiap nambah satu fitur keluar produk baru si samsung ini,apa tiap nambah satu fitur keluar produk baru si samsung
Di tiktok di obral 6jt😂,Di tiktok di obral 6jt😂,tiktok obral 6jt
9:16 Samsung kok jitter2 videonya. Masa HP camera focus ga ada bedanya sama HP performance?? 😂,9:16 Samsung kok jitter2 videonya. Masa HP camera focus ga ada bedanya sama HP performance?? 😂,16 samsung kok jitter2 video masa handphone camera focus tidak beda sama handphone performance
"samsul A17 3,5 juta masih Camera model hp 1 jutaan? Sangat membagongkan? 🤣menang update sofwear doang😅 orang pakai Hp 2-3 thn udah neg, pengen ganti🤣","samsul A17 3,5 juta masih Camera model hp 1 jutaan? Sangat membagongkan? 🤣menang update sofwear doang😅 orang pakai Hp 2-3 thn udah neg, pengen ganti🤣",samsul a17 juta masih camera model handphone juta sangat bagong menang update sofwear doang orang pakai handphone thn neg ken ganti
Kerenn bangettt        ..,Kerenn bangettt ..,kerenn bangettt
nonton pake samsung A54 🙌,nonton pake samsung A54 🙌,nonton pake samsung a54
"ga ada pembaruan . yang ada "" Penyesuaian "". tahan duit anda
kalo di motor itu kek honda dengan tipe  "" Street "" yang hanya lepas pasang cover stang.","ga ada pembaruan . yang ada "" Penyesuaian "". tahan duit anda kalo di motor itu kek honda dengan tipe "" Street "" yang hanya lepas pasang cover stang.",tidak baru sesuai tahan duit anda motor kek honda tipe street hanya lepas pasang cover stang
"2019 saya beli samsung a50s saat samsung a51 baru rilis.
Sekarang beli samsung a56 saat samsung a57 baru rilis.

Supaya apa?
Supaya harganya turun dikit. 😅",2019 saya beli samsung a50s saat samsung a51 baru rilis. Sekarang beli samsung a56 saat samsung a57 baru rilis. Supaya apa? Supaya harganya turun dikit. 😅,2019 beli samsung a50s saat samsung a51 baru rilis sekarang beli samsung a56 saat samsung a57 baru rilis supaya apa supaya harga turun dikit
Over price 😂,Over price 😂,over price
"Udh muncul A57 aja, gw msh pke A53 😅","Udh muncul A57 aja, gw msh pke A53 😅",muncul a57 gw msh pke a53
Samsung A17 kak,Samsung A17 kak,samsung a17 kak
"Kenapa samsung ikut naikin harga hape mereka kayak brand lain?

Samsung kan produsen memori juga, jadi harusnya pas memori naik mereka ga akan terpengaruh.

Apa tim samsung hape sama tim samsung memori lagi musuhan?","Kenapa samsung ikut naikin harga hape mereka kayak brand lain? Samsung kan produsen memori juga, jadi harusnya pas memori naik mereka ga akan terpengaruh. Apa tim samsung hape sama tim samsung memori lagi musuhan?",kenapa samsung ikut naikin harga hape kayak brand lain samsung kan produsen memori juga jadi harus pas memori naik tidak akan pengaruh apa tim samsung hape sama tim samsung memori lagi musuh
Semoga Samsung sadar sama sarkasnya David bikin catetan upgrade di kertas sekecil itu karena upgradenya emang cuma dikit 🤭,Semoga Samsung sadar sama sarkasnya David bikin catetan upgrade di kertas sekecil itu karena upgradenya emang cuma dikit 🤭,moga samsung sadar sama sarkasnya david bikin catetan upgrade kertas kecil karena upgradenya emang cuma dikit
Gak niat bgt dah samsung,Gak niat bgt dah samsung,tidak niat banget dah samsung
"Nonton Dengan Samsung Galaxy A56 5G

Samsung Galaxy A57 5G Tidak ada Upgrade yang Signifikan penting sih pada Hardware 

Jadi saya Stay di Samsung Galaxy A56 5G aja",Nonton Dengan Samsung Galaxy A56 5G Samsung Galaxy A57 5G Tidak ada Upgrade yang Signifikan penting sih pada Hardware Jadi saya Stay di Samsung Galaxy A56 5G aja,nonton samsung galaxy a56 5g samsung galaxy a57 5g tidak upgrade signifikan penting sih pada hardware jadi stay samsung galaxy a56 5g
"4:20 kok saya lebih suka lihat desain kamera A56 karena lebih simple, sedikit lebih aman dari benturan kamera kalau terjatuh/gak keluar seperti A57 yg kayak berebutan tempat 😁","4:20 kok saya lebih suka lihat desain kamera A56 karena lebih simple, sedikit lebih aman dari benturan kamera kalau terjatuh/gak keluar seperti A57 yg kayak berebutan tempat 😁",20 kok lebih suka lihat desain kamera a56 karena lebih simple sedikit lebih aman bentur kamera jatuh tidak keluar seperti a57 kayak rebut tempat
Nonoton ini pake samsung A51😢,Nonoton ini pake samsung A51😢,nonoton pake samsung a51
"Dari 2013 aku pakai samsul
baru Thn ini pakai Hp china? untuk hp 4 juta ke bawah, FAKTAnya mending HP china sih, terutama karyawan gaji 3 juta kebawah😅","Dari 2013 aku pakai samsul baru Thn ini pakai Hp china? untuk hp 4 juta ke bawah, FAKTAnya mending HP china sih, terutama karyawan gaji 3 juta kebawah😅",2013 aku pakai samsul baru thn pakai handphone china handphone juta bawah fakta mending handphone china sih utama karyawan gaji juta bawah
Samsung kualitas ketahannya buruk hanya beli merk besar.bagusan merk sebelah.q pakai samsung a735g kapok.....,Samsung kualitas ketahannya buruk hanya beli merk besar.bagusan merk sebelah.q pakai samsung a735g kapok.....,samsung kualitas tahan buruk hanya beli merk besar bagus merk belah pakai samsung a735g kapok
review sound bar dong bag david,review sound bar dong bag david,review sound bar dong bag david
2:27 IP 67 YG BNER BANG HEHEHE BUKAN 57 😂😂,2:27 IP 67 YG BNER BANG HEHEHE BUKAN 57 😂😂,27 ip 67 bner hehehe bukan 57
bang tecno camon 50 series apa kabar bang?,bang tecno camon 50 series apa kabar bang?,tecno camon 50 series apa kabar
"Saya pengguna samsung note 10 kapok dengan processor exynos yg bikin hp gampang super panas saat dipakai jangan kan main game, nonton youtube aja kalo kelamaan berasa jadi setrika tu hp.. beda dengan samsung note 10 yg inter itu pakai processor snapdragon.. sampai sekarang ga berani lagi beli samsung kalo masih maksa pake procesor exynos.. secara performa awal exynos lumayan bagus tapi kalo udh panas berasa mau saya banting tuh hp mau buka apa aja itu langsung lag.. samsung makin kesini hp nya kayak sampah kalo dibandingin hp samsung dengan merk lain dengan harga yg sama mending beli merk lain.. saya udh nyoba dari yg flagship, mid, sama yg paling murah.. dan saya bandingin dengan hp temen brand lain yg harga sama jauh beda performa nya... dari seris note 10 saya ambil kesimpulan samsung rilis di indo cuman tes teknologinya yg jelek sedangkan yg di jual diluar negri spek bagus","Saya pengguna samsung note 10 kapok dengan processor exynos yg bikin hp gampang super panas saat dipakai jangan kan main game, nonton youtube aja kalo kelamaan berasa jadi setrika tu hp.. beda dengan samsung note 10 yg inter itu pakai processor snapdragon.. sampai sekarang ga berani lagi beli samsung kalo masih maksa pake procesor exynos.. secara performa awal exynos lumayan bagus tapi kalo udh panas berasa mau saya banting tuh hp mau buka apa aja itu langsung lag.. samsung makin kesini hp nya kayak sampah kalo dibandingin hp samsung dengan merk lain dengan harga yg sama mending beli merk lain.. saya udh nyoba dari yg flagship, mid, sama yg paling murah.. dan saya bandingin dengan hp temen brand lain yg harga sama jauh beda performa nya... dari seris note 10 saya ambil kesimpulan samsung rilis di indo cuman tes teknologinya yg jelek sedangkan yg di jual diluar negri spek bagus",guna samsung note 10 kapok processor exynos bikin handphone gampang super panas saat pakai jangan kan main game nonton youtube lama asa jadi setrika tu handphone beda samsung note 10 inter pakai processor snapdragon sampai sekarang tidak berani lagi beli samsung masih maksa pake procesor exynos cara performa awal exynos lumayan bagus panas asa mau banting tuh handphone mau buka apa langsung lag samsung makin kesini handphone kayak sampah dibandingin handphone samsung merk lain harga sama mending beli merk lain nyoba flagship mid sama paling murah bandingin handphone temen brand lain harga sama jauh beda performa seris note 10 ambil simpul samsung rilis indo cuman tes teknologi jelek sedang jual luar negri spesifikasi bagus
alhamdulilah sampe sekarang masih pake hp Poco M3 beli tahun 2020 masih awet sampe sekarang walaupun udah berapa kali servis. Pengen banget beli HP samsung tapi belum ada uang nya. Sekarang nabung dulu Semogaaaa nanti bisa  kebeli hp impian ya Allah aamiin 🤲,alhamdulilah sampe sekarang masih pake hp Poco M3 beli tahun 2020 masih awet sampe sekarang walaupun udah berapa kali servis. Pengen banget beli HP samsung tapi belum ada uang nya. Sekarang nabung dulu Semogaaaa nanti bisa kebeli hp impian ya Allah aamiin 🤲,alhamdulilah sampe sekarang masih pake handphone poco m3 beli tahun 2020 masih awet sampe sekarang walaupun berapa kali servis ken banget beli handphone samsung belum uang sekarang nabung dulu semogaaaa nanti kebel handphone impi allah aamiin
Mending S25FE sekalian 😂,Mending S25FE sekalian 😂,mending s25fe sekali
"Tiap taun harus keluar seri baru, upgrade diirit2, harga naek 30%😂","Tiap taun harus keluar seri baru, upgrade diirit2, harga naek 30%😂",tiap taun harus keluar seri baru upgrade diirit2 harga naek 30
Sampai saat ini aku Cinta DESIGN SAMSUNG SELURUH NOTE SERIES.!! sekarang kurang diminan.,Sampai saat ini aku Cinta DESIGN SAMSUNG SELURUH NOTE SERIES.!! sekarang kurang diminan.,sampai saat aku cinta design samsung seluruh note series sekarang kurang min
"Samsung itu bagus,tpi Sayang bngt hp samsung terutama samsung A57 ini blm bisa wireless charging,yg udah bisa wireless charging harus pake case yg udah support wireless charging 😬,padahl gw paling sneng klo wireless charging,biar port chargerny lbih awet aja,dipake sesekali aja pake port chargingny","Samsung itu bagus,tpi Sayang bngt hp samsung terutama samsung A57 ini blm bisa wireless charging,yg udah bisa wireless charging harus pake case yg udah support wireless charging 😬,padahl gw paling sneng klo wireless charging,biar port chargerny lbih awet aja,dipake sesekali aja pake port chargingny",samsung bagus tpi sayang bngt handphone samsung utama samsung a57 blm wireless charging wireless charging harus pake case support wireless charging padahl gw paling sneng klo wireless charging port chargerny lbih awet dipake sekal pake port chargingny
"a36 keknya jadi hp samsung pertama dan terakhir kalo 5 thn lagi harga hp ini brand makin ga ngotak 😭 7jt~7,5jt buat midrange 8/128gb alakadar is a crime","a36 keknya jadi hp samsung pertama dan terakhir kalo 5 thn lagi harga hp ini brand makin ga ngotak 😭 7jt~7,5jt buat midrange 8/128gb alakadar is a crime",a36 kek jadi handphone samsung pertama akhir thn lagi harga handphone brand makin tidak ngotak 7jt 5jt buat midrange 128gb alakadar is crime
"Tecno 50 pro 5g bang, gw pen beli, tapi masik mau nunggu review anda dulu 0:02","Tecno 50 pro 5g bang, gw pen beli, tapi masik mau nunggu review anda dulu 0:02",tecno 50 pro 5g gw pen beli masik mau nunggu review anda dulu 02
"User A56 jangan menghibur dirilah 😂 kalo gak mampu upgrade jgn bilang ganti baju, masa pura-pura gak liat chip naik speed sampe setara sd 7s gen 4, bezel makin tipis sampe merubah dimensi, body makin ringan 12 gram, zoom in zoom out video semulus iPhone 14, rom jadi UFS 4.1 🔥

Cuma harganya aja yg bikin mager 😂","User A56 jangan menghibur dirilah 😂 kalo gak mampu upgrade jgn bilang ganti baju, masa pura-pura gak liat chip naik speed sampe setara sd 7s gen 4, bezel makin tipis sampe merubah dimensi, body makin ringan 12 gram, zoom in zoom out video semulus iPhone 14, rom jadi UFS 4.1 🔥 Cuma harganya aja yg bikin mager 😂",user a56 jangan hibur diri tidak mampu upgrade jgn bilang ganti baju masa pura pura tidak liat chip naik speed sampe tara sd 7s gen bezel makin tipis sampe rubah dimensi body makin ringan 12 gram zoom in zoom out video mulus iphone 14 rom jadi ufs cuma harga bikin mager
Udah beli IPhone 17 Pro samsung baru launching HP baru,Udah beli IPhone 17 Pro samsung baru launching HP baru,beli iphone 17 pro samsung baru launching handphone baru
"Setelah 1 tahun samsung a22 5G ku fakum sekarang sy pakai lagi.

 Gegara redmi note 13 ku sedikit melengkung dan matot gegara sy kantongin pas naik motor laki beberapa bulan ini tidak keresa hp melengkung dan lama2 matot😢

Info temen yg punya konter kemungkinan redmiku kena fleksibel tp blm dicek. Info temen klo hp cina emng rentan beda sama samsul n ipon rangkanya tebel😅

Alhamdulilahwlwpun samsungku ram cuma 6/128 tp gak tau kenapa jauh lebih multi tasking dari pd redmi note 13 sy yg 8/256😅

Mudah2n bisa up ke samsung a57❤ Sukur2 S series🤲🤲🤲",Setelah 1 tahun samsung a22 5G ku fakum sekarang sy pakai lagi. Gegara redmi note 13 ku sedikit melengkung dan matot gegara sy kantongin pas naik motor laki beberapa bulan ini tidak keresa hp melengkung dan lama2 matot😢 Info temen yg punya konter kemungkinan redmiku kena fleksibel tp blm dicek. Info temen klo hp cina emng rentan beda sama samsul n ipon rangkanya tebel😅 Alhamdulilahwlwpun samsungku ram cuma 6/128 tp gak tau kenapa jauh lebih multi tasking dari pd redmi note 13 sy yg 8/256😅 Mudah2n bisa up ke samsung a57❤ Sukur2 S series🤲🤲🤲,telah tahun samsung a22 5g ku fakum sekarang sy pakai lagi gegara redmi note 13 ku sedikit lengkung matot gegara sy kantongin pas naik motor laki beberapa bulan tidak resa handphone lengkung lama2 matot info temen punya konter mungkin redmiku kena fleksibel blm cek info temen klo handphone cina emng rentan beda sama samsul ipon rangka tebel alhamdulilahwlwpun samsungku ram cuma 128 tidak tau kenapa jauh lebih multi tasking pd redmi note 13 sy 256 mudah2n up samsung a57 sukur2 series
Trauma pakek Samsung nanti akan muncul Green light 😂,Trauma pakek Samsung nanti akan muncul Green light 😂,trauma pakek samsung nanti akan muncul green light
Sayang banget gk ada varian 512😢,Sayang banget gk ada varian 512😢,sayang banget tidak varian 512
Masih enakan poco x8 pro gx sih? 😅,Masih enakan poco x8 pro gx sih? 😅,masih enak poco x8 pro gx sih
BANG BAHAS CAMON 50 PRO 5G,BANG BAHAS CAMON 50 PRO 5G,bahas camon 50 pro 5g
"Oh ternyata a56 udh 1thn rilis nya, gak kerasa juga pake nih hp, pas lihat ini yaaa ngeliat a56 versi 2.0, yang cuma ganti skin aja wkwkk, tetep bersyukur sama apa yang di pakai","Oh ternyata a56 udh 1thn rilis nya, gak kerasa juga pake nih hp, pas lihat ini yaaa ngeliat a56 versi 2.0, yang cuma ganti skin aja wkwkk, tetep bersyukur sama apa yang di pakai",oh nyata a56 1thn rilis tidak rasa juga pake nih handphone pas lihat yaaa ngeliat a56 versi cuma ganti skin wkwkk tetep syukur sama apa pakai
Tim yg nunggu A57 keluar resmi baru beli A56 😂,Tim yg nunggu A57 keluar resmi baru beli A56 😂,tim nunggu a57 keluar resmi baru beli a56
A5 series paling bagus emng a52s😂,A5 series paling bagus emng a52s😂,a5 series paling bagus emng a52s
blm support wireless charge ? masa samsung note 8 gw yg kluar beberapa tahun bisa wireless chager ?,blm support wireless charge ? masa samsung note 8 gw yg kluar beberapa tahun bisa wireless chager ?,blm support wireless charge masa samsung note gw kluar beberapa tahun wireless chager
Bezel nya kudu nunggu 2 generasi lg (A59) agar simetris 😂🤣,Bezel nya kudu nunggu 2 generasi lg (A59) agar simetris 😂🤣,bezel kudu nunggu generasi lg a59 agar simetris
"Kamera makro di HP midrange Samsung kayanya ada agar komposisi kamera belakangnya ada 3 aja alias cuma gimmick. Nggak ada gunanya, kalau dihilangkan juga nggak bakal ada yang protes 😂","Kamera makro di HP midrange Samsung kayanya ada agar komposisi kamera belakangnya ada 3 aja alias cuma gimmick. Nggak ada gunanya, kalau dihilangkan juga nggak bakal ada yang protes 😂",kamera makro handphone midrange samsung kaya agar komposisi kamera belakang alias cuma gimmick tidak guna hilang juga tidak bakal protes
Ko ga review samsung A37 5G bang,Ko ga review samsung A37 5G bang,ko tidak review samsung a37 5g
Masih betah di s24fe,Masih betah di s24fe,masih betah s24fe
Buat konten bagus ga sih galaxy A57?,Buat konten bagus ga sih galaxy A57?,buat konten bagus tidak sih galaxy a57
"Pengguna a54, pengen tetep di sistem samsung tapi setiap tahun makin susah bela Samsung","Pengguna a54, pengen tetep di sistem samsung tapi setiap tahun makin susah bela Samsung",guna a54 ken tetep sistem samsung tiap tahun makin susah bela samsung
Hasil fotonya plek ketiplek sama kayak A56 🫪,Hasil fotonya plek ketiplek sama kayak A56 🫪,hasil foto plek ketiplek sama kayak a56
Kalau masih punya hp samsung.. habiskan update software dulu... baru kerasa bedanya,Kalau masih punya hp samsung.. habiskan update software dulu... baru kerasa bedanya,masih punya handphone samsung habis update software dulu baru rasa beda
Nonton masih pake A54 warna Lime 🤣,Nonton masih pake A54 warna Lime 🤣,nonton masih pake a54 warna lime
Nonton ini pake kk ny si A56,Nonton ini pake kk ny si A56,nonton pake kk ny si a56
Saya sampai saat ini masih setia ma A70.. bukan karena nga mau pindah ke merek lain.. tapi memang blm ada duit untuk upgrade..🤣🤣🤣🤣,Saya sampai saat ini masih setia ma A70.. bukan karena nga mau pindah ke merek lain.. tapi memang blm ada duit untuk upgrade..🤣🤣🤣🤣,sampai saat masih setia ma a70 bukan karena nga mau pindah merek lain memang blm duit upgrade
Review tecno camon 50 pro dong bang masing bingung nih nyari review yg enak,Review tecno camon 50 pro dong bang masing bingung nih nyari review yg enak,review tecno camon 50 pro dong masing bingung nih nyari review enak
"Untung beli poco x8 pro, dari samsung a52s, tadinya mau beli a57 ketika melihat harga dan speknya nggak banget buang2 duit wkwkwkwkwkw","Untung beli poco x8 pro, dari samsung a52s, tadinya mau beli a57 ketika melihat harga dan speknya nggak banget buang2 duit wkwkwkwkwkw",untung beli poco x8 pro samsung a52s tadi mau beli a57 ketika lihat harga speknya tidak banget buang2 duit wkwkwkwkwkw
Mending Samsung S25 Ultra atau Samsung A57 ini 😁,Mending Samsung S25 Ultra atau Samsung A57 ini 😁,mending samsung s25 ultra samsung a57
"Klw kata sodara gw yang kerja di samsung cikarang.,

Salah satu produk sukses mereka adalah yang 56.","Klw kata sodara gw yang kerja di samsung cikarang., Salah satu produk sukses mereka adalah yang 56.",klw kata sodara gw kerja samsung cikarang salah satu produk sukses 56
Sedang menunggu hp entry-levelnya dapet bezel tipis juga🗿,Sedang menunggu hp entry-levelnya dapet bezel tipis juga🗿,sedang tunggu handphone entry level dapet bezel tipis juga
Mamtap 😮,Mamtap 😮,mamtap
Saya user A55 cuman bilang lah A56 A57 ga terlalu banyak perubahanya yg ada harganya aja yg makin naik😂😂😂 ✌️,Saya user A55 cuman bilang lah A56 A57 ga terlalu banyak perubahanya yg ada harganya aja yg makin naik😂😂😂 ✌️,user a55 cuman bilang lah a56 a57 tidak terlalu banyak perubahanya harga makin naik
mehong ya,mehong ya,mehong
"aku 2 minggu lalu ambil s25fe, pdhl awalny mau beli a57 ini. ga nysel sm skali krn emg bgus bgt dgn harga yg ga jauh'' amat, ud bs dpt yg flagship","aku 2 minggu lalu ambil s25fe, pdhl awalny mau beli a57 ini. ga nysel sm skali krn emg bgus bgt dgn harga yg ga jauh'' amat, ud bs dpt yg flagship",aku minggu lalu ambil s25fe pdhl awalny mau beli a57 tidak nysel sama skali karena emg bgus banget dgn harga tidak jauh amat ud bs dapat flagship
josjis,josjis,josjis
"Saya sudah beli 5 hari yang lalu bang 
Emang enak bngt cuman ada sedikit keluhan karna camera nya masih pake macro",Saya sudah beli 5 hari yang lalu bang Emang enak bngt cuman ada sedikit keluhan karna camera nya masih pake macro,beli hari lalu emang enak bngt cuman sedikit keluh karna camera masih pake macro
hp teros vid,hp teros vid,handphone ros vid
gw pengguna samsung gw nunggu ni hp rilis pas rilis hrga ga msuk bgt hrga sgto kamera msih pke macro sdgkan brand lain hrga sgto rom uda gde uda dpt telepoto juga..untuk thn skrg kyk nya gw skip wt ganti ke samsung lagi ..,gw pengguna samsung gw nunggu ni hp rilis pas rilis hrga ga msuk bgt hrga sgto kamera msih pke macro sdgkan brand lain hrga sgto rom uda gde uda dpt telepoto juga..untuk thn skrg kyk nya gw skip wt ganti ke samsung lagi ..,gw guna samsung gw nunggu ni handphone rilis pas rilis hrga tidak msuk banget hrga sgto kamera msih pke macro sdgkan brand lain hrga sgto rom uda gde uda dapat telepoto juga thn skrg kyk gw skip wt ganti samsung lagi
Nontonin A57 pake A52 tanpa S  😄,Nontonin A57 pake A52 tanpa S 😄,nontonin a57 pake a52 tanpa
Aku dari a52s pindah ke s25fe kerasa banget bedanya,Aku dari a52s pindah ke s25fe kerasa banget bedanya,aku a52s pindah s25fe rasa banget beda
HP SEJUTA UMAT,HP SEJUTA UMAT,handphone juta umat
S 26 ULTRA JUGA BIASA2 SAJA MALAH SEPERTI HP BIASA TIDAK PUNYA IDENTITAS..  MALAH S 24 ULLTRA LEBIH BAGUS DARI DESIGN,S 26 ULTRA JUGA BIASA2 SAJA MALAH SEPERTI HP BIASA TIDAK PUNYA IDENTITAS.. MALAH S 24 ULLTRA LEBIH BAGUS DARI DESIGN,26 ultra juga biasa2 malah seperti handphone biasa tidak punya identitas malah 24 ulltra lebih bagus design
Sebagai pengguna A55 masih bersyukur karena seri A5 terakhir yang masih dapet slot MicroSD yang sangat penting bagi saya 😭,Sebagai pengguna A55 masih bersyukur karena seri A5 terakhir yang masih dapet slot MicroSD yang sangat penting bagi saya 😭,bagai guna a55 masih syukur karena seri a5 akhir masih dapet slot microsd sangat penting bagi
"yang udah beli A56,gak usah ngelirik A57.tunggu sekalian A59 wkwkwk","yang udah beli A56,gak usah ngelirik A57.tunggu sekalian A59 wkwkwk",beli a56 tidak usah ngelirik a57 tunggu sekali a59 wkwkwk
"kalo kita memang pakai aplikasi yang mesti mengedepankan keamanan, seperti untuk transaksi finansial besar yang sensitif, hp ini mungkin cocok, karena memiliki update patch keamanan dan OS yang sangat panjang, tapi diluar faktor keamanan dan mungkin design serta nama besar samsung (ini sangat subjektif), saya kira tidak ada alasan untuk beli, kompetitor semuanya jauh lebih murah, dengan spek yang lebih baik.","kalo kita memang pakai aplikasi yang mesti mengedepankan keamanan, seperti untuk transaksi finansial besar yang sensitif, hp ini mungkin cocok, karena memiliki update patch keamanan dan OS yang sangat panjang, tapi diluar faktor keamanan dan mungkin design serta nama besar samsung (ini sangat subjektif), saya kira tidak ada alasan untuk beli, kompetitor semuanya jauh lebih murah, dengan spek yang lebih baik.",memang pakai aplikasi mesti depan aman seperti transaksi finansial besar sensitif handphone mungkin cocok karena milik update patch aman os sangat panjang luar faktor aman mungkin design serta nama besar samsung sangat subjektif kira tidak alas beli kompetitor semua jauh lebih murah spesifikasi lebih baik
"Harga naik tapi upgrade gak se signifikan itu,padahal hampir 70% isi hapenya buatan mereka sendiri","Harga naik tapi upgrade gak se signifikan itu,padahal hampir 70% isi hapenya buatan mereka sendiri",harga naik upgrade tidak se signifikan padahal hampir 70 isi hapenya buat sendiri
Yang nnton pakai hpnya 😅😅,Yang nnton pakai hpnya 😅😅,nnton pakai hpnya
Sayangnya prodak samsung seri A banyak problem di layar yang tiba tiba ada goresan 😅,Sayangnya prodak samsung seri A banyak problem di layar yang tiba tiba ada goresan 😅,sayang prodak samsung seri banyak problem layar tiba tiba gores
"Saya pengguna A55 yang rame bgt aja dapet di harga 5.9 setelah 5 bulan launching, masih wajar karena rame, ini masih baru upgrade ga begitu banyak dari seri sebelumnya naik bgt mendekati seri FE 25","Saya pengguna A55 yang rame bgt aja dapet di harga 5.9 setelah 5 bulan launching, masih wajar karena rame, ini masih baru upgrade ga begitu banyak dari seri sebelumnya naik bgt mendekati seri FE 25",guna a55 rame banget dapet harga telah bulan launching masih wajar karena rame masih baru upgrade tidak begitu banyak seri belum naik banget dekat seri fe 25
Walaupun overprice tapi gua tetep suka njir ga kaya a enam es🗿,Walaupun overprice tapi gua tetep suka njir ga kaya a enam es🗿,walaupun overprice gua tetep suka njir tidak kaya enam es
"B aja xixixixi,yaa namanya juga samsung","B aja xixixixi,yaa namanya juga samsung",xixixixi yaa nama juga samsung
Skip lahhh,Skip lahhh,skip lahhh
Saran bang samsung A55/A36 masih layak gak di pake tahun 2026.,Saran bang samsung A55/A36 masih layak gak di pake tahun 2026.,saran samsung a55 a36 masih layak tidak pake tahun 2026
Udah 57 aja😭,Udah 57 aja😭,57
mantap samsung the best lah love you samsung salam penggemar samsung,mantap samsung the best lah love you samsung salam penggemar samsung,mantap samsung the best lah love you samsung salam gemar samsung
"dari user a54, ini jelas upgrade. tinggal mau bandingin worth it mana dengan adiknya a56 atau kakaknya s25fe dan akhirnya dapatlah kesimpulan. tinggal nunggu aja, kompensasi harga kemahalan itu akan ditutup pake promo apa.

terima kasih, om David 😁","dari user a54, ini jelas upgrade. tinggal mau bandingin worth it mana dengan adiknya a56 atau kakaknya s25fe dan akhirnya dapatlah kesimpulan. tinggal nunggu aja, kompensasi harga kemahalan itu akan ditutup pake promo apa. terima kasih, om David 😁",user a54 jelas upgrade tinggal mau bandingin bagus mana adik a56 kakak s25fe akhir dapat simpul tinggal nunggu kompensasi harga mahal akan tutup pake promo apa terima kasih om david
Pwm dimming / flickeringnya nggak diupdate.. bagi yang mata sensitif pasti ga cocok dengan led samsung hehe,Pwm dimming / flickeringnya nggak diupdate.. bagi yang mata sensitif pasti ga cocok dengan led samsung hehe,pwm dimming flickeringnya tidak diupdate bagi mata sensitif pasti tidak cocok led samsung hehe
Samsung sudah terlalu lama tidur di seri a55 dan a57 udah mulai terlelap ayo lah Samsung buat lagi gebrakan ²nya mulai dari a58 ya soalnya di a57 cuma sedikit upgradenya,Samsung sudah terlalu lama tidur di seri a55 dan a57 udah mulai terlelap ayo lah Samsung buat lagi gebrakan ²nya mulai dari a58 ya soalnya di a57 cuma sedikit upgradenya,samsung terlalu lama tidur seri a55 a57 mulai lelap ayo lah samsung buat lagi gebrak mulai a58 soal a57 cuma sedikit upgradenya
Alhamdulilah nonton dengan s25fe. Dibeli 2bulan lalu😊,Alhamdulilah nonton dengan s25fe. Dibeli 2bulan lalu😊,alhamdulilah nonton s25fe beli 2bulan lalu
Infinix dong 2.5 juta serasa pke flagship,Infinix dong 2.5 juta serasa pke flagship,infinix dong juta serasa pke flagship
Apakah akan meniru kegagalan Nokia?? Tunggu saja.,Apakah akan meniru kegagalan Nokia?? Tunggu saja.,apakah akan tiru gagal nokia tunggu
Mending beli s25 fe😂😂😂,Mending beli s25 fe😂😂😂,mending beli s25 fe
samsung be like  (yang penting tiap tahun ada aja) 😹,samsung be like (yang penting tiap tahun ada aja) 😹,samsung be like penting tiap tahun
A54-5G ku ternyata sudah kelewat 3 seri sampai A57 yg baru release ini 😅,A54-5G ku ternyata sudah kelewat 3 seri sampai A57 yg baru release ini 😅,a54 5g ku nyata lewat seri sampai a57 baru release
Blunder klw seri A minus slot card,Blunder klw seri A minus slot card,blunder klw seri minus slot card
kebantai poco x 8 series kata bapak saya,kebantai poco x 8 series kata bapak saya,bantai poco series kata bapak
Samsung A77 bila keluar....punya q a72..,Samsung A77 bila keluar....punya q a72..,samsung a77 bila keluar punya a72
Udah terlanjur beli 💔,Udah terlanjur beli 💔,lanjur beli
"Bluetooth version 6.0, gak bakalan delay lagi tuh make headset wireless.","Bluetooth version 6.0, gak bakalan delay lagi tuh make headset wireless.",bluetooth version tidak bakal delay lagi tuh make headset wireless
"A54,A55,A56,A57 itu menurut saya semua sama aja, cuma ganti skin,gegara produksinya kebanyakan🤣🤣","A54,A55,A56,A57 itu menurut saya semua sama aja, cuma ganti skin,gegara produksinya kebanyakan🤣🤣",a54 a55 a56 a57 turut semua sama cuma ganti skin gegara produksi banyak
12:56 setuju koh david jujur bener milih itu aja sih di harga 8jtaan 👌🏻😉,12:56 setuju koh david jujur bener milih itu aja sih di harga 8jtaan 👌🏻😉,12 56 tuju koh david jujur bener milih sih harga 8jtaan
Geser2 wkwkwkwkw 😂😂😂😂,Geser2 wkwkwkwkw 😂😂😂😂,geser2 wkwkwkwkw
Gila harga FE spek flagship selisih 500 an doank... 😄😄,Gila harga FE spek flagship selisih 500 an doank... 😄😄,gila harga fe spesifikasi flagship selisih 500 an doank
Ok Skip dulu. Masih setia di A54. Nunggu A59 kayaknya,Ok Skip dulu. Masih setia di A54. Nunggu A59 kayaknya,ok skip dulu masih setia a54 nunggu a59 kayak
bang review infinix note 60 ultra,bang review infinix note 60 ultra,review infinix note 60 ultra
Namanya juga fensboy bang wkwkkwkw,Namanya juga fensboy bang wkwkkwkw,nama juga fensboy wkwkkwkw
Hanya bisa nonton video ini pakai samsung a51 😅,Hanya bisa nonton video ini pakai samsung a51 😅,hanya nonton video pakai samsung a51
"Samsung ini cuma menang di Nama,Software,sama updatenya aj yg lebih panjang dari brand lain...selebihnya kalah telak","Samsung ini cuma menang di Nama,Software,sama updatenya aj yg lebih panjang dari brand lain...selebihnya kalah telak",samsung cuma menang nama software sama updatenya aj lebih panjang brand lain lebih kalah telak
Masih pake a52s,Masih pake a52s,masih pake a52s
Fitur samsung dex ada bang?,Fitur samsung dex ada bang?,fitur samsung dex
"dari a56 atau a57 tetep terbaik A55 buat hp samsung value for money, kamera depan kebuka fhd 60fps, dan masih punya slot SD Card yang dibandingin ama a56 a57 samsung indonesia masih gamau masukin 12/512GB.","dari a56 atau a57 tetep terbaik A55 buat hp samsung value for money, kamera depan kebuka fhd 60fps, dan masih punya slot SD Card yang dibandingin ama a56 a57 samsung indonesia masih gamau masukin 12/512GB.",a56 a57 tetep baik a55 buat handphone samsung value for money kamera depan buka fhd 60fps masih punya slot sd card dibandingin ama a56 a57 samsung indonesia masih gamau masukin 12 512gb
Lensa makro harga 7jutaan😢,Lensa makro harga 7jutaan😢,lensa makro harga 7jutaan
"Apa hp ngejar tipis, lama2 kaya selembar kertas ❤","Apa hp ngejar tipis, lama2 kaya selembar kertas ❤",apa handphone ngejar tipis lama2 kaya lembar kertas
Bikin kompare bang sama Vivo v70,Bikin kompare bang sama Vivo v70,bikin kompare sama vivo v70
pemakaian Samsung A13 4G dari sep 2022 blm pernah rusak & service HADIRRR👀✊🏼,pemakaian Samsung A13 4G dari sep 2022 blm pernah rusak & service HADIRRR👀✊🏼,pakai samsung a13 4g sep 2022 blm pernah rusak service hadirrr
Nonton ini pake samsung A52s 😅,Nonton ini pake samsung A52s 😅,nonton pake samsung a52s
NonTELE iam pilih techno,NonTELE iam pilih techno,nontele iam pilih techno
"Bahas kamera s26. Oppo find x9, vivo x300. ,","Bahas kamera s26. Oppo find x9, vivo x300. ,",bahas kamera s26 oppo find x9 vivo x300
"samsung ini kan brand kuat  kek iphone, maka nya pasti bakal yg nanyain HOKI777","samsung ini kan brand kuat kek iphone, maka nya pasti bakal yg nanyain HOKI777",samsung kan brand kuat kek iphone maka pasti bakal nanyain hoki777
Salfok sama harga kartu pokemon 30jt hee 8:26,Salfok sama harga kartu pokemon 30jt hee 8:26,salfok sama harga kartu pokemon 30jt hee 26
"Hp gua ini udah waktunya ganti, lcd nya udh kena. Wajar sih 5thn digeber terussss. Boleh rekomendasi nya guys kl ganti hp apa dibudget 5-7 jt","Hp gua ini udah waktunya ganti, lcd nya udh kena. Wajar sih 5thn digeber terussss. Boleh rekomendasi nya guys kl ganti hp apa dibudget 5-7 jt",handphone gua waktu ganti lcd kena wajar sih 5thn geber terussss boleh rekomendasi guys kl ganti handphone apa dibudget jt
"Sebenarnya sih HP apa yang baik dan bagus untuk digunakan,","Sebenarnya sih HP apa yang baik dan bagus untuk digunakan,",benar sih handphone apa baik bagus guna
gara2 ai harga hp melonjak tinggi 😢,gara2 ai harga hp melonjak tinggi 😢,gara2 ai harga handphone lonjak tinggi
Paling bagus utk samsung A Series itu adalah Samsung A80,Paling bagus utk samsung A Series itu adalah Samsung A80,paling bagus utk samsung series samsung a80
Bang review handphone infinix smart 20 plss aku nau beli tapi takut gak bagus plss😢,Bang review handphone infinix smart 20 plss aku nau beli tapi takut gak bagus plss😢,review handphone infinix smart 20 plss aku nau beli takut tidak bagus plss
"Sy pake a54 masih oke2 aja. Emamg sekarang spek bukan jadi prioritas, tapi usable dan reliablity itu yg jadi value di galaxy A50's series","Sy pake a54 masih oke2 aja. Emamg sekarang spek bukan jadi prioritas, tapi usable dan reliablity itu yg jadi value di galaxy A50's series",sy pake a54 masih oke2 emamg sekarang spesifikasi bukan jadi prioritas usable reliablity jadi value galaxy a50 series
mending sa 24 FE juga bang kalau di harga segitu😅,mending sa 24 FE juga bang kalau di harga segitu😅,mending sa 24 fe juga harga segitu
Berarti harga A57 sama kayak A52 5G jaman baru keluar di 7.2jtaan,Berarti harga A57 sama kayak A52 5G jaman baru keluar di 7.2jtaan,arti harga a57 sama kayak a52 5g jaman baru keluar 2jtaan
"A56 hp kentang, gk ada bedanya sama A55 . jauh penjualanya sama A55","A56 hp kentang, gk ada bedanya sama A55 . jauh penjualanya sama A55",a56 handphone kentang tidak beda sama a55 jauh penjualanya sama a55
"Saya yg masih pake Samsung A51 nyimakkk, emang sebagus itu sih nyaman d pake foto masih jernih kecuali vidio sih ga tau knp mulai burem bari ganti batre aja taun kemarin 😅","Saya yg masih pake Samsung A51 nyimakkk, emang sebagus itu sih nyaman d pake foto masih jernih kecuali vidio sih ga tau knp mulai burem bari ganti batre aja taun kemarin 😅",masih pake samsung a51 nyimakkk emang bagus sih nyaman pake foto masih jernih kecuali vidio sih tidak tau knp mulai burem bari ganti batre taun kemarin
"ahh minggat, uda matirasa dengan samsung","ahh minggat, uda matirasa dengan samsung",ahh minggat uda matirasa samsung
A57 hadir cuma buat formalitas tahunan 🤣,A57 hadir cuma buat formalitas tahunan 🤣,a57 hadir cuma buat formalitas tahun
"Masih pegang A54, belum minat ganti","Masih pegang A54, belum minat ganti",masih pegang a54 belum minat ganti
Nubia neo 5 gt bg kapannnnnn,Nubia neo 5 gt bg kapannnnnn,nubia neo gt bg kapannnnnn
"Sya Masih setia dg samsung jadull s20+, walopun mentok di androit 13😅","Sya Masih setia dg samsung jadull s20+, walopun mentok di androit 13😅",sya masih setia dg samsung jadull s20 walopun mentok androit 13
apalah daya masih make A06,apalah daya masih make A06,apa daya masih make a06
"Apakah rekomendasi beli Samsung A57? 
Jawaban : tidak lebih baik lu ambil merek lain BBK, kalo peyepong Samsung bisa ambil S25 atau s26","Apakah rekomendasi beli Samsung A57? Jawaban : tidak lebih baik lu ambil merek lain BBK, kalo peyepong Samsung bisa ambil S25 atau s26",apakah rekomendasi beli samsung a57 jawab tidak lebih baik lu ambil merek lain bbk peyepong samsung ambil s25 s26
Saat nya cari a55 ram 12 🔥,Saat nya cari a55 ram 12 🔥,saat cari a55 ram 12
2:29 bukan ip 57 woii ngawur,2:29 bukan ip 57 woii ngawur,29 bukan ip 57 woii ngawur
"Nonton pake A55 , tunggu kk nya yang lebih gong, aku rasa kayaknya A58 bakal gong sih 😅","Nonton pake A55 , tunggu kk nya yang lebih gong, aku rasa kayaknya A58 bakal gong sih 😅",nonton pake a55 tunggu kk lebih gong aku rasa kayak a58 bakal gong sih
9 tahun lamanya msh bertahan di Galaxy A5 2017 💙 buat daily,9 tahun lamanya msh bertahan di Galaxy A5 2017 💙 buat daily,tahun lama msh tahan galaxy a5 2017 buat daily
Pengen ganti Samsung tapi masih was-was sama layar lightsaber nya,Pengen ganti Samsung tapi masih was-was sama layar lightsaber nya,ken ganti samsung masih was was sama layar lightsaber
3:30 ada yg tau wallpaper kaya gini biasanya dicari dimana??,3:30 ada yg tau wallpaper kaya gini biasanya dicari dimana??,30 tau wallpaper kaya gin biasa cari mana
kok rasanya kamera dari poco x8 pro ataupun x8 pro max masih lebih bagus ya dari pada A57 ? atau hannya perasaan ku aja yang salah,kok rasanya kamera dari poco x8 pro ataupun x8 pro max masih lebih bagus ya dari pada A57 ? atau hannya perasaan ku aja yang salah,kok rasa kamera poco x8 pro atau x8 pro max masih lebih bagus pada a57 hannya asa ku salah
jangan dibeli sampe naikin speknya,jangan dibeli sampe naikin speknya,jangan beli sampe naikin speknya
Dan kingdom,Dan kingdom,kingdom
"Nonton Pake A56 yang dibeli seharga 5,1jt di bulan desember 2025 😂🤣","Nonton Pake A56 yang dibeli seharga 5,1jt di bulan desember 2025 😂🤣",nonton pake a56 beli harga 1jt bulan desember 2025
Ga nyesel beli a56,Ga nyesel beli a56,tidak nyesel beli a56
review techno camon 40 pro 5g,review techno camon 40 pro 5g,review techno camon 40 pro 5g
Lah saya ni nonton pake samsung a57 tiba-tiba direkomendasikan oleh youtube nonton ini,Lah saya ni nonton pake samsung a57 tiba-tiba direkomendasikan oleh youtube nonton ini,lah ni nonton pake samsung a57 tiba tiba rekomendasi oleh youtube nonton
"Apa dia bilang ""Piro"" ? 11:59","Apa dia bilang ""Piro"" ? 11:59",apa dia bilang piro 11 59
"Akhirnyaaaa, review yg ku tunggu","Akhirnyaaaa, review yg ku tunggu",akhirnyaaaa review ku tunggu
"Makin kesini makin ksana 2raksasa iPhone & Samsung, akan kalah sama hp cihna, harga murah kulitas bagus. Wkwkwkkwk iPhone (batre boros dan kapasitas batre kecil) dominan, Samsung ( selain flagshipnya udah gak da worthit banyak ngeluarin produk) dan 2 ini harganya gak ngotak. 😂","Makin kesini makin ksana 2raksasa iPhone & Samsung, akan kalah sama hp cihna, harga murah kulitas bagus. Wkwkwkkwk iPhone (batre boros dan kapasitas batre kecil) dominan, Samsung ( selain flagshipnya udah gak da worthit banyak ngeluarin produk) dan 2 ini harganya gak ngotak. 😂",makin kesini makin ksana 2raksasa iphone samsung akan kalah sama handphone cihna harga murah kulitas bagus wkwkwkkwk iphone batre boros kapasitas batre kecil dominan samsung selain flagshipnya tidak da worthit banyak ngeluarin produk harga tidak ngotak
monoton yaa,monoton yaa,monoton yaa
udah ada fitur Disable LightSaber / Green line belum ?,udah ada fitur Disable LightSaber / Green line belum ?,fitur disable lightsaber green line belum
"Mending beli Second Reno 15 atau 14 coy, 5 jt dah dapat 8/256 jos gandos","Mending beli Second Reno 15 atau 14 coy, 5 jt dah dapat 8/256 jos gandos",mending beli second reno 15 14 coy jt dah dapat 256 jos gandos
upgrade kmtl2an,upgrade kmtl2an,upgrade kmtl2an
"4 handphone ku 3 nya samsung  a57 ,s26 ultra ,dan fold . Iphone 17 promax hanya pajangan aja","4 handphone ku 3 nya samsung a57 ,s26 ultra ,dan fold . Iphone 17 promax hanya pajangan aja",handphone ku samsung a57 s26 ultra fold iphone 17 promax hanya pajang
Maaf min gw ga makan merek😂,Maaf min gw ga makan merek😂,maaf min gw tidak makan merek
Lagi nunggu galaxy A69. 😂,Lagi nunggu galaxy A69. 😂,lagi nunggu galaxy a69
Kenapa ya kamera samsung tuh kesan nya kusam,Kenapa ya kamera samsung tuh kesan nya kusam,kenapa kamera samsung tuh kesan kusam
Desain kamera nya kurang suka😒,Desain kamera nya kurang suka😒,desain kamera kurang suka
Kaum Awam bilang gitu2 aja..padahal Yg harus di pikirkan kedepannya...point pertama upgrade Androidnya,Kaum Awam bilang gitu2 aja..padahal Yg harus di pikirkan kedepannya...point pertama upgrade Androidnya,kaum awam bilang gitu2 padahal harus pikir depan point pertama upgrade androidnya
Normalisasi pake hp itu ampe bener2 mati. Jgn gampang terpengaruh reviewer. Ekonomi sedang TDK baik2 saja 🤷,Normalisasi pake hp itu ampe bener2 mati. Jgn gampang terpengaruh reviewer. Ekonomi sedang TDK baik2 saja 🤷,normalisasi pake handphone ampe bener2 mati jgn gampang pengaruh reviewer ekonomi sedang tdk baik2
Masih nyaman pakai A55😊,Masih nyaman pakai A55😊,masih nyaman pakai a55
"Akhirnya yg di tunggu"" di review juga....
Saya pake samsung A56 aja sudah nyaman...apalagi penerusnya A57","Akhirnya yg di tunggu"" di review juga.... Saya pake samsung A56 aja sudah nyaman...apalagi penerusnya A57",akhir tunggu review juga pake samsung a56 nyaman apalagi terus a57
"Gila harganya yee.
Para pejabat samsung indo kayaknya bau bau mau di pecat nihh",Gila harganya yee. Para pejabat samsung indo kayaknya bau bau mau di pecat nihh,gila harga yee para jabat samsung indo kayak bau bau mau pecat nihh
Emang hp Samsung itu sangat merakyat lohh 😅😂 mangkanya masih banyak yg demen sama hp Samsung walupun hp satu jutaan masih laris manis 😂🎉,Emang hp Samsung itu sangat merakyat lohh 😅😂 mangkanya masih banyak yg demen sama hp Samsung walupun hp satu jutaan masih laris manis 😂🎉,emang handphone samsung sangat rakyat lohh mangkanya masih banyak demen sama handphone samsung walupun handphone satu juta masih laris manis
nyimak,nyimak,nyimak
Meding samsung SAMSUNG S25 FE donk speekk jauh lebih beda,Meding samsung SAMSUNG S25 FE donk speekk jauh lebih beda,meding samsung samsung s25 fe donk speekk jauh lebih beda
"Apakah ada fitur ""tinta pemilu"" juga di model ini ???","Apakah ada fitur ""tinta pemilu"" juga di model ini ???",apakah fitur tinta milu juga model
Pakai A73 nyesel beli wkwkw,Pakai A73 nyesel beli wkwkw,pakai a73 nyesel beli wkwkw
"7- 8 JT a57 100% skip, mnding merek lain !!","7- 8 JT a57 100% skip, mnding merek lain !!",jt a57 100 skip mnding merek lain
Skip ajalah...  😅,Skip ajalah... 😅,skip aja
Udah lama bosen dgn serie Samsung A apalagi harganya agak mahal,Udah lama bosen dgn serie Samsung A apalagi harganya agak mahal,lama bosen dgn serie samsung apalagi harga agak mahal
Payah kga ada perkembangan jauh samsung A57 om,Payah kga ada perkembangan jauh samsung A57 om,payah kga kembang jauh samsung a57 om
Bagusa x8 pm atau a57?,Bagusa x8 pm atau a57?,bagusa x8 pm a57
Sy yakin a57 bkalan ada isu msalah layar d tahun² kdepan karana pake sAmoled+ .lebih baik stay di a56 saja untuk pemakaian jangka panjang,Sy yakin a57 bkalan ada isu msalah layar d tahun² kdepan karana pake sAmoled+ .lebih baik stay di a56 saja untuk pemakaian jangka panjang,sy yakin a57 bkalan isu msalah layar tahun kdepan karana pake samoled lebih baik stay a56 pakai jangka panjang
Camon 50 pro bg,Camon 50 pro bg,camon 50 pro bg
"bagi gw yang pindah dari A51 dan dapat rejeki bisa ambil A57 ini, alhamdulilah banget, sampe skrg A51 gw juga masih Sehat wal afiat","bagi gw yang pindah dari A51 dan dapat rejeki bisa ambil A57 ini, alhamdulilah banget, sampe skrg A51 gw juga masih Sehat wal afiat",bagi gw pindah a51 dapat rejeki ambil a57 alhamdulilah banget sampe skrg a51 gw juga masih sehat wal afiat
"Kebetulan mau ganti dari samsung A54 ke A57, 3 tahun udh waktunya ganti 😅","Kebetulan mau ganti dari samsung A54 ke A57, 3 tahun udh waktunya ganti 😅",betul mau ganti samsung a54 a57 tahun waktu ganti
"Over price ini🤣🤣 .
Gas iqoo15R",Over price ini🤣🤣 . Gas iqoo15R,over price gas iqoo15r
"UPGRADE ❌
upgrade✅
Unt org yg pindah dari brand lain okelah, tpi klu udh punya A56 mau pindah A57 kyaknya klau bukan fans garis keras gak mungkin deh 😅","UPGRADE ❌ upgrade✅ Unt org yg pindah dari brand lain okelah, tpi klu udh punya A56 mau pindah A57 kyaknya klau bukan fans garis keras gak mungkin deh 😅",upgrade upgrade unt org pindah brand lain oke tpi klu punya a56 mau pindah a57 kyaknya klau bukan fans garis keras tidak mungkin deh
"Pakailah falgship gys, maka kalian akan berhenti nonton riview hp 😂😂😂","Pakailah falgship gys, maka kalian akan berhenti nonton riview hp 😂😂😂",pakai falgship gys maka kalian akan henti nonton riview handphone
Layanan purna jual samsul ini blum  ok lah 😅😅😅.,Layanan purna jual samsul ini blum ok lah 😅😅😅.,layan purna jual samsul blum ok lah
"Masih nyaman di A54 dan gak ada urgensi buat upgrade. Ntar lah kalau ada rezeki lebih, semoga bisa upgrade di seri A58 atau A59. So far, puas banget dengan performan HP Samsung seri A5 yang nopang keseharian saya. Jangan pelit2 buat upgradenya, Samsung.","Masih nyaman di A54 dan gak ada urgensi buat upgrade. Ntar lah kalau ada rezeki lebih, semoga bisa upgrade di seri A58 atau A59. So far, puas banget dengan performan HP Samsung seri A5 yang nopang keseharian saya. Jangan pelit2 buat upgradenya, Samsung.",masih nyaman a54 tidak urgensi buat upgrade ntar lah rezeki lebih moga upgrade seri a58 a59 so far puas banget forman handphone samsung seri a5 nopang hari jangan pelit2 buat upgradenya samsung
"Dan saya sampai saat ini masih setia pke Samsung A5 2017 3/32gb, dri Agustus 2017 😅","Dan saya sampai saat ini masih setia pke Samsung A5 2017 3/32gb, dri Agustus 2017 😅",sampai saat masih setia pke samsung a5 2017 32gb dri agustus 2017
"Yang mau ada promo trade in loh dri A56 ke A57  yg sama memory nya dg kondisi apapun sampe 3,5jt","Yang mau ada promo trade in loh dri A56 ke A57 yg sama memory nya dg kondisi apapun sampe 3,5jt",mau promo trade in loh dri a56 a57 sama memory dg kondisi apa sampe 5jt
"Samsung memang bukan pasarnya mid-range sekarang.
Pasar mereka main di kelas bawah banget sama kelas flagship.
Mid range? Kebantai mereka sama brand china wkwkwkwk
Kamera? Ada oppo vivo. Chipset? Ada iQOO POCO. All rounder? Ada Xiaomi.",Samsung memang bukan pasarnya mid-range sekarang. Pasar mereka main di kelas bawah banget sama kelas flagship. Mid range? Kebantai mereka sama brand china wkwkwkwk Kamera? Ada oppo vivo. Chipset? Ada iQOO POCO. All rounder? Ada Xiaomi.,samsung memang bukan pasar mid range sekarang pasar main kelas bawah banget sama kelas flagship mid range bantai sama brand china wkwkwkwk kamera oppo vivo chipset iqoo poco all rounder xiaomi
a56 facelift kah? wkwk,a56 facelift kah? wkwk,a56 facelift kah wkwk
Harga lawak,Harga lawak,harga lawak
"masih setia sama A56, sambil nabung beli IP 15","masih setia sama A56, sambil nabung beli IP 15",masih setia sama a56 sambil nabung beli ip 15
Dijual ni a56 12/256 saya pemakaian pas 1 thn bln ini alasan jual pengen upgrade ke vivo x300 lepas 4.5jt ajah ga kurang,Dijual ni a56 12/256 saya pemakaian pas 1 thn bln ini alasan jual pengen upgrade ke vivo x300 lepas 4.5jt ajah ga kurang,jual ni a56 12 256 pakai pas thn bln alas jual ken upgrade vivo x300 lepas 5jt ajah tidak kurang
Saya skip dlu ya abang Exynos soc 😂,Saya skip dlu ya abang Exynos soc 😂,skip dlu abang exynos soc
"ga nyesel beli s25 fe 8/256 di harga 7,3jt","ga nyesel beli s25 fe 8/256 di harga 7,3jt",tidak nyesel beli s25 fe 256 harga 3jt
"Saya masih setia pake a54 bang,","Saya masih setia pake a54 bang,",masih setia pake a54
Cuma mampu pke samsung a51 dri awal rilis smpe skrng,Cuma mampu pke samsung a51 dri awal rilis smpe skrng,cuma mampu pke samsung a51 dri awal rilis smpe skrng
"Serius harga segitu, dan baterai masih 5000mAh? 😂","Serius harga segitu, dan baterai masih 5000mAh? 😂",serius harga segitu baterai masih 5000mah
"Yang mau beli nunggu dia nongol review dlu, akhirnya yang ditunggu-tunggu wkwk","Yang mau beli nunggu dia nongol review dlu, akhirnya yang ditunggu-tunggu wkwk",mau beli nunggu dia nongol review dlu akhir tunggu tunggu wkwk
Samsung Downfallkah? Terlalu nyaman dimenara gading?,Samsung Downfallkah? Terlalu nyaman dimenara gading?,samsung downfallkah terlalu nyaman menara gading
"Saya user A52s dari 2021 bersyukur skrg pindah ke oppo reno 
Samsung sendiri setengah hati untuk upgrade seri Low-Mid nya yg A ini, milih fokus di S dan Z yg flagship..
Yg saya ga suka dari samsung seri A skrg tuh :
1) Ukuran layar makin gede lebih dari 6,5"" , dimensi digenggam tangan makin gede, makin susah masuk kantong baju/celana. Terus secara kerapatan ppi layarnya menurun, berarti hanya stretch gedein layar aja.
2) Dimensi udah digedein, batere udah digedein, harga udah nyentuh 7jt, potensi jadi pengganti A7 series kuat bngt tinggal tambahin kamera telephoto udah cocok tapi ga pernah terwujud. Terus aja kamera macro 5MP sampe wafat 
3) Chipset exynos masih buduk banget. Masih tetep gampang panas, batere drop. Susah sinyal, hape panas, batere drop lagi 
Samsung paling klop sama snapdragon. Kalo unit hp nya bukan snapdragon mending jgn dibeli. (blm pernah denger testimoni yg pake mediatek)
Yg paling aneh selama saya pake A52s jg pake simcard By.U telkom sering bngt sinyal drop jadi Edge dan itu lama bisa 10 menitan.
Ganggu bngt kalo urgent perlu buka m-banking tp sinyal Edge ga bisa ngapa""in.","Saya user A52s dari 2021 bersyukur skrg pindah ke oppo reno Samsung sendiri setengah hati untuk upgrade seri Low-Mid nya yg A ini, milih fokus di S dan Z yg flagship.. Yg saya ga suka dari samsung seri A skrg tuh : 1) Ukuran layar makin gede lebih dari 6,5"" , dimensi digenggam tangan makin gede, makin susah masuk kantong baju/celana. Terus secara kerapatan ppi layarnya menurun, berarti hanya stretch gedein layar aja. 2) Dimensi udah digedein, batere udah digedein, harga udah nyentuh 7jt, potensi jadi pengganti A7 series kuat bngt tinggal tambahin kamera telephoto udah cocok tapi ga pernah terwujud. Terus aja kamera macro 5MP sampe wafat 3) Chipset exynos masih buduk banget. Masih tetep gampang panas, batere drop. Susah sinyal, hape panas, batere drop lagi Samsung paling klop sama snapdragon. Kalo unit hp nya bukan snapdragon mending jgn dibeli. (blm pernah denger testimoni yg pake mediatek) Yg paling aneh selama saya pake A52s jg pake simcard By.U telkom sering bngt sinyal drop jadi Edge dan itu lama bisa 10 menitan. Ganggu bngt kalo urgent perlu buka m-banking tp sinyal Edge ga bisa ngapa""in.",user a52s 2021 syukur skrg pindah oppo reno samsung sendiri tengah hati upgrade seri low mid milih fokus flagship tidak suka samsung seri skrg tuh ukur layar makin gede lebih dimensi genggam tangan makin gede makin susah masuk kantong baju celana terus cara rapat ppi layar turun arti hanya stretch gedein layar dimensi digedein batere digedein harga nyentuh 7jt potensi jadi ganti a7 series kuat bngt tinggal tambahin kamera telephoto cocok tidak pernah wujud terus kamera macro 5mp sampe wafat chipset exynos masih buduk banget masih tetep gampang panas batere drop susah sinyal hape panas batere drop lagi samsung paling klop sama snapdragon unit handphone bukan snapdragon mending jgn beli blm pernah denger testimoni pake mediatek paling aneh lama pake a52s juga pake simcard by telkom sering bngt sinyal drop jadi edge lama 10 menit ganggu bngt urgent perlu buka banking sinyal edge tidak ngapa in
Samsung sulit dilawan tetap laris manis prodok Raksasa korea.,Samsung sulit dilawan tetap laris manis prodok Raksasa korea.,samsung sulit lawan tetap laris manis prodok raksasa korea
Bang coba OPPO K15 PRO,Bang coba OPPO K15 PRO,coba oppo k15 pro
A56 yg d ganti baju doang 😅,A56 yg d ganti baju doang 😅,a56 ganti baju doang
Revies xiaomi pad 8 bg,Revies xiaomi pad 8 bg,revies xiaomi pad bg
Nonton ini pake Samsul A57,Nonton ini pake Samsul A57,nonton pake samsul a57
Harga segitu emang paling mending cari ex flagship aja😂,Harga segitu emang paling mending cari ex flagship aja😂,harga segitu emang paling mending cari ex flagship
Masih nyaman dengan samsung a54.. 😂,Masih nyaman dengan samsung a54.. 😂,masih nyaman samsung a54
"Kapok pakai samsung S20PLUS.  Greenline, blue, dan pink line.","Kapok pakai samsung S20PLUS. Greenline, blue, dan pink line.",kapok pakai samsung s20plus greenline blue pink line
Aku user A55 Alhamdulillah emang se enak itu pake ini hp🤲🏻😇,Aku user A55 Alhamdulillah emang se enak itu pake ini hp🤲🏻😇,aku user a55 alhamdulillah emang se enak pake handphone
bang ngga ngebahas tecno cammon 50,bang ngga ngebahas tecno cammon 50,ngga ngebahas tecno cammon 50
"Alhamdulillah udah niat beli Samsung A57, tapi baru niat doang, kalo soal uang belum ada, gatau kapan 😂","Alhamdulillah udah niat beli Samsung A57, tapi baru niat doang, kalo soal uang belum ada, gatau kapan 😂",alhamdulillah niat beli samsung a57 baru niat doang soal uang belum gatau kapan
"Alasan kadang suka dan tdk nya chanel ini ya itu, asal samsung pasti di dewa dewakan, ada kekurangan ga terlalu di blg, coba kalau brand lain apalagi terno, infinixitel breuh, salah dikit pasti raut wajahnya David keliatan ga suka banget, aura di studionya pun dibikin suram,, intinya berat seblah dgn brand lain","Alasan kadang suka dan tdk nya chanel ini ya itu, asal samsung pasti di dewa dewakan, ada kekurangan ga terlalu di blg, coba kalau brand lain apalagi terno, infinixitel breuh, salah dikit pasti raut wajahnya David keliatan ga suka banget, aura di studionya pun dibikin suram,, intinya berat seblah dgn brand lain",alas kadang suka tdk chanel asal samsung pasti dewa dewa kurang tidak terlalu blg coba brand lain apalagi terno infinixitel breuh salah dikit pasti raut wajah david liat tidak suka banget aura studio pun bikin suram inti berat seblah dgn brand lain
samsung tab A 11plus dong kakk,samsung tab A 11plus dong kakk,samsung tab 11plus dong kakk
"Mahal banget, mungkin kalo pake chipset mediatek atau Snapdragon lebih cocok yah, tapi kalo ini pake Exynos yah, wajar aja sih mau hemat pake chipset sendiri 🗿","Mahal banget, mungkin kalo pake chipset mediatek atau Snapdragon lebih cocok yah, tapi kalo ini pake Exynos yah, wajar aja sih mau hemat pake chipset sendiri 🗿",mahal banget mungkin pake chipset mediatek snapdragon lebih cocok yah pake exynos yah wajar sih mau hemat pake chipset sendiri
Samsung emang terbukti tangguh,Samsung emang terbukti tangguh,samsung emang bukti tangguh
apa sya aja yg nonton video ini hp nya retak seribu😂,apa sya aja yg nonton video ini hp nya retak seribu😂,apa sya nonton video handphone retak ribu
nonton pake A55 udh bertahan 2 tahun😂,nonton pake A55 udh bertahan 2 tahun😂,nonton pake a55 tahan tahun
bang menurut abang ip 12 buat tahun ini sama tahun besok masih oke ga?,bang menurut abang ip 12 buat tahun ini sama tahun besok masih oke ga?,turut abang ip 12 buat tahun sama tahun besok masih oke tidak
OPPO Reno 12F ku aja 12/512....😂,OPPO Reno 12F ku aja 12/512....😂,oppo reno 12f ku 12 512
aku kalau yg seri a gk deh mending yg seri s,aku kalau yg seri a gk deh mending yg seri s,aku seri tidak deh mending seri
Well well well,Well well well,well well well
Masih setia dengan A22 LTE.. 😅,Masih setia dengan A22 LTE.. 😅,masih setia a22 lte
Wah....saingan berat vivo V70 nih bro...,Wah....saingan berat vivo V70 nih bro...,wah saing berat vivo v70 nih bro
Harganya 😂 upgradenya 😑,Harganya 😂 upgradenya 😑,harga upgradenya
"Midrange A57 MURAH BANGET 😍😍.

Dan ada chargernya, ada chargernya, ada chargernyan","Midrange A57 MURAH BANGET 😍😍. Dan ada chargernya, ada chargernya, ada chargernyan",midrange a57 murah banget chargernya chargernya chargernyan
"harga bintang 5, spek bercanda","harga bintang 5, spek bercanda",harga bintang spesifikasi canda
kok gk review tecno camon 50 series sihh?,kok gk review tecno camon 50 series sihh?,kok tidak review tecno camon 50 series sihh
Buat ojol saran jangan pakai SAMSUNG,Buat ojol saran jangan pakai SAMSUNG,buat ojol saran jangan pakai samsung
A56s ini mah,A56s ini mah,a56s mah
Untuk ukuran harga segitu saya lebih milih Samsung s25 fe sih,Untuk ukuran harga segitu saya lebih milih Samsung s25 fe sih,ukur harga segitu lebih milih samsung s25 fe sih
"Samsu A57 ga jualan hardware, mereka jualan software…. Gw masih make A56, emang ga bokis kenyamanan pemakaian dan keamanan android cuma bisa ada di oppo…","Samsu A57 ga jualan hardware, mereka jualan software…. Gw masih make A56, emang ga bokis kenyamanan pemakaian dan keamanan android cuma bisa ada di oppo…",samsu a57 tidak jual hardware jual software gw masih make a56 emang tidak bokis nyaman pakai aman android cuma oppo
"Samsung A56s ini, jangan tutup mata buat usernya gada salah nya kritik sebuah brand apalgi ini Samsung brand gede. Dari A55, A16,25 bang David ga pernah stop bilang klo bezelnya masih bisa ditipisin. Tp apa? Tetep ga di gubris. Hp bukan tentang software aja hardware tetep harus dipikirin apalgi layar komponen yang langsung paling dirasakan","Samsung A56s ini, jangan tutup mata buat usernya gada salah nya kritik sebuah brand apalgi ini Samsung brand gede. Dari A55, A16,25 bang David ga pernah stop bilang klo bezelnya masih bisa ditipisin. Tp apa? Tetep ga di gubris. Hp bukan tentang software aja hardware tetep harus dipikirin apalgi layar komponen yang langsung paling dirasakan",samsung a56s jangan tutup mata buat usernya gada salah kritik brand apalgi samsung brand gede a55 a16 25 david tidak pernah stop bilang klo bezelnya masih ditipisin apa tetep tidak gubris handphone bukan tentang software hardware tetep harus dipikirin apalgi layar komponen langsung paling rasa
Coba poto matahari dan zoom 2 dan 4 x,Coba poto matahari dan zoom 2 dan 4 x,coba poto matahari zoom
Jualan ui,Jualan ui,jual ui
Masih adakah kemungkinan samsung keluarin hp yang ada audio jack nya?😂,Masih adakah kemungkinan samsung keluarin hp yang ada audio jack nya?😂,masih ada mungkin samsung keluarin handphone audio jack
mending A57 ata S24 FE?,mending A57 ata S24 FE?,mending a57 ata s24 fe
"Update a57 oke sih, tapi harga nya malah naik gila gilaan. Bener2 mending Poco sih ini mah","Update a57 oke sih, tapi harga nya malah naik gila gilaan. Bener2 mending Poco sih ini mah",update a57 oke sih harga malah naik gila gila bener2 mending poco sih mah
Samshit,Samshit,samshit
riview tecno camon 50 pro bang,riview tecno camon 50 pro bang,riview tecno camon 50 pro
Om kaosnya diendos ya..bagus2. Merk apa sih ? Thx,Om kaosnya diendos ya..bagus2. Merk apa sih ? Thx,om kaos diendos bagus2 merk apa sih thx
"Yg pake a 56 apakah sama kalau bikin status atau ngirim video di watsap suka burem , udah segala cara dilakukan tetap burem. Tapi kalau bikin status ig sama fb tetap jernih. Ada kah yg sama seperti saya?","Yg pake a 56 apakah sama kalau bikin status atau ngirim video di watsap suka burem , udah segala cara dilakukan tetap burem. Tapi kalau bikin status ig sama fb tetap jernih. Ada kah yg sama seperti saya?",pake 56 apakah sama bikin status ngirim video watsap suka burem segala cara laku tetap burem bikin status ig sama fb tetap jernih kah sama seperti
"Saya pake A54 masih nyaman sampe sekarang, bahkan gak tertarik buat upgrade😂
Ngerasa udah cukup aja sih, gada duit juga","Saya pake A54 masih nyaman sampe sekarang, bahkan gak tertarik buat upgrade😂 Ngerasa udah cukup aja sih, gada duit juga",pake a54 masih nyaman sampe sekarang bahkan tidak tarik buat upgrade ngerasa cukup sih gada duit juga
Camon 50 pro kapan,Camon 50 pro kapan,camon 50 pro kapan
Samsung terlalu pd jual nama doang😂 andai itu hp cina jelas di hujat😅,Samsung terlalu pd jual nama doang😂 andai itu hp cina jelas di hujat😅,samsung terlalu pd jual nama doang andai handphone cina jelas hujat
Review Infinix note 60 ultra dong min,Review Infinix note 60 ultra dong min,review infinix note 60 ultra dong min
Review tecno camon 50 pro 5G bang,Review tecno camon 50 pro 5G bang,review tecno camon 50 pro 5g
Hp gw paling terbaik udah samsung A55😂😂😂,Hp gw paling terbaik udah samsung A55😂😂😂,handphone gw paling baik samsung a55
"mantab samsung...
hargannya bikin sejuk",mantab samsung... hargannya bikin sejuk,mantab samsung hargannya bikin sejuk
"Masih pake Galaxy A52s. Performa masih bagus buat daily.
Cuma bodynya gk bertahan karena msh plastik smua.",Masih pake Galaxy A52s. Performa masih bagus buat daily. Cuma bodynya gk bertahan karena msh plastik smua.,masih pake galaxy a52s performa masih bagus buat daily cuma bodynya tidak tahan karena msh plastik smua
Buat fans samsung mendingan ambil a56 aj dah pasti jauh lebih murah dripada ini,Buat fans samsung mendingan ambil a56 aj dah pasti jauh lebih murah dripada ini,buat fans samsung mending ambil a56 aj dah pasti jauh lebih murah dripada
"3:10 Satu alasan ini saja sudah cukup, Bang, bagi para fanboy untuk tetap setia menjadikan HP ini sebagai yang paling populer di kelas mid-range!","3:10 Satu alasan ini saja sudah cukup, Bang, bagi para fanboy untuk tetap setia menjadikan HP ini sebagai yang paling populer di kelas mid-range!",10 satu alas cukup bagi para fanboy tetap setia jadi handphone bagai paling populer kelas mid range
"Kelemahannya seri A Samsoeng, harganya cepet banget jatuh, baru beli hp 6 juta, eh 3 bulan kemudian udah turun jadi 5 juta","Kelemahannya seri A Samsoeng, harganya cepet banget jatuh, baru beli hp 6 juta, eh 3 bulan kemudian udah turun jadi 5 juta",lemah seri samsoeng harga cepet banget jatuh baru beli handphone juta eh bulan kemudian turun jadi juta
Alhamdulillah sampai sekarang masih pakai Samsung Galaxy A54,Alhamdulillah sampai sekarang masih pakai Samsung Galaxy A54,alhamdulillah sampai sekarang masih pakai samsung galaxy a54
A52s hadir 🙋‍♂️,A52s hadir 🙋‍♂️,a52s hadir
Gw bersetubuh sama samsung sejak hp jadul ampe A56 5g 😆,Gw bersetubuh sama samsung sejak hp jadul ampe A56 5g 😆,gw tubuh sama samsung sejak handphone jadul ampe a56 5g
kak kalok di banding kan sama Redmi not 15 pro 5G gimana,kak kalok di banding kan sama Redmi not 15 pro 5G gimana,kak kalok banding kan sama redmi not 15 pro 5g gimana
"Bang david coba bahas samsung yang kena green line di layar,","Bang david coba bahas samsung yang kena green line di layar,",david coba bahas samsung kena green line layar
"Logika produsen hp:
Bikin hp dengan IP rating, tapi garansi hangus klo kemasukan cairan","Logika produsen hp: Bikin hp dengan IP rating, tapi garansi hangus klo kemasukan cairan",logika produsen handphone bikin handphone ip rating garansi hangus klo masuk cair
ini yang aku tungguin,ini yang aku tungguin,aku tungguin
Masih bagus A56 dari segi desainnya,Masih bagus A56 dari segi desainnya,masih bagus a56 segi desain
Temen w kemaren shock pas tanya harga samsung A57 di erafone 🤣,Temen w kemaren shock pas tanya harga samsung A57 di erafone 🤣,temen kemaren shock pas tanya harga samsung a57 erafone
Masih setia make samsung a52 😭,Masih setia make samsung a52 😭,masih setia make samsung a52
mending samsung s25 fe,mending samsung s25 fe,mending samsung s25 fe
Please review tecno camon 50,Please review tecno camon 50,please review tecno camon 50
"A55 blom Kebeli kluar lagi a57
Mudah² bisa kebeli s24😅",A55 blom Kebeli kluar lagi a57 Mudah² bisa kebeli s24😅,a55 blom kebel kluar lagi a57 mudah kebel s24
"Masih setia dengan A52,sebagai daily,😂","Masih setia dengan A52,sebagai daily,😂",masih setia a52 bagai daily
"Seperti biasa, baru worth setelah 1 atau 2 seri kedepannya rilis, makanya update software panjang.

Tapi memang apple dan samsung itu zona nyaman, usernya males bandingin sm brand lain malah membandingkan sm seri lama atau yg masih dipakai skrg.","Seperti biasa, baru worth setelah 1 atau 2 seri kedepannya rilis, makanya update software panjang. Tapi memang apple dan samsung itu zona nyaman, usernya males bandingin sm brand lain malah membandingkan sm seri lama atau yg masih dipakai skrg.",seperti biasa baru worth telah seri depan rilis makanya update software panjang memang apple samsung zona nyaman usernya males bandingin sama brand lain malah banding sama seri lama masih pakai skrg
"Mungkin samsung juga bingung mau upgrade apaan. Tipis2 dulu, tahun depan upgrade banyak lagi. Kaya A52S, A55","Mungkin samsung juga bingung mau upgrade apaan. Tipis2 dulu, tahun depan upgrade banyak lagi. Kaya A52S, A55",mungkin samsung juga bingung mau upgrade apa tipis2 dulu tahun depan upgrade banyak lagi kaya a52s a55
"Saya pake a56 pemakaian sehari hari enak,, cuma yg menurut saya kurang di perekaman vidio aja sih 4k 30fps ga enak banget, kalo mau 60fps harus turunin ke 1080p,, jaman sekarang video 30fps berasa kureng ga sih","Saya pake a56 pemakaian sehari hari enak,, cuma yg menurut saya kurang di perekaman vidio aja sih 4k 30fps ga enak banget, kalo mau 60fps harus turunin ke 1080p,, jaman sekarang video 30fps berasa kureng ga sih",pake a56 pakai hari hari enak cuma turut kurang rekam vidio sih 4k 30fps tidak enak banget mau 60fps harus turunin 1080p jaman sekarang video 30fps asa reng tidak sih
A52 gue belom rusak sama sekali bang 😂 kacau samsung bikin produk,A52 gue belom rusak sama sekali bang 😂 kacau samsung bikin produk,a52 gue bom rusak sama sekali kacau samsung bikin produk
Keknya skip dulu inimah terlalu santai tapi harga ngebut,Keknya skip dulu inimah terlalu santai tapi harga ngebut,kek skip dulu inimah terlalu santai harga ngebut
2026 gw masih pake S10+ njirrrr 🤣,2026 gw masih pake S10+ njirrrr 🤣,2026 gw masih pake s10 njirrrr
Bahas yang A37 5G nya bang david,Bahas yang A37 5G nya bang david,bahas a37 5g david
mohon doanya guys semoga kami sekeluarga di beri kesehatan panjang umur dan di murahkan rejekinya amin ya allah,mohon doanya guys semoga kami sekeluarga di beri kesehatan panjang umur dan di murahkan rejekinya amin ya allah,mohon doa guys moga kami keluarga beri sehat panjang umur murah rejekinya amin allah
Nonton masih pakai samsung a24 bang,Nonton masih pakai samsung a24 bang,nonton masih pakai samsung a24
Belum juga ke beli A56 sudah muncul A57 😂,Belum juga ke beli A56 sudah muncul A57 😂,belum juga beli a56 muncul a57
"menurut Q yg suka Samsung : aneh.
😂😂
desain sama, gtu² mulu, ky' gak mau mikir selera mata....
👎🏾","menurut Q yg suka Samsung : aneh. 😂😂 desain sama, gtu² mulu, ky' gak mau mikir selera mata.... 👎🏾",turut suka samsung aneh desain sama gtu mulu ky tidak mau mikir selera mata
gue ada punya samsung a35 menurut aku sih sama aja kameranya 😂,gue ada punya samsung a35 menurut aku sih sama aja kameranya 😂,gue punya samsung a35 turut aku sih sama kamera
"jujur overprice bgt nih hp, apalagi peningkatan dari a56 cuman beda tipis","jujur overprice bgt nih hp, apalagi peningkatan dari a56 cuman beda tipis",jujur overprice banget nih handphone apalagi tingkat a56 cuman beda tipis
"Dulu gw pemakai samsu, sekarang gw udah pake oppo dan realme, krn lebih worth it dan awet😊","Dulu gw pemakai samsu, sekarang gw udah pake oppo dan realme, krn lebih worth it dan awet😊",dulu gw pakai samsu sekarang gw pake oppo realme karena lebih bagus awet
"Setelah di review, di harga segitu mending s25 fe😅","Setelah di review, di harga segitu mending s25 fe😅",telah review harga segitu mending s25 fe
"Deal breaker : 
- Tidak ada micro SD",Deal breaker : - Tidak ada micro SD,deal breaker tidak micro sd
Sampe saat ini masih nyaman sama seri A terutama saat ini masih pake A54 dari awal rilis dan masih nunggu seri A5(sekian) yg dirasa upgrade nya bagus (btw tambahan kartu sd nya di kasih lagi dong hehehe),Sampe saat ini masih nyaman sama seri A terutama saat ini masih pake A54 dari awal rilis dan masih nunggu seri A5(sekian) yg dirasa upgrade nya bagus (btw tambahan kartu sd nya di kasih lagi dong hehehe),sampe saat masih nyaman sama seri utama saat masih pake a54 awal rilis masih nunggu seri a5 sekian rasa upgrade bagus btw tambah kartu sd kasih lagi dong hehehe
a55 bisa 60fps bang,a55 bisa 60fps bang,a55 60fps
sama poco x8 pro bagus mana ?,sama poco x8 pro bagus mana ?,sama poco x8 pro bagus mana
Bang coba aduin HP poco x8 Promachus vs iqoo 15r,Bang coba aduin HP poco x8 Promachus vs iqoo 15r,coba aduin handphone poco x8 promachus vs iqoo 15r
Nama besar samsung. Ga akan goyah😢😢😢 secara global user😅😅,Nama besar samsung. Ga akan goyah😢😢😢 secara global user😅😅,nama besar samsung tidak akan goyah cara global user
gw gak pernah beli samsul,gw gak pernah beli samsul,gw tidak pernah beli samsul
"Prosesor menjijikan, suhu panass buangett 48% menjijikan, kamera biasa aja, dan yg paling MENJIJIKANN, hargax 6jtaan ram 8/128,  woooiiiii terus pede aja dgn hp MENJIJIKAN KALIANNN, liat brand lain udh jauhh upgradex dgn hrga segitu hp menjijikannn😂😂😂","Prosesor menjijikan, suhu panass buangett 48% menjijikan, kamera biasa aja, dan yg paling MENJIJIKANN, hargax 6jtaan ram 8/128, woooiiiii terus pede aja dgn hp MENJIJIKAN KALIANNN, liat brand lain udh jauhh upgradex dgn hrga segitu hp menjijikannn😂😂😂",prosesor jijik suhu panass buangett 48 jijik kamera biasa paling menjijikann hargax 6jtaan ram 128 woooiiiii terus pede dgn handphone jijik kaliannn liat brand lain jauhh upgradex dgn hrga segitu handphone menjijikannn
Daripada bodi di tipisin mendingan batre di gedein dikit,Daripada bodi di tipisin mendingan batre di gedein dikit,daripada bodi tipisin mending batre gedein dikit
1 bulan kedepan datang a58,1 bulan kedepan datang a58,bulan depan datang a58
upgrade yang paling berasa adalah harga,upgrade yang paling berasa adalah harga,upgrade paling asa harga
"di 2026 lu punya kamera makro 5MP, WOooooooOW","di 2026 lu punya kamera makro 5MP, WOooooooOW",2026 lu punya kamera makro 5mp woooooooow
Bang coba bikinn vidio hp felksip lama merek apa aja bg yg bagus,Bang coba bikinn vidio hp felksip lama merek apa aja bg yg bagus,coba bikinn vidio handphone felksip lama merek apa bg bagus
8999 dpt 13 baru😂 kamera ngk ush d lwan😂,8999 dpt 13 baru😂 kamera ngk ush d lwan😂,8999 dapat 13 baru kamera ngk ush lwan
Kirain bakal bawa batre 7000.  Kamera utama 200mp. Kamera telephoto 50mp. Fast charging 80watt atau 100watt.  Masih main kamera makro 5mp. Kamera depan 12mp lg.  Untung dah beli vivo v70😂,Kirain bakal bawa batre 7000. Kamera utama 200mp. Kamera telephoto 50mp. Fast charging 80watt atau 100watt. Masih main kamera makro 5mp. Kamera depan 12mp lg. Untung dah beli vivo v70😂,kirain bakal bawa batre 7000 kamera utama 200mp kamera telephoto 50mp fast charging 80watt 100watt masih main kamera makro 5mp kamera depan 12mp lg untung dah beli vivo v70
samsung A35 gw oled bleed,samsung A35 gw oled bleed,samsung a35 gw oled bleed
Nonton pake tablet samsunng s7+❤,Nonton pake tablet samsunng s7+❤,nonton pake tablet samsunng s7
Mending poco x8 pro max dari performa jauh banget,Mending poco x8 pro max dari performa jauh banget,mending poco x8 pro max performa jauh banget
"gw yg hape udah kurleb 4 tahun ga ganti, tetep aja tertarik sama A57, lah klo yg udha beli A56 ngapain juga mikir buat beli A57","gw yg hape udah kurleb 4 tahun ga ganti, tetep aja tertarik sama A57, lah klo yg udha beli A56 ngapain juga mikir buat beli A57",gw hape kurleb tahun tidak ganti tetep tarik sama a57 lah klo udha beli a56 ngapain juga mikir buat beli a57
agak curiga ini seri A5 sebagai seri perkenalan sebelum ke flagship mereka buat yang ga pernah nyoba samsung. jadi upgradenya ga banyak2 banget tiap ada seri A5 terbaru,agak curiga ini seri A5 sebagai seri perkenalan sebelum ke flagship mereka buat yang ga pernah nyoba samsung. jadi upgradenya ga banyak2 banget tiap ada seri A5 terbaru,agak curiga seri a5 bagai seri kenal belum flagship buat tidak pernah nyoba samsung jadi upgradenya tidak banyak2 banget tiap seri a5 baru
"Ya Allah poco x 7-8  series atau f 6-8 series aamiin
. Gadget sekarang rednote 8 😢😂",Ya Allah poco x 7-8 series atau f 6-8 series aamiin . Gadget sekarang rednote 8 😢😂,allah poco series series aamiin gadget sekarang rednote
"setelah 5th pake samsung A52s akhirnya ganti ke poco x8 pro 12/512 dengan harga 5,5","setelah 5th pake samsung A52s akhirnya ganti ke poco x8 pro 12/512 dengan harga 5,5",telah 5th pake samsung a52s akhir ganti poco x8 pro 12 512 harga
"Masih ada yg pake samsung M22 ga? Gue masih pake nih. Wkwkwkk... pake dari 2022 batery nya sdh mudah habis,di cas 90% main in paling ga sampe 1 jam udah sisa 70an %. Udah pernah ngelag juga. Kameranya juga menurun","Masih ada yg pake samsung M22 ga? Gue masih pake nih. Wkwkwkk... pake dari 2022 batery nya sdh mudah habis,di cas 90% main in paling ga sampe 1 jam udah sisa 70an %. Udah pernah ngelag juga. Kameranya juga menurun",masih pake samsung m22 tidak gue masih pake nih wkwkwkk pake 2022 batery sdh mudah habis cas 90 main in paling tidak sampe jam sisa 70an pernah ngelag juga kamera juga turun
"Kl ip yg bagus seri ganjil, kl samsung A yg genap😅","Kl ip yg bagus seri ganjil, kl samsung A yg genap😅",kl ip bagus seri ganjil kl samsung genap
samsung itu susah rusak jadi enak,samsung itu susah rusak jadi enak,samsung susah rusak jadi enak
"masih pakai a52s 5G, berkat video mas"" dapit ini. jadi tidak minat update samsung lagi. awkwakwakwakwa. di tunggu lagi tahun depan dengan A58nya. semoga hipenya sama kaya a52s","masih pakai a52s 5G, berkat video mas"" dapit ini. jadi tidak minat update samsung lagi. awkwakwakwakwa. di tunggu lagi tahun depan dengan A58nya. semoga hipenya sama kaya a52s",masih pakai a52s 5g berkat video mas dapit jadi tidak minat update samsung lagi awkwakwakwakwa tunggu lagi tahun depan a58nya moga hipenya sama kaya a52s
"5:30 exynos mulu 😑
Masih bertahan di a52 nih",5:30 exynos mulu 😑 Masih bertahan di a52 nih,30 exynos mulu masih tahan a52 nih
"Tapi memang Samsung itu Apple nya android, gw pernah dan sering pinjem Samsung A55 temen buat sekedar take video atau main game dan feel sekaligus sugesti pas pegang hp samsung A-S series tuh seakan² lu orang ""berduit"" dan ada daya tarik tersendiri

Walaupun gw sekarang pakai IQOO 15 tetep aja menurut gw Samsung A series itu gw rekomenin ke orang yang pengen android tapi dengan tanda kutip ""cukup"" untuk pemakaian sehari² dan ga berlebihan, biasanya yg pakek Samsung A series tuh antara Gen-Z cewek atau Boomers stylish yang suka barang² clean and luxurious.

Cuma ya performa ga bisa bohong, gw mainin 4 game berat di IQOO 15 (Genshin, Wuwa, ZZZ, Enfield) pengalaman main smooth parah, sedangkan Genshin rata kanan di A55 avg fps cuma di angka 30-45 itupun kondisinya udah throttling","Tapi memang Samsung itu Apple nya android, gw pernah dan sering pinjem Samsung A55 temen buat sekedar take video atau main game dan feel sekaligus sugesti pas pegang hp samsung A-S series tuh seakan² lu orang ""berduit"" dan ada daya tarik tersendiri Walaupun gw sekarang pakai IQOO 15 tetep aja menurut gw Samsung A series itu gw rekomenin ke orang yang pengen android tapi dengan tanda kutip ""cukup"" untuk pemakaian sehari² dan ga berlebihan, biasanya yg pakek Samsung A series tuh antara Gen-Z cewek atau Boomers stylish yang suka barang² clean and luxurious. Cuma ya performa ga bisa bohong, gw mainin 4 game berat di IQOO 15 (Genshin, Wuwa, ZZZ, Enfield) pengalaman main smooth parah, sedangkan Genshin rata kanan di A55 avg fps cuma di angka 30-45 itupun kondisinya udah throttling",memang samsung apple android gw pernah sering pinjem samsung a55 temen buat dar take video main game feel sekaligus sugesti pas pegang handphone samsung series tuh akan lu orang duit daya tarik sendiri walaupun gw sekarang pakai iqoo 15 tetep turut gw samsung series gw rekomenin orang ken android tanda kutip cukup pakai hari tidak lebih biasa pakek samsung series tuh antara gen cewek boomers stylish suka barang clean and luxurious cuma performa tidak bohong gw mainin game berat iqoo 15 genshin wuwa zzz enfield alam main smooth parah sedang genshin rata kanan a55 avg fps cuma angka 30 45 itu kondisi throttling
Saya pilih ini karena di harga yang setara tidak ada yang punya video kamera ultrawide sebaik ini. Oppo vivo mentok di 1080p saja di ultrawide..xiaomi bisa 4k tapi hasilnya kacau. mesin getar speaker juga mantap apalagi one ui.,Saya pilih ini karena di harga yang setara tidak ada yang punya video kamera ultrawide sebaik ini. Oppo vivo mentok di 1080p saja di ultrawide..xiaomi bisa 4k tapi hasilnya kacau. mesin getar speaker juga mantap apalagi one ui.,pilih karena harga tara tidak punya video kamera ultrawide baik oppo vivo mentok 1080p ultrawide xiaomi 4k hasil kacau mesin getar speaker juga mantap apalagi one ui
mungkin gegara review ini ... a57 tidak akan terlalu laris di pasaran...,mungkin gegara review ini ... a57 tidak akan terlalu laris di pasaran...,mungkin gegara review a57 tidak akan terlalu laris pasar
biasa ja pdhl ni hp,biasa ja pdhl ni hp,biasa ja pdhl ni handphone
Bahas iphone 17e bang,Bahas iphone 17e bang,bahas iphone 17e
Kyk nya disegmen ini lebih nyaman beli realme 16 pro+ atau vivo v70 deh,Kyk nya disegmen ini lebih nyaman beli realme 16 pro+ atau vivo v70 deh,kyk segmen lebih nyaman beli realme 16 pro vivo v70 deh
"Kalu saya masih setia sama Galaxy A55 yang udah aku pake setengah tahun (baru beli Oktober tahun lalu). Karena HP yang aku pegang sekarang masih ada SD Card Slot. Kalo aku upgrade ke A57, auto nganggur Micro SD Card-nya karena gak ada slotnya.","Kalu saya masih setia sama Galaxy A55 yang udah aku pake setengah tahun (baru beli Oktober tahun lalu). Karena HP yang aku pegang sekarang masih ada SD Card Slot. Kalo aku upgrade ke A57, auto nganggur Micro SD Card-nya karena gak ada slotnya.",kalu masih setia sama galaxy a55 aku pake tengah tahun baru beli oktober tahun lalu karena handphone aku pegang sekarang masih sd card slot aku upgrade a57 auto nganggur micro sd card karena tidak slotnya
A56 discontinue secepatnya.  A57 giliran ngegas...,A56 discontinue secepatnya. A57 giliran ngegas...,a56 discontinue cepat a57 gilir ngegas
ternyata udah suporrt eSIm untuk A57 5G varian 12+256,ternyata udah suporrt eSIm untuk A57 5G varian 12+256,nyata suporrt esim a57 5g varian 12 256
Larang,Larang,larang
a56s ini,a56s ini,a56s
Coba A57 vs poco X8 promax bang,Coba A57 vs poco X8 promax bang,coba a57 vs poco x8 promax
baca komen auto skip,baca komen auto skip,baca komen auto skip
nunggu rusak samsung m21 beli tahun 2020 ... baru nyari hp samsung baru....😂,nunggu rusak samsung m21 beli tahun 2020 ... baru nyari hp samsung baru....😂,nunggu rusak samsung m21 beli tahun 2020 baru nyari handphone samsung baru
Saya fans boy samsung semenjak KNet saya pindah saja ke Vivo V series lebih mantap,Saya fans boy samsung semenjak KNet saya pindah saja ke Vivo V series lebih mantap,fans boy samsung semenjak knet pindah vivo series lebih mantap
"Akhirnya, sekian Sabar nungguin Reviewnya Bang David buat bahas Galaxy A57 🎉","Akhirnya, sekian Sabar nungguin Reviewnya Bang David buat bahas Galaxy A57 🎉",akhir sekian sabar nungguin reviewnya david buat bahas galaxy a57
Dulu pengan bangat beli A55 karna duit ga cukup akhirna beli M15 ehh tau tau sekarang sudah muncul aja A57 😂,Dulu pengan bangat beli A55 karna duit ga cukup akhirna beli M15 ehh tau tau sekarang sudah muncul aja A57 😂,dulu kan bangat beli a55 karna duit tidak cukup akhirna beli m15 ehh tau tau sekarang muncul a57
"Info dong bang android terbaru yg layar kecil, yg enak di saku, pakai 6"" up kurang nyaman","Info dong bang android terbaru yg layar kecil, yg enak di saku, pakai 6"" up kurang nyaman",info dong android baru layar kecil enak saku pakai up kurang nyaman
andai backdoor nya dibikin doff kaya di s25 fe🤔,andai backdoor nya dibikin doff kaya di s25 fe🤔,andai backdoor bikin doff kaya s25 fe
"Masih setia sama A54, sampe sekarang masih lancar jayaa","Masih setia sama A54, sampe sekarang masih lancar jayaa",masih setia sama a54 sampe sekarang masih lancar jayaa
> #7.3K. udah byk aja yg nyimak.. hehee,> #7.3K. udah byk aja yg nyimak.. hehee,3k byk nyimak hehee
A57 nyantai apa kaga niat nih?,A57 nyantai apa kaga niat nih?,a57 nyantai apa kaga niat nih
jujur kureng sih,jujur kureng sih,jujur reng sih
A57 b ajh,A57 b ajh,a57 ajh
"Seneng banget, aku dari dulu pakai Samsung terus hp kedua pakai Iphone buat vidio grafi","Seneng banget, aku dari dulu pakai Samsung terus hp kedua pakai Iphone buat vidio grafi",neng banget aku dulu pakai samsung terus handphone dua pakai iphone buat vidio graf
Exynos skip,Exynos skip,exynos skip
"Samsung tuh awet bgt, dan skrg tuh samsung ga perlu beli tiap tahun, krn sofrwarenya bisa update trs..","Samsung tuh awet bgt, dan skrg tuh samsung ga perlu beli tiap tahun, krn sofrwarenya bisa update trs..",samsung tuh awet banget skrg tuh samsung tidak perlu beli tiap tahun karena sofrwarenya update trs
Saya suka samsung karena update software android panjang jadi gk sering ganti hp. Bisa buat jangka panjang.,Saya suka samsung karena update software android panjang jadi gk sering ganti hp. Bisa buat jangka panjang.,suka samsung karena update software android panjang jadi tidak sering ganti handphone buat jangka panjang
"Berarti samsung A55 sampai sekarang tetep masih worth it ❤ upgradenya nanggung kalau ke A57, mending ke S25FE sekalian berarti...","Berarti samsung A55 sampai sekarang tetep masih worth it ❤ upgradenya nanggung kalau ke A57, mending ke S25FE sekalian berarti...",arti samsung a55 sampai sekarang tetep masih bagus upgradenya nanggung a57 mending s25fe sekali arti
"Sayang banget samsung hilangin seru A6x, kan bisa jadi A67","Sayang banget samsung hilangin seru A6x, kan bisa jadi A67",sayang banget samsung hilangin seru a6x kan jadi a67
Lebih wajar di jual 5 jutaan😅😅😅,Lebih wajar di jual 5 jutaan😅😅😅,lebih wajar jual juta
"Request review sharp Aquos sense 10 , 1 1 nya hp compact di midrange","Request review sharp Aquos sense 10 , 1 1 nya hp compact di midrange",request review sharp aquos sense 10 handphone compact midrange
Di ayam2in poco ini mah,Di ayam2in poco ini mah,ayam2in poco mah
Gila hp Iqoo z10R jadi 5Juta sekarang🥲🥲,Gila hp Iqoo z10R jadi 5Juta sekarang🥲🥲,gila handphone iqoo z10r jadi 5juta sekarang
Aku Hanya Pakai Samsung Galaxi A33 Lumayanlah Walau Nggak Mahal,Aku Hanya Pakai Samsung Galaxi A33 Lumayanlah Walau Nggak Mahal,aku hanya pakai samsung galaxi a33 lumayan walau tidak mahal
A51 masi kepake..😂,A51 masi kepake..😂,a51 mas kepake
Sebagus designnya tetap seri A kelas midrange 😅😅😅,Sebagus designnya tetap seri A kelas midrange 😅😅😅,bagus designnya tetap seri kelas midrange
percayalah better ambil s24fe dengan harga segitu,percayalah better ambil s24fe dengan harga segitu,percaya better ambil s24fe harga segitu
Untung Poco x8 pro udh launcing jadi ketauan harus pilih yang mana 😅,Untung Poco x8 pro udh launcing jadi ketauan harus pilih yang mana 😅,untung poco x8 pro launcing jadi tau harus pilih mana
"Masih nyaman pake A55..
Mikirin hp mah gak ada habisnya 😂",Masih nyaman pake A55.. Mikirin hp mah gak ada habisnya 😂,masih nyaman pake a55 mikirin handphone mah tidak habis
"genshin medium 48 itu panas woi, bukan agak lagi","genshin medium 48 itu panas woi, bukan agak lagi",genshin medium 48 panas woi bukan agak lagi
Lagi nunggu Poco x8 promax di riwiu,Lagi nunggu Poco x8 promax di riwiu,lagi nunggu poco x8 promax riwiu
"A54 masih worth it, bagi yg ga cukup duit buat upgrade","A54 masih worth it, bagi yg ga cukup duit buat upgrade",a54 masih bagus bagi tidak cukup duit buat upgrade
Kagak jdi bli ah kemhalan,Kagak jdi bli ah kemhalan,kagak jdi bli ah kemhalan
tapi kan.. tapi kan.. kata Abng David Hindari seri A 😭,tapi kan.. tapi kan.. kata Abng David Hindari seri A 😭,kan kan kata abng david hindar seri
alhamdulillah walaupun cma A55😁,alhamdulillah walaupun cma A55😁,alhamdulillah walaupun cma a55
User seri A: Kami butuh slot micro sd,User seri A: Kami butuh slot micro sd,user seri kami butuh slot micro sd
"Sayang mikro sd nya😅, aku pakai a 55 yg ada micro sd nya, kamera dan bodynya sama dengan a 55","Sayang mikro sd nya😅, aku pakai a 55 yg ada micro sd nya, kamera dan bodynya sama dengan a 55",sayang mikro sd aku pakai 55 micro sd kamera bodynya sama 55
"dr dl overprice , yg beli jg gaptek , cm mentingin merek doang 😂😂","dr dl overprice , yg beli jg gaptek , cm mentingin merek doang 😂😂",dl overprice beli juga gaptek cm mentingin merek doang
Gak flagship gk midrange mager bngt ini samsung. . Gk ada hal yg upgrade yg wow. .,Gak flagship gk midrange mager bngt ini samsung. . Gk ada hal yg upgrade yg wow. .,tidak flagship tidak midrange mager bngt samsung tidak hal upgrade wow
Sampe ngantuk si david 😅,Sampe ngantuk si david 😅,sampe ngantuk si david
"Dulu aku gk suka samsung, sukaku sony sama iPhone, berhubung dah gk ada sony, samsung apapun itu lebih mending dibeli daripada hp China,,, sampe kapanpun hp cina menang spek doang, tapi durabilitas nya rendah, batrei melembung, kamera ngeblur, layar kedip2, tombol volume ambles, speaker pelan/atau pecah setelah pakai 1 tahun, beda sama samsung dan iphone, bandel","Dulu aku gk suka samsung, sukaku sony sama iPhone, berhubung dah gk ada sony, samsung apapun itu lebih mending dibeli daripada hp China,,, sampe kapanpun hp cina menang spek doang, tapi durabilitas nya rendah, batrei melembung, kamera ngeblur, layar kedip2, tombol volume ambles, speaker pelan/atau pecah setelah pakai 1 tahun, beda sama samsung dan iphone, bandel",dulu aku tidak suka samsung suka sony sama iphone hubung dah tidak sony samsung apa lebih mending beli daripada handphone china sampe kapan handphone cina menang spesifikasi doang durabilitas rendah batrei lembung kamera ngeblur layar kedip2 tombol volume ambles speaker pelan pecah telah pakai tahun beda sama samsung iphone bandel
hpnya sekilas terkesan panjang ya,hpnya sekilas terkesan panjang ya,hpnya kilas kes panjang
Sebagai pengguna a55 mending up di seri s25fe diharga segitu,Sebagai pengguna a55 mending up di seri s25fe diharga segitu,bagai guna a55 mending up seri s25fe harga segitu
Modelnya sama aja ga ada prubahan yg brarti dari model luarnya….paling cuma ram sama gb yg brubah…. Lainnya sama. Nanti a58. A 59 a60 juga sama aja  ga worth it. Mending type S aja kalo mau beda,Modelnya sama aja ga ada prubahan yg brarti dari model luarnya….paling cuma ram sama gb yg brubah…. Lainnya sama. Nanti a58. A 59 a60 juga sama aja ga worth it. Mending type S aja kalo mau beda,model sama tidak prubahan brarti model luar paling cuma ram sama gb brubah lain sama nanti a58 59 a60 juga sama tidak bagus mending type mau beda
rekomendasi hp 5jt-an buat ngonten bang,rekomendasi hp 5jt-an buat ngonten bang,rekomendasi handphone 5jt an buat ngonten
Kertas contekan nya terlalu sarkas 🤣,Kertas contekan nya terlalu sarkas 🤣,kertas contek terlalu sarkas
"alhamdulillah udah beli
A07",alhamdulillah udah beli A07,alhamdulillah beli a07
"Mungkin dengan harga chipset tahun ini yang lagi gila + samsung tiap tahun harus update terbaru, jadi mau gamau di ngeluarin hp yang cuma upgrade minor aja, karna kalo update chipset yang terbaru yang lebih cepet dari tahun lalu mungkin harganya bisa nyentuh 10an untuk kelas mid","Mungkin dengan harga chipset tahun ini yang lagi gila + samsung tiap tahun harus update terbaru, jadi mau gamau di ngeluarin hp yang cuma upgrade minor aja, karna kalo update chipset yang terbaru yang lebih cepet dari tahun lalu mungkin harganya bisa nyentuh 10an untuk kelas mid",mungkin harga chipset tahun lagi gila samsung tiap tahun harus update baru jadi mau gamau ngeluarin handphone cuma upgrade minor karna update chipset baru lebih cepet tahun lalu mungkin harga nyentuh 10an kelas mid
"Hrga meningkat, upgrade kurang jos 😂","Hrga meningkat, upgrade kurang jos 😂",hrga tingkat upgrade kurang jos
"Saya pake A52
Sudah 5 tahun macam beda² tipis saja updatenya A series ini 😂",Saya pake A52 Sudah 5 tahun macam beda² tipis saja updatenya A series ini 😂,pake a52 tahun macam beda tipis updatenya series
senyum-senyum nonton pake A56,senyum-senyum nonton pake A56,senyum senyum nonton pake a56
Sya mah awet sma samsung a30 aja nih😊😊😊,Sya mah awet sma samsung a30 aja nih😊😊😊,sya mah awet sma samsung a30 nih
"Ke apa si seri A, sllu ada ziper ny di camera video..apalgi klo mlm hari, kelohatan bgt, kpn sih bisa sebanding dgn kamera iphone","Ke apa si seri A, sllu ada ziper ny di camera video..apalgi klo mlm hari, kelohatan bgt, kpn sih bisa sebanding dgn kamera iphone",apa si seri sllu ziper ny camera video apalgi klo mlm hari kelohatan banget kpn sih banding dgn kamera iphone
Yang masih pakek A51 2020  nyimak 😂,Yang masih pakek A51 2020 nyimak 😂,masih pakek a51 2020 nyimak
videonya kedut2,videonya kedut2,video kedut2
Nunggu A90,Nunggu A90,nunggu a90
S25 FE tipe termurah nyimak,S25 FE tipe termurah nyimak,s25 fe tipe murah nyimak
masih stay di A55 hp terkahir seri A samsung yg make slot sd card ya 😅,masih stay di A55 hp terkahir seri A samsung yg make slot sd card ya 😅,masih stay a55 handphone terkahir seri samsung make slot sd card
"Gua suka foto-foto hal random suka bikin vidio bukan untuk kebutuhan konten cuman untuk mengabadikan momen bersama keluarga dan pasangan, kira-kira ambil hp apa ya dengan buget 5 jt? Yang kameranya bagus dan vidionya stabil🙏 mau ambil tecno camon 50 pro takut ada yang lebih bagus dari itu","Gua suka foto-foto hal random suka bikin vidio bukan untuk kebutuhan konten cuman untuk mengabadikan momen bersama keluarga dan pasangan, kira-kira ambil hp apa ya dengan buget 5 jt? Yang kameranya bagus dan vidionya stabil🙏 mau ambil tecno camon 50 pro takut ada yang lebih bagus dari itu",gua suka foto foto hal random suka bikin vidio bukan butuh konten cuman abadi momen sama keluarga pasang kira kira ambil handphone apa buget jt kamera bagus vidionya stabil mau ambil tecno camon 50 pro takut lebih bagus
"KALO UPGRADE NYA DIKIT GINI MAH YA SAMA AJA , lebih cocok jadi  sebutan A56s Atau A56 Pro😂😂","KALO UPGRADE NYA DIKIT GINI MAH YA SAMA AJA , lebih cocok jadi sebutan A56s Atau A56 Pro😂😂",upgrade dikit gin mah sama lebih cocok jadi sebut a56s a56 pro
"Cuman sayangnya pas ngecas kadang masuk kadang gak, harus di goyang"" baru masuk, kebanyakan seri a bermasalah di bagian port chargingnya, saya pake a71 & a55 penyakitnya sama, pemakaian 2,5 tahun baru muncul","Cuman sayangnya pas ngecas kadang masuk kadang gak, harus di goyang"" baru masuk, kebanyakan seri a bermasalah di bagian port chargingnya, saya pake a71 & a55 penyakitnya sama, pemakaian 2,5 tahun baru muncul",cuman sayang pas ngecas kadang masuk kadang tidak harus goyang baru masuk banyak seri masalah bagi port chargingnya pake a71 a55 sakit sama pakai tahun baru muncul
"Wajar aj samsung bisa punya upgrade software panjang smpe 6 tahun, soalny upgrade hardware seri terbaru beda tipis sama seri sebelumny, beda dgn hp cina cuma punya upgrade 3-4 tahun aj, soalny tiap seri terbaru punya lonjakan upgrade yg besar","Wajar aj samsung bisa punya upgrade software panjang smpe 6 tahun, soalny upgrade hardware seri terbaru beda tipis sama seri sebelumny, beda dgn hp cina cuma punya upgrade 3-4 tahun aj, soalny tiap seri terbaru punya lonjakan upgrade yg besar",wajar aj samsung punya upgrade software panjang smpe tahun soalny upgrade hardware seri baru beda tipis sama seri sebelumny beda dgn handphone cina cuma punya upgrade tahun aj soalny tiap seri baru punya lonjak upgrade besar
"Udh co, dapat diskon menarik","Udh co, dapat diskon menarik",co dapat diskon tarik
"Di saat A57 baru kelaur, gw nonton video ini masih setia pake A51","Di saat A57 baru kelaur, gw nonton video ini masih setia pake A51",saat a57 baru laur gw nonton video masih setia pake a51
"Pengen Beli Juga, kemarin beli yang A55
pengguna samsung","Pengen Beli Juga, kemarin beli yang A55 pengguna samsung",ken beli juga kemarin beli a55 guna samsung
"baru seminggu gue dibeliin sm suami hp a57 12/256 dgn harga 7.8jt, udah dapat garansi hp 2 tahun, garansi anti gores 1 tahun dalam 10 kali ganti, udh dpt kepala carger + casing + anti gores yg gue blg di atas.
kalo ditanya ko bisa dpt harga segitu. iya guys gue lgsg beli di samsung store nya langsung dideket rumah mertua gue daerah jaksel radio dalam. harga aslinya 9jtan, knp bisa jdi 7.8. gue dpt casback guys dan harga promo. dan ditambah lgi gue byr pke debit dikasih casback juga 500 rb wkwk kan mayan ya.. kata mbak nya baru keluar dan lg promo cuma dibulan ini aja wkwk😂 niat pgn beli a56 tapi sama suami dibeliin a57:v
aslinya dikasih pilihan mau hndset blutut samsung dgn hrga 700 sekian hampir 800 atau kepala carger, cas,anti gores, yauda dong gue pilih ke 3 itu, carger kepala samsung 300 lebih, cas hp 300 lebih,  dan dapat garansi anti gores dalam 1 taun 10x ganti wkwk dan garansi hp 2 tahun. dan lebih enaknya dapat casback 50% klo beli aksesoris di tmpt gue beli hp nya di samsung store, tp hanya berlaku untuk 1x beli aksesoris ya guyss..
dgn harga segitu kira kira wort it ga ? wkwkwk","baru seminggu gue dibeliin sm suami hp a57 12/256 dgn harga 7.8jt, udah dapat garansi hp 2 tahun, garansi anti gores 1 tahun dalam 10 kali ganti, udh dpt kepala carger + casing + anti gores yg gue blg di atas. kalo ditanya ko bisa dpt harga segitu. iya guys gue lgsg beli di samsung store nya langsung dideket rumah mertua gue daerah jaksel radio dalam. harga aslinya 9jtan, knp bisa jdi 7.8. gue dpt casback guys dan harga promo. dan ditambah lgi gue byr pke debit dikasih casback juga 500 rb wkwk kan mayan ya.. kata mbak nya baru keluar dan lg promo cuma dibulan ini aja wkwk😂 niat pgn beli a56 tapi sama suami dibeliin a57:v aslinya dikasih pilihan mau hndset blutut samsung dgn hrga 700 sekian hampir 800 atau kepala carger, cas,anti gores, yauda dong gue pilih ke 3 itu, carger kepala samsung 300 lebih, cas hp 300 lebih, dan dapat garansi anti gores dalam 1 taun 10x ganti wkwk dan garansi hp 2 tahun. dan lebih enaknya dapat casback 50% klo beli aksesoris di tmpt gue beli hp nya di samsung store, tp hanya berlaku untuk 1x beli aksesoris ya guyss.. dgn harga segitu kira kira wort it ga ? wkwkwk",baru minggu gue dibeliin sama suami handphone a57 12 256 dgn harga 8jt dapat garansi handphone tahun garansi anti gores tahun dalam 10 kali ganti dapat kepala carger casing anti gores gue blg atas tanya ko dapat harga segitu iya guys gue lgsg beli samsung store langsung dideket rumah mertua gue daerah jaksel radio dalam harga asli 9jtan knp jdi gue dapat casback guys harga promo tambah lgi gue byr pke debit kasih casback juga 500 rb wkwk kan mayan kata mbak baru keluar lg promo cuma bulan wkwk niat pgn beli a56 sama suami dibeliin a57 asli kasih pilih mau hndset blutut samsung dgn hrga 700 sekian hampir 800 kepala carger cas anti gores yauda dong gue pilih carger kepala samsung 300 lebih cas handphone 300 lebih dapat garansi anti gores dalam taun 10x ganti wkwk garansi handphone tahun lebih enak dapat casback 50 klo beli aksesoris tmpt gue beli handphone samsung store hanya laku 1x beli aksesoris guyss dgn harga segitu kira kira wort it tidak wkwkwk
masih pake A53 🗿,masih pake A53 🗿,masih pake a53
"So'al signal gmna bang?
Bnyak yg ngeluh masalah jaringan wifi,provider kurang respon.
Di samsung.","So'al signal gmna bang? Bnyak yg ngeluh masalah jaringan wifi,provider kurang respon. Di samsung.",so al signal gmna bnyak ngeluh masalah jaring wifi provider kurang respon samsung
Nonton ini pake hp a52s 😊,Nonton ini pake hp a52s 😊,nonton pake handphone a52s
Wkwk.. akhirnya A57 dimendingin dgn S25 FE.. emng gak salah udh beli S25 FE sminggu yg lalu 😊,Wkwk.. akhirnya A57 dimendingin dgn S25 FE.. emng gak salah udh beli S25 FE sminggu yg lalu 😊,wkwk akhir a57 dingin dgn s25 fe emng tidak salah beli s25 fe sminggu lalu
Samsung ui nya nyaman dan security update nya lama..,Samsung ui nya nyaman dan security update nya lama..,samsung ui nyaman security update lama
Nunggu harga terjun bebas dulu kalo mau ambil😅,Nunggu harga terjun bebas dulu kalo mau ambil😅,nunggu harga terjun bebas dulu mau ambil
Masih setia dg A54 5G👍,Masih setia dg A54 5G👍,masih setia dg a54 5g
"bang, saya yg kelewatan atau memang ngga bahas huawei band 11 series ya?","bang, saya yg kelewatan atau memang ngga bahas huawei band 11 series ya?",lewat memang ngga bahas huawei band 11 series
"Anjir,suhu pas main game berat bisa tembus sampai 47-48 derajat.Semakin mendekatkan diri ke green line","Anjir,suhu pas main game berat bisa tembus sampai 47-48 derajat.Semakin mendekatkan diri ke green line",anjir suhu pas main game berat tembus sampai 47 48 derajat makin dekat diri green line
infokan wallpaper nya bang,infokan wallpaper nya bang,info wallpaper
"Dari dlu emang seri A5 itu upgrade nya secuil trus, terutama chipset, hp 7 jutaan spek bgtu, lawak","Dari dlu emang seri A5 itu upgrade nya secuil trus, terutama chipset, hp 7 jutaan spek bgtu, lawak",dlu emang seri a5 upgrade cuil trus utama chipset handphone juta spesifikasi bgtu lawak
Kepanjangan ga si videonya?,Kepanjangan ga si videonya?,panjang tidak si video
Mending mana sama S25FE?,Mending mana sama S25FE?,mending mana sama s25fe
"ga worth kalo buat upgrade dari samsung A56 ke A57. harga mepet ke s25 fe, masih belum ada wireless charging, kamera tele, galaxy AI lah minimal kalo harganya mepet2 ke seri S - FE","ga worth kalo buat upgrade dari samsung A56 ke A57. harga mepet ke s25 fe, masih belum ada wireless charging, kamera tele, galaxy AI lah minimal kalo harganya mepet2 ke seri S - FE",tidak worth buat upgrade samsung a56 a57 harga mepet s25 fe masih belum wireless charging kamera tele galaxy ai lah minimal harga mepet2 seri fe
"Kami Yang Sambil Nonton Pakai A56. Mengucapkan : KAMI TIDAK MENYESAL BELI A56 TAHUN LALU 😂, TERNYATA A57 HANYA A56 YG GANTI BAJU AJA 😂","Kami Yang Sambil Nonton Pakai A56. Mengucapkan : KAMI TIDAK MENYESAL BELI A56 TAHUN LALU 😂, TERNYATA A57 HANYA A56 YG GANTI BAJU AJA 😂",kami sambil nonton pakai a56 ucap kami tidak sesal beli a56 tahun lalu nyata a57 hanya a56 ganti baju
Bang David coba review  Samsung Galaxy a37,Bang David coba review Samsung Galaxy a37,david coba review samsung galaxy a37
Bahas Tecno camon 50 bang,Bahas Tecno camon 50 bang,bahas tecno camon 50
Nonton pake samsung A50 si hp saksi perjalananku,Nonton pake samsung A50 si hp saksi perjalananku,nonton pake samsung a50 si handphone saksi jalan
"Msh setia menggunakan a55 baru kebeli di akhir tahun 2025, artinya baru kebeli stlh 2thn-an di rilis.🤭","Msh setia menggunakan a55 baru kebeli di akhir tahun 2025, artinya baru kebeli stlh 2thn-an di rilis.🤭",msh setia guna a55 baru kebel akhir tahun 2025 arti baru kebel stlh 2thn an rilis
Masih bertahan di Samsung A55 sampai sekarang 🙏🏻,Masih bertahan di Samsung A55 sampai sekarang 🙏🏻,masih tahan samsung a55 sampai sekarang
sejauh ini masih suka a55,sejauh ini masih suka a55,jauh masih suka a55
Udah bisa pakai apk black magic camera nga ni bg?,Udah bisa pakai apk black magic camera nga ni bg?,pakai apk black magic camera nga ni bg
heran emg sama orang indo yang selalu liat skor antutu buat ngebanding2in sama hp samsung. apa ngga ngerti dengan istilah All Rounder kali ya,heran emg sama orang indo yang selalu liat skor antutu buat ngebanding2in sama hp samsung. apa ngga ngerti dengan istilah All Rounder kali ya,heran emg sama orang indo selalu liat skor antutu buat ngebanding2in sama handphone samsung apa ngga ngerti istilah all rounder kali
"versi lebih fix aja sih dari A56, tapi rilis di waktu yang ga tepat. MUWAHAL bgt 🥲","versi lebih fix aja sih dari A56, tapi rilis di waktu yang ga tepat. MUWAHAL bgt 🥲",versi lebih fix sih a56 rilis waktu tidak tepat muwahal banget
Bg plis coba riview infinix hot 60i,Bg plis coba riview infinix hot 60i,bg plis coba riview infinix hot 60i
"Bang sesekali spill dong kaos kaosnya yang buat review selama ini, soalnya kaosnya simple dan bagus bagus semua","Bang sesekali spill dong kaos kaosnya yang buat review selama ini, soalnya kaosnya simple dan bagus bagus semua",sekal spill dong kaos kaos buat review lama soal kaos simple bagus bagus semua
Sansung kuarang kuat sinyalnya kl dipedesaan,Sansung kuarang kuat sinyalnya kl dipedesaan,sansung arang kuat sinyal kl desa
Kalau harga 4 jutaan baru waaw ini hp😂,Kalau harga 4 jutaan baru waaw ini hp😂,harga juta baru waaw handphone
Coba dibandingkan dengan hp Vivo v70 yg lebih bagus 🙏,Coba dibandingkan dengan hp Vivo v70 yg lebih bagus 🙏,coba banding handphone vivo v70 lebih bagus
Supaya brand itu melek gak usah beli tuh smartphone. Klo bnyk yg beli mereka bakalan tetap nyantai²😂😂😂,Supaya brand itu melek gak usah beli tuh smartphone. Klo bnyk yg beli mereka bakalan tetap nyantai²😂😂😂,supaya brand melek tidak usah beli tuh smartphone klo bnyk beli bakal tetap nyantai
Bang coba review hp Motorola 5g stylus 2026,Bang coba review hp Motorola 5g stylus 2026,coba review handphone motorola 5g stylus 2026
"Salah satunya pasti karena di bintangi aktor kesukaan aku 🤭🤭siapa lagi kalau bukan maxky ratchata,...tapi mehong bgt😭😭😭😭 untuk dompet tipis dan mending-mending seperti aku","Salah satunya pasti karena di bintangi aktor kesukaan aku 🤭🤭siapa lagi kalau bukan maxky ratchata,...tapi mehong bgt😭😭😭😭 untuk dompet tipis dan mending-mending seperti aku",salah satu pasti karena bintang aktor suka aku siapa lagi bukan maxky ratchata mehong banget dompet tipis mending mending seperti aku
Akhirnya,Akhirnya,akhir
Nonton ini pake Samsung A73 😀,Nonton ini pake Samsung A73 😀,nonton pake samsung a73
"berharap A57 ada perubaha system yg ok dan kwalitas kamera ok , ini sama aja dengan A56 mengecewakan","berharap A57 ada perubaha system yg ok dan kwalitas kamera ok , ini sama aja dengan A56 mengecewakan",harap a57 perubaha system ok kwalitas kamera ok sama a56 kecewa
Nonton pake ip17 basic,Nonton pake ip17 basic,nonton pake ip17 basic
"Sepertinya Samsung kalo buntutnya 7 agak kurengg yaa (kayak Note 7 yang bermasalah, A57 malah kek A56s jatohnya)","Sepertinya Samsung kalo buntutnya 7 agak kurengg yaa (kayak Note 7 yang bermasalah, A57 malah kek A56s jatohnya)",seperti samsung buntut agak kurengg yaa kayak note masalah a57 malah kek a56s jatohnya
"Streaming A52 old,masih oke ☕️","Streaming A52 old,masih oke ☕️",streaming a52 old masih oke
menit 10:42 Terus ngapian nerapin update panjang bang klo samsung nya ngasih batesan dari A56 ke A57😅,menit 10:42 Terus ngapian nerapin update panjang bang klo samsung nya ngasih batesan dari A56 ke A57😅,menit 10 42 terus ngapian nerapin update panjang klo samsung ngasih batesan a56 a57
better Infinix GT30 Pro special edition kalo begitu upgrade + harganya mah 🤣,better Infinix GT30 Pro special edition kalo begitu upgrade + harganya mah 🤣,better infinix gt30 pro special edition begitu upgrade harga mah
"10 tahun ga ber alih dari samsumg se nyaman n se enjoi itu
Pernah pake merek MI. sama Sony 
Akhir nya balik lagi beli Samsung S21 Ultra dan ganti ke S24 U.
S21 ultra skrg di pake ibu masih gacor buat  ngonten atw foto gangs emak emak nya .
Smakin ke sini hp tuh Samsung klo ga IP udah itu ajan😊


Tpi ttp Samsung di hati",10 tahun ga ber alih dari samsumg se nyaman n se enjoi itu Pernah pake merek MI. sama Sony Akhir nya balik lagi beli Samsung S21 Ultra dan ganti ke S24 U. S21 ultra skrg di pake ibu masih gacor buat ngonten atw foto gangs emak emak nya . Smakin ke sini hp tuh Samsung klo ga IP udah itu ajan😊 Tpi ttp Samsung di hati,10 tahun tidak ber alih samsumg se nyaman se enjoi pernah pake merek mi sama sony akhir balik lagi beli samsung s21 ultra ganti s24 s21 ultra skrg pake ibu masih gacor buat ngonten atw foto gangs emak emak smakin sini handphone tuh samsung klo tidak ip ajan tpi ttp samsung hati
"setdknya cam vd 4k/60 fps di A57, tpi 3 genrasi a55,a56,a57 bertahan dimakro. User A55 bagus ambil seri s atau lirik hp lain dah.","setdknya cam vd 4k/60 fps di A57, tpi 3 genrasi a55,a56,a57 bertahan dimakro. User A55 bagus ambil seri s atau lirik hp lain dah.",setdknya cam vd 4k 60 fps a57 tpi genrasi a55 a56 a57 tahan makro user a55 bagus ambil seri lirik handphone lain dah
Masih setia dengan samsung m53 😊,Masih setia dengan samsung m53 😊,masih setia samsung m53
seri A5 kali ini kurang menarik,seri A5 kali ini kurang menarik,seri a5 kali kurang tarik
"Gua masih pake A05s, masih lancar, nanti ganti HP baru klo ini sudah rusak/gangguan bug..
Samsung emang awet sih..","Gua masih pake A05s, masih lancar, nanti ganti HP baru klo ini sudah rusak/gangguan bug.. Samsung emang awet sih..",gua masih pake a05s masih lancar nanti ganti handphone baru klo rusak ganggu bug samsung emang awet sih
"fitur yang paling keren di samsung itu hanya 1, dan ga ada yang konsisten kek samsung. "" LIGHT SABER""  ini yang buat saya tergila-gila (sarkas dengan wajah tersenyum)","fitur yang paling keren di samsung itu hanya 1, dan ga ada yang konsisten kek samsung. "" LIGHT SABER"" ini yang buat saya tergila-gila (sarkas dengan wajah tersenyum)",fitur paling bagus samsung hanya tidak konsisten kek samsung light saber buat gila gila sarkas wajah senyum
Brand bullshit 😂,Brand bullshit 😂,brand bullshit
spek sampah harga mahal 😄😄😄😄,spek sampah harga mahal 😄😄😄😄,spesifikasi sampah harga mahal
"gila samsung overprice bgt skrg, ngerasa beruntung bgt kemaren dpt s25fe harga 7,5","gila samsung overprice bgt skrg, ngerasa beruntung bgt kemaren dpt s25fe harga 7,5",gila samsung overprice banget skrg ngerasa untung banget kemaren dapat s25fe harga
Busyett harganyaaaa,Busyett harganyaaaa,busyett harganyaaaa
Dr Sekian byk kekurangan... Endingnya..  psti tetep jd pling laris.. lol,Dr Sekian byk kekurangan... Endingnya.. psti tetep jd pling laris.. lol,sekian byk kurang endingnya psti tetep jd pling laris lol
Bang review ios dong 😊,Bang review ios dong 😊,review ios dong
Akhirnya bisa beli a54 🙏🙏🙏,Akhirnya bisa beli a54 🙏🙏🙏,akhir beli a54
"masih pake samsung a52s, apakah ada yang sama?","masih pake samsung a52s, apakah ada yang sama?",masih pake samsung a52s apakah sama
Ini konten khusus penyefong Samsung 🗿,Ini konten khusus penyefong Samsung 🗿,konten khusus penyefong samsung
Nggak dapet 512gb lagi? atau bakal nyusul nanti variant 512gb?,Nggak dapet 512gb lagi? atau bakal nyusul nanti variant 512gb?,tidak dapet 512gb lagi bakal nyusul nanti variant 512gb
"nonton pake A56, cukup senyum aja sama keluarga baru samsung welcome A57😂","nonton pake A56, cukup senyum aja sama keluarga baru samsung welcome A57😂",nonton pake a56 cukup senyum sama keluarga baru samsung welcome a57
"Semakin naik angka A semakin sering salah ketik, samsong.","Semakin naik angka A semakin sering salah ketik, samsong.",makin naik angka makin sering salah ketik samsong
"harga nya euhhh bgt, rogo kantong lagi beli s25 fe aja","harga nya euhhh bgt, rogo kantong lagi beli s25 fe aja",harga euhhh banget rogo kantong lagi beli s25 fe
"menurut saya samsung mempunyai icon yang sangat simple dan enak dipandang, jadi I ❤ SAMSUNG","menurut saya samsung mempunyai icon yang sangat simple dan enak dipandang, jadi I ❤ SAMSUNG",turut samsung punya icon sangat simple enak pandang jadi samsung
"Masih stuck di a55,😂😂","Masih stuck di a55,😂😂",masih stuck a55
"Pake A55 dan ga ada yg bkin pengen upgarde ke A56 apalagi A57,,","Pake A55 dan ga ada yg bkin pengen upgarde ke A56 apalagi A57,,",pake a55 tidak bkin ken upgarde a56 apalagi a57
"masih make samsung A55
nunggu sampe bener bener rusak aja baru ganti yg baru wkwkwk",masih make samsung A55 nunggu sampe bener bener rusak aja baru ganti yg baru wkwkwk,masih make samsung a55 nunggu sampe bener bener rusak baru ganti baru wkwkwk
Bang review tecno camon 50 pro 5g,Bang review tecno camon 50 pro 5g,review tecno camon 50 pro 5g
Alhmdllah nonton dg a57😊,Alhmdllah nonton dg a57😊,alhmdllah nonton dg a57
"Kamera macro ganti yg tele, ksh wires cas, hrg y udah 7jt an jg, sung2. Sy cukup setia Ama Samsung perna pakai a3, a51, a72 SMP skrg, udah pengin ganti lihat hrg y dgn spek gitu, JD ragu ni, mening Poco x 8 pro aja kan 5jt an","Kamera macro ganti yg tele, ksh wires cas, hrg y udah 7jt an jg, sung2. Sy cukup setia Ama Samsung perna pakai a3, a51, a72 SMP skrg, udah pengin ganti lihat hrg y dgn spek gitu, JD ragu ni, mening Poco x 8 pro aja kan 5jt an",kamera macro ganti tele ksh wires cas hrg 7jt an juga sung2 sy cukup setia ama samsung perna pakai a3 a51 a72 smp skrg pengin ganti lihat hrg dgn spesifikasi gitu jd ragu ni ning poco pro kan 5jt an
"Ini upgrade design sih emang, cakep","Ini upgrade design sih emang, cakep",upgrade design sih emang cakep
L samsung,L samsung,samsung
Upgradenya cuma upgrade harga ya Samsung kurang ajar,Upgradenya cuma upgrade harga ya Samsung kurang ajar,upgradenya cuma upgrade harga samsung kurang ajar
upgradenya wkwkw,upgradenya wkwkw,upgradenya wkwkw
A55 belum pngen upgrade,A55 belum pngen upgrade,a55 belum pngen upgrade
Masih setia A54 dlu.,Masih setia A54 dlu.,masih setia a54 dlu
Terakhir pake A52 4G. Badak bgt. Tapi skrg 1st gear ke infinix note 60 pro. Karna apa? Karna harga udah ga kuat 😢😂,Terakhir pake A52 4G. Badak bgt. Tapi skrg 1st gear ke infinix note 60 pro. Karna apa? Karna harga udah ga kuat 😢😂,akhir pake a52 4g badak banget skrg 1st gear infinix note 60 pro karna apa karna harga tidak kuat
Nonton pakai A54 yang masih nyaman banget,Nonton pakai A54 yang masih nyaman banget,nonton pakai a54 masih nyaman banget
"Tapi samsung kenapa lemah ya punya gua sinyal nya samsung A56, data seluler cuman 1-3 bar doang 😢","Tapi samsung kenapa lemah ya punya gua sinyal nya samsung A56, data seluler cuman 1-3 bar doang 😢",samsung kenapa lemah punya gua sinyal samsung a56 data seluler cuman bar doang
"ga ada jack 3,5 huuufss","ga ada jack 3,5 huuufss",tidak jack huuufss
"kalo hp samsung seri A mah mending ganti 5 tahun sekali atau kalo urgent hp rusak. tapi kalo buat flagship mending tiap tahun ganti, soalnya mayan banyak promoan😂","kalo hp samsung seri A mah mending ganti 5 tahun sekali atau kalo urgent hp rusak. tapi kalo buat flagship mending tiap tahun ganti, soalnya mayan banyak promoan😂",handphone samsung seri mah mending ganti tahun sekali urgent handphone rusak buat flagship mending tiap tahun ganti soal mayan banyak promoan
"Kenapa samsung gak ada produksi hp kompek di seri A,,,?","Kenapa samsung gak ada produksi hp kompek di seri A,,,?",kenapa samsung tidak produksi handphone kompek seri
MENDING IPHONE 15 SECOND,MENDING IPHONE 15 SECOND,mending iphone 15 second
Alhamdulillah masih setia di A50S 🙏🏻,Alhamdulillah masih setia di A50S 🙏🏻,alhamdulillah masih setia a50s
greenline nggak untuk series A ini?,greenline nggak untuk series A ini?,greenline tidak series
"sebagai pengguna sang legenda A52s cukup kecewa lihat A57, setelah 5 tahun pemakaian akhirnya A52s menyerah di layarnya yg mulai menguning, kadang sering kedip, dan fingerprint jadi mati. Niat hati mau upgrade ke seri A57, tp setelah cek review sana sini sungguh sangat bikin males, kalau bukan karena udah terlanjur nyaman sama One UI pasti pasti dah berpaling ke merk lain","sebagai pengguna sang legenda A52s cukup kecewa lihat A57, setelah 5 tahun pemakaian akhirnya A52s menyerah di layarnya yg mulai menguning, kadang sering kedip, dan fingerprint jadi mati. Niat hati mau upgrade ke seri A57, tp setelah cek review sana sini sungguh sangat bikin males, kalau bukan karena udah terlanjur nyaman sama One UI pasti pasti dah berpaling ke merk lain",bagai guna sang legenda a52s cukup kecewa lihat a57 telah tahun pakai akhir a52s serah layar mulai kuning kadang sering kedip fingerprint jadi mati niat hati mau upgrade seri a57 telah cek review sana sini sungguh sangat bikin males bukan karena lanjur nyaman sama one ui pasti pasti dah paling merk lain
Bang huawei gt runner 2 dong,Bang huawei gt runner 2 dong,huawei gt runner dong
8:26 mahal²😮,8:26 mahal²😮,26 mahal
Nonton dari A52.,Nonton dari A52.,nonton a52
Mending Nunggu HP yang tahan banting - keplindes - air dan terus  hp dimaiNin 24Jam baterai tidak gak terkuras sama sekali + kalau main hp sambil dicas apakah hpnya tidak mengebung dan meledak??!!...(AWET SELAMNYA)🤔🤔🤔,Mending Nunggu HP yang tahan banting - keplindes - air dan terus hp dimaiNin 24Jam baterai tidak gak terkuras sama sekali + kalau main hp sambil dicas apakah hpnya tidak mengebung dan meledak??!!...(AWET SELAMNYA)🤔🤔🤔,mending nunggu handphone tahan banting keplindes air terus handphone dimainin 24jam baterai tidak tidak kuras sama sekali main handphone sambil cas apakah hpnya tidak bung ledak awet selam
maaf gw muak banget sama samsung gitu gitu aja njirrrr pliss lah samsung jangan di zona nyaman terus😭,maaf gw muak banget sama samsung gitu gitu aja njirrrr pliss lah samsung jangan di zona nyaman terus😭,maaf gw muak banget sama samsung gitu gitu njirrrr pliss lah samsung jangan zona nyaman terus
"Nih milenial dan generasi yang lebih tua😂 itu ada trust isu Ama produk China 😂😂😂
Aku genz aja di doktrin 😂😂😂 ortu pilih selain produk China wkwkwk.

Padahal produk China yang mereka sebutkan dan tunjukkan kepada saya ternyata produk produk lokal wkwkwk.

Jadi mereka taunya cuma produk Korea dan Jepang aja selain itu China semua cepet rusak😂😂😂




Jadi mau beli hp nih Abang Abang konternya bilang ini Samsung ini hp China tapi itu merek lokal semua yang dia bilang china😂😂😂",Nih milenial dan generasi yang lebih tua😂 itu ada trust isu Ama produk China 😂😂😂 Aku genz aja di doktrin 😂😂😂 ortu pilih selain produk China wkwkwk. Padahal produk China yang mereka sebutkan dan tunjukkan kepada saya ternyata produk produk lokal wkwkwk. Jadi mereka taunya cuma produk Korea dan Jepang aja selain itu China semua cepet rusak😂😂😂 Jadi mau beli hp nih Abang Abang konternya bilang ini Samsung ini hp China tapi itu merek lokal semua yang dia bilang china😂😂😂,nih milenial generasi lebih tua trust isu ama produk china aku genz doktrin ortu pilih selain produk china wkwkwk padahal produk china sebut tunjuk kepada nyata produk produk lokal wkwkwk jadi tau cuma produk korea jepang selain china semua cepet rusak jadi mau beli handphone nih abang abang konter bilang samsung handphone china merek lokal semua dia bilang china
Tapi kenapa sekarang harga udh kaya flagship mahalll,Tapi kenapa sekarang harga udh kaya flagship mahalll,kenapa sekarang harga kaya flagship mahalll
bang david kapan samsung 26 reguler di bahas pasti rame bang ❤❤❤❤🎉🎉🎉🎉,bang david kapan samsung 26 reguler di bahas pasti rame bang ❤❤❤❤🎉🎉🎉🎉,david kapan samsung 26 reguler bahas pasti rame
Ini hrga  varian tertinggi uda dapat iqoo 12/512  prosesor super dan batre jumbo,Ini hrga varian tertinggi uda dapat iqoo 12/512 prosesor super dan batre jumbo,hrga varian tinggi uda dapat iqoo 12 512 prosesor super batre jumbo
